Date,Open,High,Low,Close,Volume,Log_Return,Volatility_20d
2016-08-08,2183.760009765625,2185.43994140625,2177.85009765625,2180.889892578125,3327550000,,
2016-08-09,2182.239990234375,2187.659912109375,2178.610107421875,2181.739990234375,3334300000,0.00038971798655598234,
2016-08-10,2182.81005859375,2183.409912109375,2172.0,2175.489990234375,3254950000,-0.0028687970634882847,
2016-08-11,2177.969970703125,2188.449951171875,2177.969970703125,2185.7900390625,3423160000,0.004723415102443644,
2016-08-12,2183.739990234375,2186.280029296875,2179.419921875,2184.050048828125,3000660000,-0.0007963633869140575,
2016-08-15,2186.080078125,2193.81005859375,2186.080078125,2190.14990234375,3078530000,0.002789016294521772,
2016-08-16,2186.239990234375,2186.239990234375,2178.139892578125,2178.14990234375,3196400000,-0.0054941422164782264,
2016-08-17,2177.840087890625,2183.080078125,2168.5,2182.219970703125,3388910000,0.0018668460061555662,
2016-08-18,2181.89990234375,2187.030029296875,2180.4599609375,2187.02001953125,3300570000,0.002197201696382422,
2016-08-19,2184.239990234375,2185.0,2175.1298828125,2183.8701171875,3084800000,-0.0014413095687681864,
2016-08-22,2181.580078125,2185.14990234375,2175.9599609375,2182.639892578125,2777550000,-0.0005634818833231075,
2016-08-23,2187.81005859375,2193.419921875,2186.800048828125,2186.89990234375,3041490000,0.001949867178361733,
2016-08-24,2185.090087890625,2186.659912109375,2171.25,2175.43994140625,3148280000,-0.005254055259671874,
2016-08-25,2173.2900390625,2179.0,2169.739990234375,2172.469970703125,2969310000,-0.001366160396645455,
2016-08-26,2175.10009765625,2187.93994140625,2160.389892578125,2169.0400390625,3342340000,-0.001580064238713279,
2016-08-29,2170.18994140625,2183.47998046875,2170.18994140625,2180.3798828125,2654780000,0.005214428428674345,
2016-08-30,2179.449951171875,2182.27001953125,2170.409912109375,2176.1201171875,3006800000,-0.001955591407122778,
2016-08-31,2173.56005859375,2173.7900390625,2161.35009765625,2170.949951171875,3766390000,-0.0023786911055626065,
2016-09-01,2171.330078125,2173.56005859375,2157.090087890625,2170.860107421875,3392120000,-4.138538941144249e-05,
2016-09-02,2177.489990234375,2184.8701171875,2173.590087890625,2179.97998046875,3091120000,0.004192241599034617,
2016-09-06,2181.610107421875,2186.570068359375,2175.10009765625,2186.47998046875,3447650000,0.002977242370005349,0.003065550406999014
2016-09-07,2185.169921875,2187.8701171875,2179.070068359375,2186.159912109375,3319420000,-0.00014639593829345095,0.00306548535764063
2016-09-08,2182.760009765625,2184.93994140625,2177.489990234375,2181.300048828125,3727840000,-0.0022254881924702883,0.003035914183653661
2016-09-09,2169.080078125,2169.080078125,2127.81005859375,2127.81005859375,4233960000,-0.024827742410836417,0.0062130719502219755
2016-09-12,2120.860107421875,2163.300048828125,2119.1201171875,2159.0400390625,4010480000,0.014570387233434434,0.0071620717066420815
2016-09-13,2150.469970703125,2150.469970703125,2120.27001953125,2127.02001953125,4141670000,-0.014941748278210834,0.007793206783831886
2016-09-14,2127.860107421875,2141.330078125,2119.89990234375,2125.77001953125,3664100000,-0.0005878493998128358,0.007736630900167135
2016-09-15,2125.360107421875,2151.31005859375,2122.360107421875,2147.260009765625,3373720000,0.01005851644943989,0.008116024177320297
2016-09-16,2146.47998046875,2146.47998046875,2131.199951171875,2139.159912109375,5014360000,-0.0037794277955721,0.008109595327366135
2016-09-19,2143.989990234375,2153.610107421875,2135.909912109375,2139.1201171875,3141820000,-1.8603233824686035e-05,0.008112741570503472
2016-09-20,2145.93994140625,2150.800048828125,2139.169921875,2139.760009765625,3117380000,0.0002990934842341777,0.008117672597024136
2016-09-21,2144.580078125,2165.110107421875,2139.570068359375,2163.1201171875,3685450000,0.010858000333635954,0.008521912972860559
2016-09-22,2170.93994140625,2179.989990234375,2170.93994140625,2177.179931640625,3523860000,0.006478751917642122,0.008584413743831334
2016-09-23,2173.2900390625,2173.75,2163.969970703125,2164.68994140625,3289860000,-0.005753292959718776,0.008677779923545853
2016-09-26,2158.5400390625,2158.5400390625,2145.0400390625,2146.10009765625,3199910000,-0.008624850117916047,0.008878288150977133
2016-09-27,2146.0400390625,2161.1298828125,2141.550048828125,2159.929931640625,3414090000,0.006423495165298114,0.008923474282612734
2016-09-28,2161.85009765625,2172.39990234375,2151.7900390625,2171.3701171875,3860390000,0.005282576603642458,0.009006494634203601
2016-09-29,2168.89990234375,2172.669921875,2145.199951171875,2151.1298828125,4215620000,-0.009365127730081198,0.009231816387889627
2016-09-30,2156.510009765625,2175.300048828125,2156.510009765625,2168.27001953125,4158800000,0.0079363925880277,0.009421200934538564
2016-10-03,2164.330078125,2164.409912109375,2154.77001953125,2161.199951171875,3113850000,-0.003266023181527122,0.009391602792655301
2016-10-04,2163.3701171875,2165.4599609375,2144.010009765625,2150.489990234375,3716100000,-0.004967881786362002,0.0094077999254878
2016-10-05,2155.14990234375,2163.949951171875,2155.14990234375,2159.72998046875,3883710000,0.004287486231196994,0.00947674283580025
2016-10-06,2158.219970703125,2162.929931640625,2150.280029296875,2160.77001953125,3438040000,0.0004814438526045025,0.009471757435232424
2016-10-07,2164.18994140625,2165.860107421875,2144.85009765625,2153.739990234375,3578770000,-0.0032587874416142044,0.007594693347802418
2016-10-10,2160.389892578125,2169.60009765625,2160.389892578125,2163.659912109375,2881970000,0.004595330317324387,0.00692758065902883
2016-10-11,2161.35009765625,2161.56005859375,2128.840087890625,2136.72998046875,3393060000,-0.012524577697755964,0.006667424746162961
2016-10-12,2137.669921875,2145.360107421875,2132.77001953125,2139.179931640625,2959510000,0.0011459322063988205,0.006667533736410627
2016-10-13,2130.260009765625,2138.18994140625,2114.719970703125,2132.550048828125,3538030000,-0.0031040764122339942,0.006294275545010299
2016-10-14,2139.679931640625,2149.18994140625,2132.97998046875,2132.97998046875,3187910000,0.0002015841591211507,0.006242641700432503
2016-10-17,2132.949951171875,2135.610107421875,2124.429931640625,2126.5,2832440000,-0.0030426181118402627,0.006275960778863384
2016-10-18,2138.31005859375,2144.3798828125,2135.489990234375,2139.60009765625,3172940000,0.00614150560569863,0.006438964355841902
2016-10-19,2140.81005859375,2148.43994140625,2138.14990234375,2144.2900390625,3364990000,0.0021895721553504997,0.005941916957214123
2016-10-20,2142.510009765625,2147.179931640625,2133.43994140625,2141.340087890625,3339320000,-0.0013766711313809553,0.005716037701668083
2016-10-21,2139.429931640625,2142.6298828125,2130.090087890625,2141.159912109375,3456390000,-8.414514015477906e-05,0.0055983943963465645
2016-10-24,2148.5,2154.7900390625,2146.909912109375,2151.330078125,3359950000,0.004738594647427366,0.005376562343302516
2016-10-25,2149.719970703125,2151.43994140625,2141.929931640625,2143.159912109375,3756200000,-0.0038049574647063588,0.005230054791841214
2016-10-26,2136.969970703125,2145.72998046875,2131.590087890625,2139.429931640625,3778120000,-0.001741927921187231,0.005062256050888859
2016-10-27,2144.06005859375,2147.1298828125,2132.52001953125,2133.0400390625,4209400000,-0.0029911959060088668,0.0046766951585334076
2016-10-28,2132.22998046875,2140.719970703125,2119.360107421875,2126.409912109375,4028270000,-0.00311314013962507,0.004272478801581649
2016-10-31,2129.780029296875,2133.25,2125.530029296875,2126.14990234375,3926560000,-0.0001222838841985538,0.004241461375901233
2016-11-01,2128.679931640625,2131.449951171875,2097.85009765625,2111.719970703125,4539190000,-0.006810019108735079,0.00435482001765797
2016-11-02,2109.429931640625,2111.760009765625,2094.0,2097.93994140625,4289120000,-0.006546884453454001,0.0043481620502979984
2016-11-03,2098.800048828125,2102.56005859375,2085.22998046875,2088.659912109375,3892100000,-0.004433213022609399,0.004371990485547941
2016-11-04,2083.7900390625,2099.070068359375,2083.7900390625,2085.179931640625,3841910000,-0.0016675202716929607,0.0043565263363147255
2016-11-07,2100.590087890625,2132.0,2100.590087890625,2131.52001953125,3739720000,0.021980199729464904,0.006742437625220919
2016-11-08,2129.919921875,2146.8701171875,2123.56005859375,2139.56005859375,3921850000,0.0037648783971575305,0.0062076748939776175
2016-11-09,2131.56005859375,2170.10009765625,2125.35009765625,2163.260009765625,6267590000,0.011016119879656035,0.006672936695696741
2016-11-10,2167.489990234375,2182.300048828125,2151.169921875,2167.47998046875,6458450000,0.001948845716095396,0.006622384552718554
2016-11-11,2162.7099609375,2165.919921875,2152.489990234375,2164.449951171875,4993990000,-0.0013989283477976058,0.006639800872512656
2016-11-14,2165.639892578125,2171.360107421875,2156.080078125,2164.199951171875,5373670000,-0.00011550945718323702,0.006584241437937393
2016-11-15,2168.2900390625,2180.840087890625,2166.3798828125,2180.389892578125,4548110000,0.007452955022089459,0.006645656561027834
2016-11-16,2177.530029296875,2179.219970703125,2172.199951171875,2176.93994140625,3847900000,-0.0015835165223759536,0.006661978332622624
2016-11-17,2178.610107421875,2188.06005859375,2176.64990234375,2187.1201171875,3811730000,0.004665469361197901,0.00669710255068349
2016-11-18,2186.85009765625,2189.889892578125,2180.3798828125,2181.89990234375,3580900000,-0.00238965136554844,0.006737511178923703
2016-11-21,2186.429931640625,2198.699951171875,2186.429931640625,2198.179931640625,3611500000,0.007433702070873876,0.006843551419300568
2016-11-22,2201.56005859375,2204.800048828125,2194.510009765625,2202.93994140625,3960520000,0.002163091103593048,0.006748929299502395
2016-11-23,2198.550048828125,2204.719970703125,2194.510009765625,2204.719970703125,3419850000,0.000807698156908801,0.006710916183890807
2016-11-25,2206.27001953125,2213.35009765625,2206.27001953125,2213.35009765625,1584590000,0.003906745613423708,0.006644712516509309
2016-11-28,2210.2099609375,2211.139892578125,2200.360107421875,2201.719970703125,3515100000,-0.0052683892547352165,0.0067461080650622045
2016-11-29,2200.760009765625,2210.4599609375,2198.14990234375,2204.659912109375,3709190000,0.001334402353261901,0.006732791967751082
2016-11-30,2204.969970703125,2214.10009765625,2198.81005859375,2198.81005859375,5538400000,-0.0026569305551563936,0.006513308165069873
2016-12-01,2200.169921875,2202.60009765625,2187.43994140625,2191.080078125,5067470000,-0.003521722966763813,0.006336602038679194
2016-12-02,2191.1201171875,2197.949951171875,2188.3701171875,2191.949951171875,3782370000,0.0003969277200846238,0.00616122906234206
2016-12-05,2200.64990234375,2209.419921875,2199.969970703125,2204.7099609375,3898530000,0.005804426926743671,0.0061271919122660255
2016-12-06,2207.260009765625,2212.780029296875,2202.2099609375,2212.22998046875,3857290000,0.0034050844688746093,0.004155275735416072
2016-12-07,2210.719970703125,2241.6298828125,2208.929931640625,2241.35009765625,4504070000,0.013077358744723351,0.004844728098773174
2016-12-08,2241.1298828125,2251.68994140625,2237.570068359375,2246.18994140625,4203270000,0.0021570150168711013,0.004392011601020318
2016-12-09,2249.72998046875,2259.800048828125,2249.22998046875,2259.530029296875,3886460000,0.005921418532969715,0.0044841077986313566
2016-12-12,2258.830078125,2264.030029296875,2252.3701171875,2256.9599609375,4038850000,-0.001138082290599516,0.00447382539295563
2016-12-13,2263.320068359375,2277.530029296875,2263.320068359375,2271.719970703125,3875630000,0.00651848320123699,0.004546826737579989
2016-12-14,2268.35009765625,2276.199951171875,2248.43994140625,2253.280029296875,4409670000,-0.008150295461858616,0.004958572683544797
2016-12-15,2253.77001953125,2272.1201171875,2253.77001953125,2262.030029296875,4173360000,0.0038757076875535726,0.004921666127679041
2016-12-16,2266.81005859375,2268.050048828125,2254.239990234375,2258.070068359375,5928980000,-0.0017521567509802415,0.004942213766158196
2016-12-19,2259.239990234375,2267.469970703125,2258.2099609375,2262.530029296875,3252840000,0.0019731727152112587,0.0048524930299978595
2016-12-20,2266.5,2272.56005859375,2266.139892578125,2270.760009765625,3306250000,0.0036309124011527547,0.004692586842255946
2016-12-21,2270.5400390625,2271.22998046875,2265.14990234375,2265.179931640625,2854880000,-0.0024603857246776667,0.004777755833106271
2016-12-22,2262.929931640625,2263.179931640625,2256.080078125,2260.9599609375,2880670000,-0.0018647112223965044,0.00483205008464037
2016-12-23,2260.25,2263.7900390625,2258.840087890625,2263.7900390625,2021230000,0.0012509325350792359,0.004791794953827967
2016-12-27,2266.22998046875,2273.820068359375,2266.14990234375,2268.8798828125,1989730000,0.0022458489045486347,0.004552601585773455
2016-12-28,2270.22998046875,2271.31005859375,2249.110107421875,2249.919921875,2402750000,-0.008391640709771516,0.0050624047123119095
2016-12-29,2249.5,2254.510009765625,2244.56005859375,2249.260009765625,2338700000,-0.00029334773186837293,0.004999343178901483
2016-12-30,2251.610107421875,2253.580078125,2233.6201171875,2238.830078125,2671550000,-0.004647834696854234,0.005060508705964129
2017-01-03,2251.570068359375,2263.8798828125,2245.1298828125,2257.830078125,3773010000,0.008450766753157112,0.005317388415925021
2017-01-04,2261.60009765625,2272.820068359375,2261.60009765625,2270.75,3768890000,0.005705963770549438,0.005313218438511117
2017-01-05,2268.179931640625,2271.5,2260.449951171875,2269.0,3785080000,-0.0007709676024811847,0.005315462159588384
2017-01-06,2271.139892578125,2282.10009765625,2264.06005859375,2276.97998046875,3342080000,0.0035107891805790594,0.004575684664806682
2017-01-09,2273.590087890625,2275.489990234375,2268.89990234375,2268.89990234375,3219730000,-0.003554905471559629,0.004663197774408203
2017-01-10,2269.719970703125,2279.27001953125,2265.27001953125,2268.89990234375,3640560000,0.0,0.004485668695859461
2017-01-11,2268.60009765625,2275.320068359375,2260.830078125,2275.320068359375,3625080000,0.0028256423891019514,0.00451060988473724
2017-01-12,2271.139892578125,2271.780029296875,2254.25,2270.43994140625,3466220000,-0.002147112393729617,0.004303927908032757
2017-01-13,2272.739990234375,2278.679931640625,2271.510009765625,2274.639892578125,3090680000,0.0018481313951466559,0.0038696218544631983
2017-01-17,2269.139892578125,2272.080078125,2262.81005859375,2267.889892578125,3586950000,-0.0029719144562184454,0.0038555002398876492
2017-01-18,2269.139892578125,2272.010009765625,2263.35009765625,2271.889892578125,3317670000,0.0017622004698093201,0.0038453067303030604
2017-01-19,2271.89990234375,2274.330078125,2258.409912109375,2263.68994140625,3168390000,-0.003615837624319374,0.003920059544268588
2017-01-20,2269.9599609375,2276.9599609375,2265.010009765625,2271.31005859375,3536850000,0.0033605840612999428,0.003907419874399119
2017-01-23,2267.780029296875,2271.780029296875,2257.02001953125,2265.199951171875,3155240000,-0.002693749646069815,0.003915531756885665
2017-01-24,2267.8798828125,2284.6298828125,2266.679931640625,2280.070068359375,3816950000,0.006543140528962317,0.004149127368945594
2017-01-25,2288.8798828125,2299.550048828125,2288.8798828125,2298.3701171875,3849340000,0.007994052795968681,0.004480842201447823
2017-01-26,2298.6298828125,2300.989990234375,2294.080078125,2296.679931640625,3611510000,-0.0007356549352631034,0.004478332488204356
2017-01-27,2299.02001953125,2299.02001953125,2291.6201171875,2294.68994140625,3137420000,-0.0008668394897415927,0.003969558424401952
2017-01-30,2286.010009765625,2286.010009765625,2268.0400390625,2280.89990234375,3595040000,-0.006027673496096654,0.004263008336571342
2017-01-31,2274.02001953125,2279.090087890625,2267.2099609375,2278.8701171875,4089730000,-0.0008903016080325452,0.004094457501706748
2017-02-01,2285.590087890625,2289.139892578125,2272.43994140625,2279.550048828125,3919190000,0.00029831898811628964,0.003687309410654896
2017-02-02,2276.68994140625,2283.969970703125,2271.64990234375,2280.85009765625,3809760000,0.0005701468386910137,0.003476946179346701
2017-02-03,2288.5400390625,2298.31005859375,2287.8798828125,2297.419921875,3605970000,0.007238496854553608,0.0038025833965017668
2017-02-06,2294.280029296875,2296.179931640625,2288.570068359375,2292.56005859375,3112390000,-0.002117597513709103,0.0037858027961280684
2017-02-07,2295.8701171875,2299.39990234375,2290.159912109375,2293.080078125,3452460000,0.00022680346384577153,0.0036737617217635515
2017-02-08,2289.550048828125,2295.909912109375,2285.3798828125,2294.669921875,3611950000,0.0006930821486096318,0.0036717670938403446
2017-02-09,2296.699951171875,2311.080078125,2296.610107421875,2307.8701171875,3681600000,0.00573606373596025,0.003820741431627914
2017-02-10,2312.27001953125,2319.22998046875,2311.10009765625,2316.10009765625,3496600000,0.0035597068220090916,0.0038092001391091448
2017-02-13,2321.719970703125,2331.580078125,2321.419921875,2328.25,3352370000,0.005232133584011204,0.0039225342658309814
2017-02-14,2326.1201171875,2337.580078125,2322.169921875,2337.580078125,3528040000,0.003999327195672579,0.003844558959107491
2017-02-15,2335.580078125,2351.300048828125,2334.81005859375,2349.25,3785870000,0.00497988866573445,0.003922066574955807
2017-02-16,2349.639892578125,2351.31005859375,2338.8701171875,2347.219970703125,3675900000,-0.0008644916015501692,0.0037721378466219636
2017-02-17,2343.010009765625,2351.159912109375,2339.580078125,2351.159912109375,3516830000,0.001677149327237158,0.0037544994840798614
2017-02-21,2354.909912109375,2366.7099609375,2354.909912109375,2365.3798828125,3587520000,0.0060298500200691545,0.003720392040811004
2017-02-22,2361.110107421875,2365.1298828125,2358.340087890625,2362.820068359375,3473170000,-0.001082786146804093,0.0036378035507422467
2017-02-23,2367.5,2368.260009765625,2355.090087890625,2363.81005859375,4021770000,0.00041889897125923353,0.003339124569770714
2017-02-24,2355.72998046875,2367.340087890625,2352.8701171875,2367.340087890625,3832410000,0.0014922502320316529,0.003300940952227441
2017-02-27,2365.22998046875,2371.5400390625,2361.8701171875,2369.75,3584680000,0.0010174652677336642,0.003255961383988698
2017-02-28,2366.080078125,2367.7900390625,2358.9599609375,2363.639892578125,4212460000,-0.0025817061151949088,0.0029025541157841656
2017-03-01,2380.1298828125,2400.97998046875,2380.1298828125,2395.9599609375,4347630000,0.013581211083725323,0.0038504347348784947
2017-03-02,2394.75,2394.75,2380.169921875,2381.919921875,3824030000,-0.0058771169721052695,0.004262303242368711
2017-03-03,2380.919921875,2383.889892578125,2375.389892578125,2383.1201171875,3556670000,0.0005037503685347897,0.004263662237445443
2017-03-06,2375.22998046875,2378.800048828125,2367.97998046875,2375.31005859375,3251800000,-0.0032826227635658124,0.004257443694657306
2017-03-07,2370.739990234375,2375.1201171875,2365.510009765625,2368.389892578125,3526300000,-0.0029176259020898777,0.004298435604569926
2017-03-08,2369.81005859375,2373.090087890625,2361.010009765625,2362.97998046875,3814080000,-0.002286827964063899,0.004377552282026003
2017-03-09,2363.489990234375,2369.080078125,2354.5400390625,2364.8701171875,3718450000,0.0007995756127663866,0.004376582015289104
2017-03-10,2372.52001953125,2376.860107421875,2363.0400390625,2372.60009765625,3434400000,0.0032633397058585423,0.00428478030471444
2017-03-13,2371.56005859375,2374.419921875,2368.52001953125,2373.469970703125,3166650000,0.0003665656191696328,0.004258818831332689
2017-03-14,2368.550048828125,2368.550048828125,2358.179931640625,2365.449951171875,3173760000,-0.003384748980891005,0.004267786153432027
2017-03-15,2370.340087890625,2390.010009765625,2368.93994140625,2385.260009765625,3909490000,0.008339879124686365,0.004541055764899656
2017-03-16,2387.7099609375,2388.10009765625,2377.179931640625,2381.3798828125,3368880000,-0.0016280347991836145,0.004476918504723846
2017-03-17,2383.7099609375,2385.7099609375,2377.639892578125,2378.25,5179820000,-0.0013151792642314352,0.004486222150056147
2017-03-20,2378.239990234375,2379.550048828125,2369.659912109375,2373.469970703125,3061560000,-0.0020119160803802947,0.004517783958086023
2017-03-21,2379.320068359375,2381.929931640625,2341.89990234375,2344.02001953125,4278890000,-0.012485594590102116,0.005169105377184623
2017-03-22,2343.0,2351.81005859375,2336.449951171875,2348.449951171875,3575160000,0.0018881028474626675,0.005192704978566038
2017-03-23,2345.969970703125,2358.919921875,2342.1298828125,2345.9599609375,3262400000,-0.001060832144830083,0.005192389358141318
2017-03-24,2350.419921875,2356.219970703125,2335.739990234375,2343.97998046875,2978530000,-0.0008443522139384829,0.005174325341387399
2017-03-27,2329.110107421875,2344.89990234375,2322.25,2341.590087890625,3242300000,-0.0010201075858456302,0.005163008187841855
2017-03-28,2339.7900390625,2363.780029296875,2337.6298828125,2358.570068359375,3369120000,0.007225308829623951,0.0054237827329300424
2017-03-29,2356.5400390625,2363.360107421875,2352.93994140625,2361.1298828125,3107670000,0.0010847362038301697,0.004383983719432915
2017-03-30,2361.31005859375,2370.419921875,2358.580078125,2368.06005859375,3159680000,0.0029308109117050134,0.004281140938681213
2017-03-31,2364.820068359375,2370.35009765625,2362.60009765625,2362.719970703125,3356740000,-0.0022575939382668176,0.004298625508378974
2017-04-03,2362.340087890625,2365.8701171875,2344.72998046875,2358.840087890625,3418730000,-0.0016434753080133316,0.004256794549720947
2017-04-04,2354.760009765625,2360.530029296875,2350.719970703125,2360.159912109375,3208340000,0.0005593660746613713,0.004217138299657082
2017-04-05,2366.590087890625,2378.360107421875,2350.52001953125,2352.949951171875,3780650000,-0.003059536811522123,0.004240985514195728
2017-04-06,2353.7900390625,2364.159912109375,2348.89990234375,2357.489990234375,3203250000,0.001927650293734993,0.004262603226145805
2017-04-07,2356.590087890625,2363.760009765625,2350.739990234375,2355.5400390625,3054700000,-0.0008274724629448716,0.004187361292184966
2017-04-10,2357.159912109375,2366.3701171875,2351.5,2357.159912109375,2792570000,0.000687450135783276,0.004190908268021172
2017-04-11,2353.919921875,2355.219970703125,2337.25,2353.780029296875,3120900000,-0.0014349082919582845,0.004138823839506203
2017-04-12,2352.14990234375,2352.719970703125,2341.179931640625,2344.929931640625,3201300000,-0.0037670374189869064,0.003676295273476974
2017-04-13,2341.97998046875,2348.260009765625,2328.949951171875,2328.949951171875,3146380000,-0.006838020289804216,0.003911213505062587
2017-04-17,2332.6201171875,2349.139892578125,2332.510009765625,2349.010009765625,2826890000,0.008576465691107291,0.004469837159458122
2017-04-18,2342.530029296875,2348.35009765625,2334.5400390625,2342.18994140625,3272210000,-0.0029076028458332546,0.004488978464821879
2017-04-19,2346.7900390625,2352.6298828125,2335.050048828125,2338.169921875,3521160000,-0.0017178253968685745,0.0035423486821874427
2017-04-20,2342.68994140625,2361.3701171875,2340.909912109375,2355.840087890625,3648990000,0.0075288503629738525,0.00391591728119285
2017-04-21,2354.739990234375,2356.179931640625,2344.510009765625,2348.68994140625,3524160000,-0.0030396881071153782,0.0039728952182053
2017-04-24,2370.330078125,2376.97998046875,2369.18994140625,2374.14990234375,3711170000,0.010781736588111827,0.004630087603893439
2017-04-25,2381.510009765625,2392.47998046875,2381.14990234375,2388.610107421875,4005820000,0.006072214211751177,0.00476589960427206
2017-04-26,2388.97998046875,2398.159912109375,2386.780029296875,2387.449951171875,4111350000,-0.0004858214756873499,0.004541915133654046
2017-04-27,2389.699951171875,2392.10009765625,2382.679931640625,2388.77001953125,4099940000,0.0005527670002992063,0.004540536949977793
2017-04-28,2393.679931640625,2393.679931640625,2382.360107421875,2384.199951171875,3721350000,-0.0019149794714900413,0.00453788810072622
2017-05-01,2388.5,2394.489990234375,2384.830078125,2388.330078125,3201500000,0.0017307918268938255,0.004505263368577618
2017-05-02,2391.050048828125,2392.929931640625,2385.820068359375,2391.169921875,3861360000,0.0011883435858115294,0.00447747455456176
2017-05-03,2386.5,2389.820068359375,2379.75,2388.1298828125,3896760000,-0.0012721693958273864,0.004498764801279373
2017-05-04,2389.7900390625,2391.429931640625,2380.35009765625,2389.52001953125,4367860000,0.0005819332878695465,0.004416259336789502
2017-05-05,2392.3701171875,2399.2900390625,2389.3798828125,2399.2900390625,3543240000,0.00408035940747836,0.004471814182461673
2017-05-08,2399.93994140625,2401.360107421875,2393.919921875,2399.3798828125,3429990000,3.7445271907879016e-05,0.004458607763095827
2017-05-09,2401.580078125,2403.8701171875,2392.43994140625,2396.919921875,3657840000,-0.0010257745567932176,0.00447975908573611
2017-05-10,2396.7900390625,2399.739990234375,2392.7900390625,2399.6298828125,3649370000,0.0011299627174494742,0.004447916326941366
2017-05-11,2394.840087890625,2395.719970703125,2381.739990234375,2394.43994140625,3727710000,-0.0021651513741066187,0.004372003577081223
2017-05-12,2392.43994140625,2392.43994140625,2387.18994140625,2390.89990234375,3304620000,-0.0014795353407942593,0.00401295792236041
2017-05-15,2393.97998046875,2404.050048828125,2393.93994140625,2402.320068359375,3490080000,0.0047651423030152336,0.0037304078473441725
2017-05-16,2404.550048828125,2405.77001953125,2396.050048828125,2400.669921875,3421810000,-0.0006871330369860457,0.0036360145087493243
2017-05-17,2382.949951171875,2384.8701171875,2356.2099609375,2357.030029296875,4164760000,-0.018345468171115042,0.005675334399877514
2017-05-18,2354.68994140625,2375.739990234375,2352.719970703125,2365.719970703125,4319440000,0.003680038627215951,0.0054829375895988925
2017-05-19,2371.3701171875,2389.06005859375,2370.429931640625,2381.72998046875,3831700000,0.0067447032082007,0.005612764157005785
2017-05-22,2387.2099609375,2395.4599609375,2386.919921875,2394.02001953125,3176580000,0.00514686329600843,0.005206714587292273
2017-05-23,2397.0400390625,2400.85009765625,2393.8798828125,2398.419921875,3216560000,0.0018361851723804105,0.005048297182711125
2017-05-24,2401.409912109375,2405.580078125,2397.989990234375,2404.389892578125,3389240000,0.0024860338045762944,0.005070583450765194
2017-05-25,2409.5400390625,2418.7099609375,2408.010009765625,2415.070068359375,3538210000,0.004432112041978175,0.005152149669403968
2017-05-26,2414.5,2416.679931640625,2412.199951171875,2415.820068359375,2806930000,0.00031050178530242343,0.005120100064911141
2017-05-30,2411.669921875,2415.260009765625,2409.429931640625,2412.909912109375,3205860000,-0.0012053507295338199,0.0051298285298891876
2017-05-31,2415.6298828125,2415.989990234375,2403.590087890625,2411.800048828125,4518040000,-0.0004600746199513276,0.005131631219738921
2017-06-01,2415.64990234375,2430.06005859375,2413.5400390625,2430.06005859375,3860620000,0.0075425955848472245,0.005351605940671915
2017-06-02,2431.280029296875,2440.22998046875,2427.7099609375,2439.070068359375,3465500000,0.00370087461804602,0.005388080582782118
2017-06-05,2437.830078125,2439.550048828125,2434.320068359375,2436.10009765625,2916720000,-0.0012184071404286387,0.005360201955203424
2017-06-06,2431.919921875,2436.2099609375,2428.1201171875,2429.330078125,3376750000,-0.0027829086662040834,0.005417044938635738
2017-06-07,2432.030029296875,2435.280029296875,2424.75,2433.139892578125,3576220000,0.0015670287963475379,0.005406594165499274
2017-06-08,2434.27001953125,2439.27001953125,2427.93994140625,2433.7900390625,3735980000,0.00026716903566476714,0.005406844156479267
2017-06-09,2436.389892578125,2446.199951171875,2415.699951171875,2431.77001953125,4029860000,-0.0008303338661872762,0.005377687842412978
2017-06-12,2425.8798828125,2430.3798828125,2419.969970703125,2429.389892578125,4031840000,-0.0009792424797181137,0.005367810616845641
2017-06-13,2434.14990234375,2441.489990234375,2431.280029296875,2440.35009765625,3278240000,0.00450135884323014,0.005357866167994045
2017-06-14,2443.75,2443.75,2428.340087890625,2437.919921875,3558640000,-0.0009963269653176028,0.005362782271038027
2017-06-15,2424.139892578125,2433.949951171875,2418.530029296875,2432.4599609375,3371980000,-0.002242109796840374,0.0030533784430431085
2017-06-16,2431.239990234375,2433.14990234375,2422.8798828125,2433.14990234375,5299380000,0.00028359915005969524,0.003024455220394852
2017-06-19,2442.550048828125,2453.820068359375,2441.7900390625,2453.4599609375,3271480000,0.008312583206893995,0.0031861373379918605
2017-06-20,2450.659912109375,2450.659912109375,2436.60009765625,2437.030029296875,3422700000,-0.0067191604469316645,0.003551899312941594
2017-06-21,2439.31005859375,2442.22998046875,2430.739990234375,2435.610107421875,3599190000,-0.0005828141932715965,0.0035591735101184515
2017-06-22,2437.39990234375,2441.6201171875,2433.27001953125,2434.5,3477250000,-0.0004558859724380852,0.00354525701226709
2017-06-23,2434.64990234375,2441.39990234375,2431.110107421875,2438.300048828125,5282460000,0.0015596985554090976,0.0034393954581268555
2017-06-26,2443.320068359375,2450.419921875,2437.030029296875,2439.070068359375,3243660000,0.00031575193973236123,0.0034393821501129984
2017-06-27,2436.340087890625,2440.14990234375,2419.3798828125,2419.3798828125,3564770000,-0.008105586575672907,0.00392853072425616
2017-06-28,2428.699951171875,2442.969970703125,2428.02001953125,2440.68994140625,3479980000,0.008769501646551084,0.0043721333567870845
2017-06-29,2442.3798828125,2442.72998046875,2405.699951171875,2419.699951171875,3869560000,-0.008637216844141348,0.004513621651648122
2017-06-30,2429.199951171875,2432.7099609375,2421.64990234375,2423.409912109375,3366030000,0.0015320576108735333,0.004440079159006905
2017-07-03,2431.389892578125,2439.169921875,2428.68994140625,2429.010009765625,1901480000,0.0023081679791475806,0.004472516045826507
2017-07-05,2430.780029296875,2434.89990234375,2422.050048828125,2432.5400390625,3368150000,0.0014522240362887008,0.004441233549590205
2017-07-06,2423.43994140625,2424.280029296875,2407.699951171875,2409.75,3368710000,-0.009412987306866183,0.004900790149676218
2017-07-07,2413.52001953125,2426.919921875,2413.52001953125,2425.179931640625,2929390000,0.006382712569615801,0.005135234970782114
2017-07-10,2424.510009765625,2432.0,2422.27001953125,2427.429931640625,3009880000,0.0009273361035125654,0.005138508248788191
2017-07-11,2427.35009765625,2429.300048828125,2412.7900390625,2425.530029296875,3108800000,-0.0007829870660821734,0.005136906494878503
2017-07-12,2435.75,2445.760009765625,2435.75,2443.25,3176900000,0.007279050947821435,0.0053021674180177055
2017-07-13,2444.989990234375,2449.320068359375,2441.68994140625,2447.830078125,3068510000,0.001872829473473065,0.005310907760877994
2017-07-14,2449.159912109375,2463.5400390625,2446.68994140625,2459.27001953125,2738460000,0.004662616170009233,0.005367726019288978
2017-07-17,2459.5,2462.820068359375,2457.159912109375,2459.139892578125,2800580000,-5.291423670686425e-05,0.005369125911248434
2017-07-18,2455.8798828125,2460.919921875,2450.340087890625,2460.610107421875,2974090000,0.0005976786981109875,0.005048199311055348
2017-07-19,2463.85009765625,2473.830078125,2463.85009765625,2473.830078125,3063810000,0.00535825821605345,0.004904122885341128
2017-07-20,2475.56005859375,2477.6201171875,2468.429931640625,2473.449951171875,3223820000,-0.00015367108860704477,0.0048989234078909314
2017-07-21,2467.39990234375,2472.5400390625,2465.06005859375,2472.5400390625,3066880000,-0.0003679393292088825,0.004897803680932775
2017-07-24,2472.0400390625,2473.10009765625,2466.320068359375,2469.909912109375,3019920000,-0.0010643009954088047,0.0049108116323183125
2017-07-25,2477.8798828125,2481.239990234375,2474.909912109375,2477.1298828125,4116360000,0.002918907519898033,0.004936085343618322
2017-07-26,2479.969970703125,2481.68994140625,2474.93994140625,2477.830078125,3597830000,0.00028262400611947947,0.004476882053668418
2017-07-27,2482.760009765625,2484.0400390625,2459.929931640625,2475.419921875,4035740000,-0.0009731616373937137,0.004125412456663674
2017-07-28,2469.1201171875,2473.530029296875,2464.659912109375,2472.10009765625,3302850000,-0.0013420156781160386,0.003536221791129524
2017-07-31,2475.93994140625,2477.9599609375,2468.530029296875,2470.300048828125,3475930000,-0.0007284108345598019,0.0035567819574273247
2017-08-01,2477.10009765625,2478.510009765625,2471.139892578125,2476.35009765625,3470260000,0.0024461207749384662,0.0035596703192847545
2017-08-02,2480.3798828125,2480.3798828125,2466.47998046875,2477.570068359375,3487150000,0.0004925274073474498,0.0035592265877750604
2017-08-03,2476.030029296875,2476.030029296875,2468.85009765625,2472.159912109375,3662410000,-0.0021860418349456704,0.002724169934275491
2017-08-04,2476.8798828125,2480.0,2472.080078125,2476.830078125,3239980000,0.0018873214175395684,0.002452794692429864
2017-08-07,2477.139892578125,2480.949951171875,2475.8798828125,2480.909912109375,2935130000,0.0016458446442804673,0.0024561062609470812
2017-08-08,2478.35009765625,2490.8701171875,2470.320068359375,2474.919921875,3347480000,-0.002417352230385335,0.002547189684590613
2017-08-09,2465.35009765625,2474.409912109375,2462.080078125,2474.02001953125,3310960000,-0.0003636747927123762,0.002088926052588148
2017-08-10,2465.3798828125,2465.3798828125,2437.75,2438.2099609375,3635820000,-0.01458021840074153,0.003967235294692717
2017-08-11,2441.0400390625,2448.090087890625,2437.85009765625,2441.320068359375,3161830000,0.0012747571279871366,0.003818357504748614
2017-08-14,2454.9599609375,2468.219970703125,2454.9599609375,2465.840087890625,2824320000,0.009993651246049404,0.004467429448094523
2017-08-15,2468.659912109375,2468.89990234375,2461.610107421875,2464.610107421875,2922430000,-0.00049893232688349,0.004468194942340041
2017-08-16,2468.6298828125,2474.929931640625,2463.860107421875,2468.110107421875,2956570000,0.0014190955233323716,0.004307260951565517
2017-08-17,2462.949951171875,2465.02001953125,2430.010009765625,2430.010009765625,3164950000,-0.015557342487191416,0.005520656559651988
2017-08-18,2427.639892578125,2440.27001953125,2420.68994140625,2425.550048828125,3426970000,-0.0018370536613519935,0.005523174830068059
2017-08-21,2425.5,2430.580078125,2417.35009765625,2428.3701171875,2803650000,0.0011619757145661966,0.005543346331229656
2017-08-22,2433.75,2454.77001953125,2433.669921875,2452.510009765625,2780990000,0.009891695260625078,0.0059937094971807305
2017-08-23,2444.8798828125,2448.909912109375,2441.419921875,2444.0400390625,2796950000,-0.0034595701326390073,0.006026333182660596
2017-08-24,2447.909912109375,2450.389892578125,2436.18994140625,2438.969970703125,2849680000,-0.0020766167471384417,0.0060341415617059194
2017-08-25,2444.719970703125,2453.9599609375,2442.219970703125,2443.050048828125,2593350000,0.0016714716689374216,0.006055947311549312
2017-08-28,2447.35009765625,2449.1201171875,2439.030029296875,2444.239990234375,2682920000,0.0004869534732960745,0.006060592279871966
2017-08-29,2431.93994140625,2449.18994140625,2428.199951171875,2446.300048828125,2739460000,0.0008424667620097917,0.006029671011381727
2017-08-30,2446.06005859375,2460.31005859375,2443.77001953125,2457.590087890625,2637780000,0.004604531788061044,0.006138385618014648
2017-08-31,2462.64990234375,2475.010009765625,2462.64990234375,2471.64990234375,3353860000,0.0057046735847135445,0.006270046908562147
2017-09-01,2474.419921875,2480.3798828125,2473.85009765625,2476.550048828125,2712780000,0.001980578042335197,0.0062715668863078345
2017-09-05,2470.35009765625,2471.969970703125,2446.550048828125,2457.85009765625,3502190000,-0.007579458552144929,0.006479515262149368
2017-09-06,2463.830078125,2469.639892578125,2459.199951171875,2465.5400390625,3400200000,0.003123842493144133,0.006510123181647334
2017-09-07,2468.06005859375,2468.6201171875,2460.2900390625,2465.10009765625,3365780000,-0.00017845204485370908,0.006509994646599376
2017-09-08,2462.25,2467.110107421875,2459.39990234375,2461.429931640625,3308360000,-0.001489960143457705,0.005577295058607082
2017-09-11,2474.52001953125,2488.949951171875,2474.52001953125,2488.110107421875,3293460000,0.010780975197147024,0.006035395202144049
2017-09-12,2491.93994140625,2496.77001953125,2490.3701171875,2496.47998046875,3234280000,0.003358302594883113,0.005684209625143149
2017-09-13,2493.889892578125,2498.3701171875,2492.139892578125,2498.3701171875,3371370000,0.0007568342480825294,0.005678161262196667
2017-09-14,2494.56005859375,2498.429931640625,2491.35009765625,2495.6201171875,3422470000,-0.0011013238508279736,0.005688859212191453
2017-09-15,2495.669921875,2500.22998046875,2493.159912109375,2500.22998046875,4862970000,0.001845477546159349,0.004241654606312256
2017-09-18,2502.510009765625,2508.320068359375,2499.919921875,2503.8701171875,3204700000,0.0014548619291293301,0.0041717298628060374
2017-09-19,2506.2900390625,2507.840087890625,2503.18994140625,2506.64990234375,3253760000,0.0011095796167313857,0.004172028560789891
2017-09-20,2506.840087890625,2508.85009765625,2496.669921875,2508.239990234375,3584570000,0.000634146702309437,0.0036874846498225694
2017-09-21,2507.159912109375,2507.159912109375,2499.0,2500.60009765625,2965590000,-0.0030505659469148337,0.0036617746368369664
2017-09-22,2497.260009765625,2503.469970703125,2496.5400390625,2502.219970703125,2877980000,0.0006475839951670207,0.0035855464794850977
2017-09-25,2499.389892578125,2502.5400390625,2488.030029296875,2496.659912109375,3314530000,-0.0022245226998538568,0.0036680498166852048
2017-09-26,2501.0400390625,2503.510009765625,2495.1201171875,2496.840087890625,3070770000,7.216412589487934e-05,0.0036727807096667286
2017-09-27,2503.300048828125,2511.75,2495.909912109375,2507.0400390625,3485070000,0.004076822401987925,0.0037331954569288467
2017-09-28,2503.409912109375,2510.81005859375,2502.929931640625,2510.06005859375,3173030000,0.0012038906289380277,0.0036476963399390532
2017-09-29,2509.9599609375,2519.43994140625,2507.989990234375,2519.360107421875,3220260000,0.0036982630684988258,0.00353909950273566
2017-10-02,2521.199951171875,2529.22998046875,2520.39990234375,2529.1201171875,3226370000,0.0038665188297123134,0.003592557971169594
2017-10-03,2530.340087890625,2535.1298828125,2528.85009765625,2534.580078125,3073480000,0.002156511184660919,0.002966794219372062
2017-10-04,2533.47998046875,2540.530029296875,2531.800048828125,2537.739990234375,3020770000,0.0012459436611136387,0.002943556645072735
2017-10-05,2540.860107421875,2552.510009765625,2540.02001953125,2552.070068359375,3059730000,0.00563090403129274,0.0030594651993313703
2017-10-06,2547.43994140625,2549.409912109375,2543.7900390625,2549.330078125,2898270000,-0.001074211165239725,0.0030377452083566923
2017-10-09,2551.389892578125,2551.820068359375,2541.60009765625,2544.72998046875,2486940000,-0.0018060638680135568,0.0022781153925481704
2017-10-10,2549.989990234375,2555.22998046875,2544.860107421875,2550.639892578125,2962610000,0.0023197196304780643,0.0022359771547320836
2017-10-11,2550.6201171875,2555.239990234375,2547.949951171875,2555.239990234375,2991320000,0.001801882929663564,0.0022404031741929003
2017-10-12,2552.8798828125,2555.330078125,2548.31005859375,2550.929931640625,3157280000,-0.0016881771203513885,0.00227468209526263
2017-10-13,2555.659912109375,2557.64990234375,2552.090087890625,2553.169921875,3150470000,0.0008777220048463043,0.002268184595235475
2017-10-16,2555.570068359375,2559.469970703125,2552.639892578125,2557.639892578125,2918030000,0.0017492225323057532,0.002271918000569639
2017-10-17,2557.169921875,2559.7099609375,2554.68994140625,2559.360107421875,2901890000,0.0006723529054339931,0.0022735427951857293
2017-10-18,2562.8701171875,2564.110107421875,2559.669921875,2561.260009765625,2999320000,0.0007420595113295467,0.0022726555333220755
2017-10-19,2553.389892578125,2562.360107421875,2547.919921875,2562.10009765625,3019520000,0.00032794411501048555,0.0020685362763216667
2017-10-20,2567.56005859375,2575.43994140625,2567.56005859375,2575.2099609375,3394450000,0.005103796185030386,0.002237331983544604
2017-10-23,2578.080078125,2578.2900390625,2564.330078125,2564.97998046875,3214470000,-0.003980395312997195,0.002415922404654693
2017-10-24,2568.659912109375,2572.179931640625,2565.580078125,2569.1298828125,3435660000,0.0016166008745580412,0.0023975466722650205
2017-10-25,2566.52001953125,2567.39990234375,2544.0,2557.14990234375,3885470000,-0.004673955687259985,0.0026713766438908673
2017-10-26,2560.080078125,2567.070068359375,2559.800048828125,2560.39990234375,3891750000,0.0012701392506023993,0.0026716974930797877
2017-10-27,2570.260009765625,2582.97998046875,2565.93994140625,2581.070068359375,3896100000,0.008040609979727099,0.003052439412844863
2017-10-30,2577.75,2580.030029296875,2568.25,2572.830078125,3660230000,-0.0031975773767407194,0.003136410081688717
2017-10-31,2575.989990234375,2578.2900390625,2572.14990234375,2575.260009765625,3844420000,0.0009440129366793155,0.0031216479059012338
2017-11-01,2583.2099609375,2588.39990234375,2574.919921875,2579.360107421875,3841200000,0.0015908441079038695,0.0031252142671916064
2017-11-02,2579.4599609375,2581.110107421875,2566.169921875,2579.85009765625,4050140000,0.00018994776966671517,0.0029134186607140053
2017-11-03,2581.929931640625,2588.419921875,2576.77001953125,2587.840087890625,3568710000,0.003092289326314394,0.002940655529169202
2017-11-06,2587.469970703125,2593.3798828125,2585.659912109375,2591.1298828125,3541970000,0.00127044388477643,0.0028797657028818966
2017-11-07,2592.110107421875,2597.02001953125,2584.35009765625,2590.639892578125,3815190000,-0.00018912080508191734,0.0028694512393578953
2017-11-08,2588.7099609375,2595.469970703125,2585.02001953125,2594.3798828125,3898450000,0.0014426139320604147,0.0028638233798256017
2017-11-09,2584.0,2586.5,2566.330078125,2584.6201171875,3844100000,-0.0037689813393701364,0.002992359584825372
2017-11-10,2580.179931640625,2583.81005859375,2575.570068359375,2582.300048828125,3489740000,-0.0008980469760537102,0.0030117177857627753
2017-11-13,2576.530029296875,2587.659912109375,2574.47998046875,2584.840087890625,3405200000,0.000983150911293032,0.003000745453692698
2017-11-14,2577.75,2579.659912109375,2566.56005859375,2578.8701171875,3643580000,-0.0023122805602819227,0.003066727520475446
2017-11-15,2569.449951171875,2572.840087890625,2557.449951171875,2564.6201171875,3586590000,-0.005540998742123611,0.003337515019941266
2017-11-16,2572.949951171875,2590.090087890625,2572.949951171875,2585.639892578125,3329730000,0.008162652782972403,0.003797964724296984
2017-11-17,2582.93994140625,2583.9599609375,2577.6201171875,2578.85009765625,3309800000,-0.002629416978897395,0.003692194850193269
2017-11-20,2579.489990234375,2584.639892578125,2578.239990234375,2582.139892578125,3023940000,0.0012748698887901106,0.0035738250640317635
2017-11-21,2589.169921875,2601.18994140625,2589.169921875,2599.030029296875,3351230000,0.006519838879752696,0.003825783167206301
2017-11-22,2600.31005859375,2600.93994140625,2595.22998046875,2597.080078125,2764110000,-0.0007505427033295442,0.0036382740207404423
2017-11-24,2600.419921875,2604.2099609375,2600.419921875,2602.419921875,1385890000,0.002053984278231966,0.0036481002379937506
2017-11-27,2602.659912109375,2606.409912109375,2598.8701171875,2601.419921875,3017720000,-0.00038433158680325395,0.0032324486268825686
2017-11-28,2605.93994140625,2627.68994140625,2605.43994140625,2627.0400390625,3493340000,0.009800332196793644,0.0037394959579654897
2017-11-29,2627.820068359375,2634.889892578125,2620.320068359375,2626.070068359375,4090630000,-0.0003692938827907781,0.0037528246171425654
2017-11-30,2633.929931640625,2657.739990234375,2633.929931640625,2647.580078125,4965700000,0.008157586662811174,0.004082178325105651
2017-12-01,2645.10009765625,2650.6201171875,2605.52001953125,2642.219970703125,3950930000,-0.0020265829358053324,0.004143675661303749
2017-12-04,2657.18994140625,2665.18994140625,2639.030029296875,2639.43994140625,4025840000,-0.0010527105492864532,0.004147411693590947
2017-12-05,2639.780029296875,2648.719970703125,2627.72998046875,2629.570068359375,3547570000,-0.003746390525955308,0.004279001690851687
2017-12-06,2626.239990234375,2634.409912109375,2624.75,2629.27001953125,3253080000,-0.00011411217053034995,0.0042781806716393166
2017-12-07,2628.3798828125,2640.989990234375,2626.530029296875,2636.97998046875,3297060000,0.002928067010109385,0.004303836786112068
2017-12-08,2646.2099609375,2651.64990234375,2644.10009765625,2651.5,3126750000,0.005491202035518141,0.004282865928153653
2017-12-11,2652.18994140625,2660.330078125,2651.469970703125,2659.989990234375,3141480000,0.0031968421216958323,0.004271259965606644
2017-12-12,2661.72998046875,2669.719970703125,2659.780029296875,2664.110107421875,3568910000,0.001547723722089516,0.004269654237799012
2017-12-13,2667.590087890625,2671.8798828125,2662.85009765625,2662.85009765625,3568360000,-0.000473068970150185,0.004202263885687368
2017-12-14,2665.8701171875,2668.090087890625,2652.010009765625,2652.010009765625,3442760000,-0.004079167730762682,0.0040824848971998595
2017-12-15,2660.6298828125,2679.6298828125,2659.139892578125,2675.81005859375,5736910000,0.008934313410142761,0.0041501085465081395
2017-12-18,2685.919921875,2694.969970703125,2685.919921875,2690.159912109375,3727770000,0.005348478579597589,0.004093686570360087
2017-12-19,2692.7099609375,2694.43994140625,2680.739990234375,2681.469970703125,3407680000,-0.0032354980431185012,0.0042630146683436095
2017-12-20,2688.179931640625,2691.010009765625,2676.110107421875,2679.25,3246230000,-0.0008282360735725663,0.004158106152786369
2017-12-21,2683.02001953125,2692.639892578125,2682.39990234375,2684.570068359375,3293130000,0.0019836870126583982,0.004124339269901109
2017-12-22,2684.219970703125,2685.35009765625,2678.1298828125,2683.340087890625,2401030000,-0.00045827163811375547,0.004149779431641134
2017-12-26,2679.090087890625,2682.739990234375,2677.9599609375,2680.5,1970660000,-0.0010589757000585695,0.004168866294600985
2017-12-27,2682.10009765625,2685.639892578125,2678.909912109375,2682.6201171875,2202900000,0.0007906283102422613,0.0036828886865854274
2017-12-28,2686.10009765625,2687.659912109375,2682.68994140625,2687.5400390625,2174890000,0.0018323190029195554,0.003671218262981419
2017-12-29,2689.14990234375,2692.1201171875,2673.610107421875,2673.610107421875,2447760000,-0.005196632292748298,0.0035431164210999364
2018-01-02,2683.72998046875,2695.889892578125,2682.360107421875,2695.81005859375,3397430000,0.008269078218398127,0.0038893749443665
2018-01-03,2697.85009765625,2714.3701171875,2697.77001953125,2713.06005859375,3544030000,0.006378433243936035,0.004034792301585851
2018-01-04,2719.31005859375,2729.2900390625,2719.070068359375,2723.989990234375,3697340000,0.004020542855326989,0.0038869371653540478
2018-01-05,2731.330078125,2743.449951171875,2727.919921875,2743.14990234375,3239280000,0.007009145888585348,0.00402953847046704
2018-01-08,2742.669921875,2748.510009765625,2737.60009765625,2747.7099609375,3246160000,0.001660963767296979,0.004026124996546367
2018-01-09,2751.14990234375,2759.139892578125,2747.860107421875,2751.2900390625,3467460000,0.0013020835172984225,0.003946217156991323
2018-01-10,2745.550048828125,2750.800048828125,2736.06005859375,2748.22998046875,3579900000,-0.0011128458115206878,0.003986106144649596
2018-01-11,2752.969970703125,2767.56005859375,2752.780029296875,2767.56005859375,3645690000,0.007009025768882019,0.004163176344009511
2018-01-12,2770.179931640625,2787.85009765625,2769.639892578125,2786.239990234375,3587220000,0.006726926399094035,0.004256977870891239
2018-01-16,2798.9599609375,2807.5400390625,2768.639892578125,2776.419921875,4362880000,-0.0035307132616026696,0.004215524932195425
2018-01-17,2784.989990234375,2807.0400390625,2778.3798828125,2802.56005859375,3790340000,0.009371006206502086,0.004252705829434794
2018-01-18,2802.39990234375,2805.830078125,2792.56005859375,2798.030029296875,3703300000,-0.0016176974974736241,0.004276307023073581
2018-01-19,2802.60009765625,2810.330078125,2798.080078125,2810.300048828125,3724230000,0.004375647986990156,0.004125067184099808
2018-01-22,2809.159912109375,2833.030029296875,2808.1201171875,2832.969970703125,3489480000,0.00803436438221324,0.004240509007834692
2018-01-23,2835.050048828125,2842.239990234375,2830.590087890625,2839.1298828125,3541140000,0.002172004968222319,0.004238834452506507
2018-01-24,2845.419921875,2852.969970703125,2824.81005859375,2837.5400390625,4079270000,-0.0005601325472320471,0.004243013060214071
2018-01-25,2846.239990234375,2848.56005859375,2830.93994140625,2839.25,3873100000,0.0006024393988328895,0.004179400232521012
2018-01-26,2847.47998046875,2872.8701171875,2846.179931640625,2872.8701171875,3474680000,0.011771638106084168,0.004591849743890172
2018-01-29,2867.22998046875,2870.6201171875,2851.47998046875,2853.530029296875,3587420000,-0.006754736284863033,0.005119802788355777
2018-01-30,2832.739990234375,2837.75,2818.27001953125,2822.429931640625,4012070000,-0.010958642805337085,0.0057307761016572294
2018-01-31,2832.409912109375,2839.260009765625,2813.0400390625,2823.81005859375,4276270000,0.0004888658586947881,0.005595924825747649
2018-02-01,2816.449951171875,2835.9599609375,2812.699951171875,2821.97998046875,3977380000,-0.0006482983520233253,0.0055480488661085355
2018-02-02,2808.919921875,2808.919921875,2759.969970703125,2762.1298828125,4340220000,-0.021436680516698812,0.0075950217386849175
2018-02-05,2741.06005859375,2763.389892578125,2638.169921875,2648.93994140625,5310840000,-0.041842540938381426,0.012022508843836146
2018-02-06,2614.780029296875,2701.0400390625,2593.070068359375,2695.139892578125,5917350000,0.017290573348937088,0.012742151040741704
2018-02-07,2690.949951171875,2727.669921875,2681.330078125,2681.659912109375,4646300000,-0.005014138223752627,0.012761240209990867
2018-02-08,2685.010009765625,2685.27001953125,2580.56005859375,2581.0,5333840000,-0.0382590522458017,0.015204639290013738
2018-02-09,2601.780029296875,2638.669921875,2532.68994140625,2619.550048828125,5690110000,0.014825645199524345,0.015575167897462812
2018-02-12,2636.75,2672.610107421875,2622.449951171875,2656.0,4069220000,0.013818665678186272,0.015879976278727084
2018-02-13,2646.27001953125,2668.840087890625,2637.080078125,2662.93994140625,3503540000,0.0026095219802775584,0.015916149081397435
2018-02-14,2651.2099609375,2702.10009765625,2648.8701171875,2698.6298828125,4011940000,0.013313439808897013,0.016088994928164596
2018-02-15,2713.4599609375,2731.510009765625,2689.820068359375,2731.199951171875,3696140000,0.01199686177677526,0.016386367160616467
2018-02-16,2727.139892578125,2754.419921875,2725.110107421875,2732.219970703125,3646920000,0.0003733996499216942,0.016338950107207265
2018-02-20,2722.989990234375,2737.60009765625,2706.760009765625,2716.260009765625,3646920000,-0.005858517106837343,0.016211171308400867
2018-02-21,2720.530029296875,2747.75,2701.2900390625,2701.330078125,3789040000,-0.005511664483310908,0.016195553931149912
2018-02-22,2710.419921875,2731.260009765625,2697.77001953125,2703.9599609375,3720620000,0.0009730774855778604,0.0162087812526411
2018-02-23,2715.800048828125,2747.760009765625,2713.739990234375,2747.300048828125,3200360000,0.015901278245121022,0.01671167794734351
2018-02-26,2757.3701171875,2780.639892578125,2753.780029296875,2779.60009765625,3436590000,0.011688438620627399,0.016708172126749726
2018-02-27,2780.449951171875,2789.14990234375,2744.219970703125,2744.280029296875,3752070000,-0.012788311441467541,0.016858978603001597
2018-02-28,2753.780029296875,2761.52001953125,2713.5400390625,2713.830078125,4244570000,-0.011157806083656078,0.016864636524847557
2018-03-01,2715.219970703125,2730.889892578125,2659.64990234375,2677.669921875,4514490000,-0.013413965854876449,0.01704388069529521
2018-03-02,2658.889892578125,2696.25,2647.320068359375,2691.25,3891250000,0.005058785485198549,0.017126854073924627
2018-03-05,2681.06005859375,2728.090087890625,2675.75,2720.93994140625,3733640000,0.01097161761052657,0.016757254450748306
2018-03-06,2730.179931640625,2732.080078125,2711.260009765625,2728.1201171875,3389030000,0.0026353829319968104,0.013687038416466435
2018-03-07,2710.179931640625,2730.60009765625,2701.739990234375,2726.800048828125,3406690000,-0.000483991825716375,0.013173319915877989
2018-03-08,2732.75,2740.449951171875,2722.64990234375,2738.969970703125,3206040000,0.004453148208884627,0.013131604577824708
2018-03-09,2752.909912109375,2786.570068359375,2751.5400390625,2786.570068359375,3376870000,0.017229546741207587,0.009835913716392542
2018-03-12,2790.5400390625,2796.97998046875,2779.260009765625,2783.02001953125,3216960000,-0.001274797337998416,0.009543275216670952
2018-03-13,2792.31005859375,2801.89990234375,2758.679931640625,2765.31005859375,3324290000,-0.006383910414314703,0.009409105385357216
2018-03-14,2774.06005859375,2777.110107421875,2744.3798828125,2749.47998046875,3394630000,-0.005740969825188786,0.00956538558722947
2018-03-15,2754.27001953125,2763.030029296875,2741.469970703125,2747.330078125,3543710000,-0.0007822363990965508,0.009167863433062645
2018-03-16,2750.570068359375,2761.85009765625,2749.969970703125,2752.010009765625,5429140000,0.0017019979472317418,0.008793030472184035
2018-03-19,2741.3798828125,2741.3798828125,2694.590087890625,2712.919921875,3327460000,-0.014306040541373417,0.009386221187704253
2018-03-20,2715.050048828125,2724.219970703125,2710.050048828125,2716.93994140625,3272590000,0.0014807086617189258,0.009302805493316106
2018-03-21,2714.989990234375,2739.139892578125,2709.7900390625,2711.929931640625,3434780000,-0.0018456921256294063,0.009224013347528412
2018-03-22,2691.360107421875,2695.679931640625,2641.590087890625,2643.68994140625,3765460000,-0.025484886972854417,0.010859046773029925
2018-03-23,2646.7099609375,2657.669921875,2585.889892578125,2588.260009765625,3829380000,-0.02118980731175066,0.010964582368296264
2018-03-26,2619.35009765625,2661.360107421875,2601.81005859375,2658.550048828125,3538080000,0.026795040706035392,0.012448310568738935
2018-03-27,2667.570068359375,2674.780029296875,2596.1201171875,2612.6201171875,3761320000,-0.0174272856453219,0.012696220059067622
2018-03-28,2611.300048828125,2632.64990234375,2593.06005859375,2605.0,3875720000,-0.0029209188994626773,0.012531698075355204
2018-03-29,2614.409912109375,2659.070068359375,2609.719970703125,2640.8701171875,3572360000,0.013675777493843445,0.012701220461299569
2018-04-02,2633.449951171875,2638.300048828125,2553.800048828125,2581.8798828125,3635780000,-0.022590682343495868,0.013520664855069704
2018-04-03,2592.169921875,2619.139892578125,2575.489990234375,2614.449951171875,3395840000,0.012535961315741067,0.013604374118482372
2018-04-04,2584.0400390625,2649.860107421875,2573.610107421875,2644.68994140625,3369230000,0.01150010234644679,0.013904315984128801
2018-04-05,2657.360107421875,2672.080078125,2649.580078125,2662.840087890625,3230430000,0.006839421401651201,0.014029813400746417
2018-04-06,2645.820068359375,2656.8798828125,2586.27001953125,2604.469970703125,3312390000,-0.022164067057064987,0.01471249343201071
2018-04-09,2617.179931640625,2653.550048828125,2610.7900390625,2613.159912109375,3076140000,0.0033309949675928295,0.01404370722963838
2018-04-10,2638.409912109375,2665.449951171875,2635.780029296875,2656.8701171875,3579130000,0.01658859899631407,0.01472496024504938
2018-04-11,2643.889892578125,2661.429931640625,2639.25,2642.18994140625,3054520000,-0.005540685772461173,0.014713913048743681
2018-04-12,2653.830078125,2674.719970703125,2653.830078125,2663.989990234375,3045330000,0.008216898697657044,0.014871154951367687
2018-04-13,2676.89990234375,2680.260009765625,2645.050048828125,2656.300048828125,2988540000,-0.0028907998267066345,0.014872680699845518
2018-04-16,2670.10009765625,2686.489990234375,2665.159912109375,2677.840087890625,3020740000,0.008076336801563068,0.015016680845841346
2018-04-17,2692.739990234375,2713.340087890625,2692.050048828125,2706.389892578125,3286190000,0.01060507161386675,0.014919696718872626
2018-04-18,2710.110107421875,2717.489990234375,2703.6298828125,2708.639892578125,3412030000,0.0008310204075532664,0.014916733938241212
2018-04-19,2701.159912109375,2702.840087890625,2681.89990234375,2693.1298828125,3375120000,-0.00574258179583257,0.014965379630600312
2018-04-20,2692.56005859375,2693.93994140625,2660.610107421875,2670.139892578125,3428260000,-0.008573177188352708,0.01391094492315544
2018-04-23,2675.39990234375,2682.860107421875,2657.989990234375,2670.2900390625,3030390000,5.623011118453955e-05,0.012945326349704595
2018-04-24,2680.800048828125,2683.550048828125,2617.320068359375,2634.56005859375,3716020000,-0.013470888006475166,0.011903352324169902
2018-04-25,2634.919921875,2645.300048828125,2612.669921875,2639.39990234375,3563680000,0.0018353742328236348,0.011217169440649497
2018-04-26,2651.64990234375,2676.47998046875,2647.159912109375,2666.93994140625,3690920000,0.010380144187376953,0.011395932375912972
2018-04-27,2675.469970703125,2677.35009765625,2659.010009765625,2669.909912109375,3234510000,0.001113005271363815,0.011010330723032898
2018-04-30,2682.510009765625,2682.8701171875,2648.0400390625,2648.050048828125,3749510000,-0.008221192548921247,0.009826201178174034
2018-05-01,2642.9599609375,2655.27001953125,2625.409912109375,2654.800048828125,3562820000,0.0025458021710273926,0.009470596729927986
2018-05-02,2654.239990234375,2660.8701171875,2631.699951171875,2635.669921875,4047020000,-0.007231951201402355,0.009277435556237713
2018-05-03,2628.080078125,2637.139892578125,2594.6201171875,2629.72998046875,3867530000,-0.002256217585064076,0.009137586417311272
2018-05-04,2621.449951171875,2670.929931640625,2615.320068359375,2663.419921875,3335260000,0.012729810028334959,0.008078551190927851
2018-05-07,2680.340087890625,2683.35009765625,2664.699951171875,2672.6298828125,3266810000,0.003451980554989958,0.008080339754785502
2018-05-08,2670.260009765625,2676.340087890625,2655.199951171875,2671.919921875,3745100000,-0.0002656766117338216,0.00721532857246016
2018-05-09,2678.1201171875,2701.27001953125,2674.139892578125,2697.7900390625,3913650000,0.009635647934868785,0.007367126345962804
2018-05-10,2705.02001953125,2726.110107421875,2704.5400390625,2723.070068359375,3380640000,0.009327011603848374,0.00742796555347247
2018-05-11,2722.699951171875,2732.860107421875,2717.449951171875,2727.719970703125,2874850000,0.001706139270961256,0.007368971238387164
2018-05-14,2738.469970703125,2742.10009765625,2725.469970703125,2730.1298828125,2994360000,0.0008830995101265589,0.007195698781491794
2018-05-15,2718.590087890625,2718.590087890625,2701.909912109375,2711.449951171875,3291190000,-0.006865655043990812,0.007022437457737478
2018-05-16,2712.6201171875,2727.760009765625,2712.169921875,2722.4599609375,3248480000,0.004052339847514407,0.007076976120063864
2018-05-17,2719.7099609375,2731.9599609375,2711.360107421875,2720.1298828125,3478150000,-0.0008562387886101002,0.006942104683554596
2018-05-18,2717.35009765625,2719.5,2709.179931640625,2712.969970703125,3383270000,-0.0026356652545503154,0.006654737829518937
2018-05-21,2735.389892578125,2739.18994140625,2725.699951171875,2733.010009765625,3053480000,0.007359604547933372,0.0068105834700098265
2018-05-22,2738.340087890625,2742.239990234375,2721.8798828125,2724.43994140625,3384140000,-0.0031406885928751895,0.005984089722189954
2018-05-23,2713.97998046875,2733.330078125,2709.5400390625,2733.2900390625,3333160000,0.0032431452068987514,0.005994317327515582
2018-05-24,2730.93994140625,2731.969970703125,2707.3798828125,2727.760009765625,3285750000,-0.0020252629577225518,0.0056880621349819525
2018-05-25,2723.60009765625,2727.360107421875,2714.989990234375,2721.330078125,3015260000,-0.002360003054185922,0.005741290932986157
2018-05-29,2705.110107421875,2710.669921875,2676.81005859375,2689.860107421875,3743310000,-0.011631572511792225,0.006069403847785357
2018-05-30,2702.429931640625,2729.340087890625,2702.429931640625,2724.010009765625,3566490000,0.012615875351923801,0.006616363520727426
2018-05-31,2720.97998046875,2722.5,2700.679931640625,2705.27001953125,4241100000,-0.006903333243434208,0.006594466694381062
2018-06-01,2718.699951171875,2736.929931640625,2718.699951171875,2734.6201171875,3694310000,0.01079079970923988,0.006863658095128619
2018-06-04,2741.669921875,2749.159912109375,2740.5400390625,2746.8701171875,3410090000,0.004469594898352221,0.006415075692591267
2018-06-05,2748.4599609375,2752.610107421875,2739.510009765625,2748.800048828125,3523550000,0.0007023462695756739,0.006401450323619608
2018-06-06,2753.25,2772.389892578125,2748.4599609375,2772.35009765625,3662780000,0.008530900637311972,0.00658031251478092
2018-06-07,2774.840087890625,2779.89990234375,2760.159912109375,2770.3701171875,3742080000,-0.0007144436219845289,0.006337889811574586
2018-06-08,2765.840087890625,2779.389892578125,2763.590087890625,2779.030029296875,3138850000,0.0031210289077513477,0.006071961886787228
2018-06-11,2780.179931640625,2790.2099609375,2780.169921875,2782.0,3262130000,0.0010681370069403208,0.0060698269287712174
2018-06-12,2785.60009765625,2789.800048828125,2778.780029296875,2786.85009765625,3435700000,0.0017418672787038484,0.0060721037105346595
2018-06-13,2787.93994140625,2791.469970703125,2774.64990234375,2775.6298828125,3820770000,-0.004034254541411457,0.005909196353952853
2018-06-14,2783.2099609375,2789.06005859375,2776.52001953125,2782.489990234375,3540930000,0.002468500522503687,0.005879067686772166
2018-06-15,2777.780029296875,2782.81005859375,2761.72998046875,2779.659912109375,5451990000,-0.00101762031549408,0.0058819902783254
2018-06-18,2765.7900390625,2774.989990234375,2757.1201171875,2773.75,3316120000,-0.002128391180886516,0.005866186060201235
2018-06-19,2752.010009765625,2765.050048828125,2743.18994140625,2762.590087890625,3671160000,-0.004031517951391294,0.005779594534278611
2018-06-20,2769.72998046875,2774.860107421875,2763.909912109375,2767.320068359375,3332140000,0.001710690224112545,0.005718546592188888
2018-06-21,2769.280029296875,2769.280029296875,2744.389892578125,2749.760009765625,3336580000,-0.006365728843220268,0.005901504725953643
2018-06-22,2760.7900390625,2764.169921875,2752.679931640625,2754.8798828125,5468110000,0.0018602032551338834,0.005884846681026942
2018-06-25,2742.93994140625,2742.93994140625,2698.669921875,2717.070068359375,3663280000,-0.013819722967770653,0.006681408019747095
2018-06-26,2722.1201171875,2732.909912109375,2715.60009765625,2723.06005859375,3568900000,0.0022021505056967236,0.006114425094347462
2018-06-27,2728.449951171875,2746.090087890625,2699.3798828125,2699.6298828125,3803990000,-0.008641586313141117,0.00575525897752883
2018-06-28,2698.68994140625,2724.340087890625,2691.989990234375,2716.31005859375,3461100000,0.006159680019031288,0.005725450059858244
2018-06-29,2727.1298828125,2743.260009765625,2718.030029296875,2718.3701171875,3586800000,0.0007581158875170001,0.00516068833583631
2018-07-02,2704.949951171875,2727.260009765625,2698.949951171875,2726.7099609375,3095040000,0.003063260834293461,0.005101550823665641
2018-07-03,2733.27001953125,2736.580078125,2711.159912109375,2713.219970703125,1911460000,-0.004959629280533677,0.005195248337384491
2018-07-05,2724.18994140625,2737.830078125,2716.02001953125,2736.610107421875,2980160000,0.008583856745537827,0.00520018564600528
2018-07-06,2737.679931640625,2764.409912109375,2733.52001953125,2759.820068359375,2590250000,0.00844551760058016,0.005583354949122663
2018-07-09,2775.6201171875,2784.64990234375,2770.72998046875,2784.169921875,3070060000,0.008784290785341506,0.0058950617100442275
2018-07-10,2788.56005859375,2795.580078125,2786.239990234375,2793.840087890625,3080140000,0.003467249318821859,0.005940198031086421
2018-07-11,2779.820068359375,2785.909912109375,2770.77001953125,2774.02001953125,2986180000,-0.007119486371916502,0.0061469858328170885
2018-07-12,2783.139892578125,2799.219970703125,2781.530029296875,2798.2900390625,2834230000,0.0087109915801719,0.0063878525998619295
2018-07-13,2796.929931640625,2804.530029296875,2791.68994140625,2801.31005859375,2619790000,0.0010786555366086475,0.006371780028502432
2018-07-16,2797.360107421875,2801.18994140625,2793.389892578125,2798.429931640625,2819860000,-0.0010286646208985384,0.006371904088471557
2018-07-17,2789.340087890625,2814.18994140625,2789.239990234375,2809.550048828125,3064920000,0.003965824343443431,0.006393505939669359
2018-07-18,2811.35009765625,2816.760009765625,2805.889892578125,2815.6201171875,3111560000,0.0021581820767374625,0.006304604311778119
2018-07-19,2809.3701171875,2812.050048828125,2799.77001953125,2804.489990234375,3278360000,-0.003960826849049506,0.006395515681000613
2018-07-20,2804.550048828125,2809.699951171875,2800.010009765625,2801.830078125,3243250000,-0.0009488977712743676,0.006193516472028302
2018-07-23,2799.169921875,2808.610107421875,2795.139892578125,2806.97998046875,2928490000,0.0018363623432315187,0.006193331919940757
2018-07-24,2820.679931640625,2829.989990234375,2811.1201171875,2820.39990234375,3430410000,0.004769518886053562,0.005173046904313611
2018-07-25,2817.72998046875,2848.030029296875,2817.72998046875,2846.070068359375,3584400000,0.009060435070372713,0.005418000387055415
2018-07-26,2835.489990234375,2845.570068359375,2835.260009765625,2837.43994140625,3667290000,-0.00303690274886736,0.0049521493838158934
2018-07-27,2842.35009765625,2843.169921875,2808.340087890625,2818.820068359375,3434370000,-0.006583834644845457,0.005264998952589413
2018-07-30,2819.0,2821.739990234375,2798.110107421875,2802.60009765625,3261190000,-0.0057707893155871425,0.005532039186080969
2018-07-31,2809.72998046875,2824.4599609375,2808.06005859375,2816.2900390625,3906890000,0.004872837219303094,0.005573154629593248
2018-08-01,2821.169921875,2825.830078125,2805.85009765625,2813.360107421875,3501350000,-0.0010408930675711336,0.005395863502402217
2018-08-02,2800.47998046875,2829.909912109375,2796.340087890625,2827.219970703125,3501380000,0.0049143495822087,0.005212767918230954
2018-08-03,2829.6201171875,2840.3798828125,2827.3701171875,2840.35009765625,3043690000,0.004633432065347987,0.00501638798497439
2018-08-06,2840.2900390625,2853.2900390625,2835.97998046875,2850.39990234375,2879020000,0.003531982650801626,0.004741514419796387
2018-08-07,2855.919921875,2863.429931640625,2855.919921875,2858.449951171875,3185440000,0.0028202017464857678,0.004727240129068811
2018-08-08,2856.7900390625,2862.43994140625,2853.090087890625,2857.699951171875,2978070000,-0.00026241439329510795,0.004328261005484567
2018-08-09,2857.18994140625,2862.47998046875,2851.97998046875,2853.580078125,3066180000,-0.0014427146770399496,0.004020765473443402
2018-08-10,2838.89990234375,2842.199951171875,2825.81005859375,2833.280029296875,3265590000,-0.007139312263244473,0.004410950631958892
2018-08-13,2835.4599609375,2843.39990234375,2819.8798828125,2821.929931640625,3173630000,-0.004014037665980266,0.004517042075633718
2018-08-14,2827.8798828125,2843.110107421875,2826.580078125,2839.9599609375,2986500000,0.006368930016417421,0.004646486371410115
2018-08-15,2827.949951171875,2827.949951171875,2802.489990234375,2818.3701171875,3656680000,-0.007631208581378815,0.00497113635717405
2018-08-16,2831.43994140625,2850.489990234375,2831.43994140625,2840.68994140625,3232000000,0.00788821455263811,0.005170212268194911
2018-08-17,2838.320068359375,2855.6298828125,2833.72998046875,2850.1298828125,3037640000,0.003317606375263089,0.005189132638164936
2018-08-20,2853.929931640625,2859.760009765625,2850.6201171875,2857.050048828125,2757150000,0.002425074902128281,0.005196659210909694
2018-08-21,2861.510009765625,2873.22998046875,2861.320068359375,2862.9599609375,3174010000,0.002066399954627058,0.005124942468293913
2018-08-22,2860.989990234375,2867.5400390625,2856.050048828125,2861.820068359375,2701250000,-0.0003982310542435054,0.004739509404699334
2018-08-23,2860.2900390625,2868.780029296875,2854.030029296875,2856.97998046875,2724450000,-0.0016926939235351061,0.004699419341644344
2018-08-24,2862.35009765625,2876.159912109375,2862.35009765625,2874.68994140625,2603010000,0.006179705928285333,0.004574202832825814
2018-08-27,2884.68994140625,2898.25,2884.68994140625,2896.739990234375,2865070000,0.007641141407110444,0.0045149546394135575
2018-08-28,2901.449951171875,2903.77001953125,2893.5,2897.52001953125,2687770000,0.00026924207759835515,0.004459108449720578
2018-08-29,2900.6201171875,2916.5,2898.39990234375,2914.0400390625,2805520000,0.005685242468911669,0.0045168700053828115
2018-08-30,2908.93994140625,2912.4599609375,2895.219970703125,2901.1298828125,2810450000,-0.004440172044458075,0.004655050855533875
2018-08-31,2898.3701171875,2906.320068359375,2891.72998046875,2901.52001953125,2887220000,0.00013446846730492032,0.00459329045565973
2018-09-04,2896.9599609375,2900.179931640625,2885.1298828125,2896.719970703125,3087420000,-0.0016556920488793076,0.004593143876391495
2018-09-05,2891.590087890625,2894.2099609375,2876.919921875,2888.60009765625,3248780000,-0.002807062801265972,0.004635425442065805
2018-09-06,2888.639892578125,2892.050048828125,2867.2900390625,2878.050048828125,3144240000,-0.0036589910366181576,0.0047270920321179225
2018-09-07,2868.260009765625,2883.81005859375,2864.1201171875,2871.679931640625,2976580000,-0.002215797895014484,0.004745688387806809
2018-09-10,2881.389892578125,2886.929931640625,2875.93994140625,2877.1298828125,2751100000,0.0018960282146933797,0.004417310401054265
2018-09-11,2871.570068359375,2892.52001953125,2866.780029296875,2887.889892578125,2904500000,0.003732865689715426,0.004314377621209623
2018-09-12,2888.2900390625,2894.64990234375,2879.199951171875,2888.919921875,3341280000,0.0003566083498935524,0.004137830870718548
2018-09-13,2896.85009765625,2906.760009765625,2896.389892578125,2904.179931640625,3274090000,0.005268352159391334,0.0037308289136637873
2018-09-14,2906.3798828125,2908.300048828125,2895.77001953125,2904.97998046875,3179410000,0.00027544390076635555,0.003420136096718298
2018-09-17,2903.830078125,2904.64990234375,2886.159912109375,2888.800048828125,2967980000,-0.005585290991549207,0.0036878138279966524
2018-09-18,2890.739990234375,2911.169921875,2890.429931640625,2904.31005859375,3091190000,0.0053546528676252396,0.0038169535675769946
2018-09-19,2906.60009765625,2912.360107421875,2903.820068359375,2907.949951171875,3302460000,0.0012524880331719868,0.0038072954404938337
2018-09-20,2919.72998046875,2934.800048828125,2919.72998046875,2930.75,3406520000,0.00781001418532906,0.004104457739413017
2018-09-21,2936.760009765625,2940.909912109375,2927.110107421875,2929.669921875,5652470000,-0.00036860093700704873,0.004066011052141894
2018-09-24,2921.830078125,2923.7900390625,2912.6298828125,2919.3701171875,3392030000,-0.003521882314013849,0.004026231211605962
2018-09-25,2921.75,2923.949951171875,2913.699951171875,2915.56005859375,3330880000,-0.001305948493117946,0.0037071432086613703
2018-09-26,2916.97998046875,2931.14990234375,2903.280029296875,2905.969970703125,3417540000,-0.003294699681159941,0.0037945304993290923
2018-09-27,2911.64990234375,2927.219970703125,2909.27001953125,2914.0,3101360000,0.0027594762285113967,0.0036222084349684944
2018-09-28,2910.030029296875,2920.530029296875,2907.5,2913.97998046875,3461680000,-6.870144138179519e-06,0.003468624689762311
2018-10-01,2926.2900390625,2937.06005859375,2917.909912109375,2924.590087890625,3375890000,0.0036344923421985013,0.003551336848548236
2018-10-02,2923.800048828125,2931.419921875,2919.3701171875,2923.429931640625,3432620000,-0.0003967689102790794,0.0035241103759798063
2018-10-03,2931.68994140625,2939.860107421875,2921.360107421875,2925.510009765625,3625510000,0.0007112667367183715,0.003439291463998265
2018-10-04,2919.35009765625,2919.780029296875,2883.919921875,2901.610107421875,3510370000,-0.008203035421009815,0.0038619905362268434
2018-10-05,2902.5400390625,2909.639892578125,2869.2900390625,2885.570068359375,3340820000,-0.0055433145846221455,0.0040481461697825395
2018-10-08,2877.530029296875,2889.449951171875,2862.080078125,2884.429931640625,3381820000,-0.000395194708349698,0.0040312373061356325
2018-10-09,2882.510009765625,2894.830078125,2874.27001953125,2880.340087890625,3531690000,-0.0014189098341542976,0.0039525080468831904
2018-10-10,2873.89990234375,2874.02001953125,2784.860107421875,2785.679931640625,4554260000,-0.03341638904260208,0.008421402457463785
2018-10-11,2776.8701171875,2795.139892578125,2710.510009765625,2728.3701171875,4914090000,-0.02078757997254153,0.009242588282135289
2018-10-12,2770.5400390625,2775.77001953125,2729.43994140625,2767.1298828125,4024010000,0.014106235408376288,0.009996834904238952
2018-10-15,2763.830078125,2775.989990234375,2749.030029296875,2750.7900390625,3327160000,-0.005922482291300048,0.010002717540235939
2018-10-16,2767.050048828125,2813.4599609375,2766.909912109375,2809.919921875,3460260000,0.02126782803490127,0.011215401527900626
2018-10-17,2811.669921875,2816.93994140625,2781.81005859375,2809.2099609375,3347090000,-0.0002526942626648821,0.011199925147994751
2018-10-18,2802.0,2806.0400390625,2755.179931640625,2768.780029296875,3639300000,-0.014496490575341185,0.01131031923666436
2018-10-19,2775.659912109375,2797.77001953125,2760.27001953125,2767.780029296875,3593940000,-0.00036123513527937907,0.011310404154589735
2018-10-22,2773.93994140625,2778.93994140625,2749.219970703125,2755.8798828125,3331270000,-0.004308797096477868,0.01131426105790577
2018-10-23,2721.030029296875,2753.590087890625,2691.429931640625,2740.68994140625,4373710000,-0.005527076180694164,0.011322690093544531
2018-10-24,2737.8701171875,2742.590087890625,2651.889892578125,2656.10009765625,4738670000,-0.03135077386114084,0.01296754779015245
2018-10-25,2674.8798828125,2722.699951171875,2667.840087890625,2705.570068359375,4663930000,0.018453717978714167,0.013872924094048575
2018-10-26,2667.860107421875,2692.3798828125,2628.159912109375,2658.68994140625,4804330000,-0.017479138010003174,0.014174272157902712
2018-10-29,2682.64990234375,2706.85009765625,2603.5400390625,2641.25,4701260000,-0.00658120829519397,0.014045996909427138
2018-10-30,2640.679931640625,2685.429931640625,2635.340087890625,2682.6298828125,5125600000,0.015545322971877482,0.014760822700236376
2018-10-31,2705.60009765625,2736.68994140625,2705.60009765625,2711.739990234375,5133380000,0.010792878754571094,0.015108930297548943
2018-11-01,2717.580078125,2741.669921875,2708.85009765625,2740.3701171875,4730250000,0.010502498868529206,0.01539782630509902
2018-11-02,2745.449951171875,2756.550048828125,2700.43994140625,2723.06005859375,4261230000,-0.006336721055879746,0.01540612683811054
2018-11-05,2726.3701171875,2744.27001953125,2717.93994140625,2738.31005859375,3650910000,0.0055846936971941175,0.015514906170568448
2018-11-06,2738.39990234375,2756.820068359375,2737.080078125,2755.449951171875,3543800000,0.0062397877444086355,0.015639588044665614
2018-11-07,2774.1298828125,2815.14990234375,2774.1298828125,2813.889892578125,3929080000,0.020987078560774024,0.014625699716812731
2018-11-08,2806.3798828125,2814.75,2794.989990234375,2806.830078125,3673550000,-0.002512068988491457,0.013771411891475672
2018-11-09,2794.10009765625,2794.10009765625,2764.239990234375,2781.010009765625,4029030000,-0.00924158591537243,0.01362803449367627
2018-11-12,2773.929931640625,2775.989990234375,2722.0,2726.219970703125,3701570000,-0.019898150985467496,0.014302798003959899
2018-11-13,2730.050048828125,2754.60009765625,2714.97998046875,2722.179931640625,4112820000,-0.0014830188221738934,0.013358255881808367
2018-11-14,2737.89990234375,2746.800048828125,2685.75,2701.580078125,4449060000,-0.007596188818450545,0.013420454017920436
2018-11-15,2693.52001953125,2735.3798828125,2670.75,2730.199951171875,4204960000,0.01053803274264194,0.01335631078994717
2018-11-16,2718.5400390625,2746.75,2712.159912109375,2736.27001953125,3996970000,0.002220837537483983,0.013372243731654675
2018-11-19,2730.739990234375,2733.159912109375,2681.090087890625,2690.72998046875,3806940000,-0.016783161235721437,0.013838478830216851
2018-11-20,2654.60009765625,2669.43994140625,2631.52001953125,2641.889892578125,4370820000,-0.018317995556585972,0.01433579460613943
2018-11-21,2657.739990234375,2670.72998046875,2649.820068359375,2649.929931640625,3237400000,0.0030386693107672014,0.012562009000165708
2018-11-23,2633.360107421875,2647.550048828125,2631.090087890625,2632.56005859375,1651680000,-0.006576419711855615,0.011840697489369145
2018-11-26,2649.969970703125,2674.35009765625,2649.969970703125,2673.449951171875,3523520000,0.015412975845366429,0.011769193555053403
2018-11-27,2663.75,2682.530029296875,2655.889892578125,2682.169921875,3494380000,0.003256384364612641,0.011672664655536295
2018-11-28,2691.449951171875,2744.0,2684.3798828125,2743.7900390625,3984540000,0.022714051303113776,0.012246269754604036
2018-11-29,2736.969970703125,2753.75,2722.93994140625,2737.800048828125,3599200000,-0.002185494545393453,0.012049407453970755
2018-11-30,2737.760009765625,2760.8798828125,2732.760009765625,2760.169921875,4668310000,0.008137547716617559,0.011957106713297546
2018-12-03,2790.5,2800.179931640625,2773.3798828125,2790.3701171875,4221580000,0.010882001794362436,0.012068922971301004
2018-12-04,2782.429931640625,2785.929931640625,2697.179931640625,2700.06005859375,4515710000,-0.03290022883855611,0.014213917039472376
2018-12-06,2663.510009765625,2696.14990234375,2621.530029296875,2695.949951171875,5180430000,-0.0015233879141442856,0.014120021827285183
2018-12-07,2691.260009765625,2708.5400390625,2623.139892578125,2633.080078125,4242240000,-0.02359633545632224,0.013969411535702997
2018-12-10,2630.860107421875,2647.510009765625,2583.22998046875,2637.719970703125,4162880000,0.0017606032229163218,0.014015024810207902
2018-12-11,2664.43994140625,2674.35009765625,2621.300048828125,2636.780029296875,3963440000,-0.00035640967530566644,0.01395101117023816
2018-12-12,2658.22998046875,2685.43994140625,2650.260009765625,2651.070068359375,4029300000,0.005404871010351243,0.013443841470990935
2018-12-13,2658.699951171875,2670.18994140625,2637.27001953125,2650.5400390625,3978340000,-0.00019995031241503897,0.013446473685695197
2018-12-14,2629.679931640625,2635.070068359375,2593.840087890625,2599.949951171875,4064370000,-0.019271212268699812,0.013975675953602877
2018-12-17,2590.75,2601.1298828125,2530.5400390625,2545.93994140625,4661420000,-0.020992284828576645,0.014271957937631728
2018-12-18,2559.89990234375,2573.989990234375,2528.7099609375,2546.159912109375,4519190000,8.639685378910398e-05,0.01423490899199886
2018-12-19,2547.050048828125,2585.2900390625,2488.9599609375,2506.9599609375,5152830000,-0.015515459175936802,0.014175819495382961
2018-12-20,2496.77001953125,2509.6298828125,2441.179931640625,2467.419921875,5619780000,-0.015897809484103957,0.01405280011656587
2018-12-21,2465.3798828125,2504.409912109375,2408.550048828125,2416.6201171875,7657890000,-0.02080312049854063,0.014481143334390325
2018-12-24,2400.56005859375,2410.340087890625,2351.10009765625,2351.10009765625,2613670000,-0.02748657287831441,0.015358955160604789
2018-12-26,2363.1201171875,2467.760009765625,2346.580078125,2467.699951171875,4249740000,0.048403177670805035,0.019064950235807173
2018-12-27,2442.5,2489.10009765625,2397.93994140625,2488.830078125,4139010000,0.008526228968816992,0.019206469331350094
2018-12-28,2498.77001953125,2520.27001953125,2472.889892578125,2485.739990234375,3728440000,-0.0012423539102312722,0.01818989697347479
2018-12-31,2498.93994140625,2509.239990234375,2482.820068359375,2506.85009765625,3461920000,0.008456625862206874,0.01842875625772727
2019-01-02,2476.9599609375,2519.489990234375,2467.469970703125,2510.030029296875,3733160000,0.0012676930626261643,0.01824575981712442
2019-01-03,2491.919921875,2493.139892578125,2443.9599609375,2447.889892578125,3858830000,-0.02506833181891511,0.0183949506365376
2019-01-04,2474.330078125,2538.070068359375,2474.330078125,2531.93994140625,4234140000,0.03375939906034647,0.01938135322267112
2019-01-07,2535.610107421875,2566.159912109375,2524.56005859375,2549.68994140625,4133120000,0.006985975995229761,0.019513380139373603
2019-01-08,2568.110107421875,2579.820068359375,2547.56005859375,2574.409912109375,4120060000,0.009648587336497393,0.019058292087927857
2019-01-09,2580.0,2595.320068359375,2568.889892578125,2584.9599609375,4088740000,0.004089671332822161,0.019083961602285558
2019-01-10,2573.510009765625,2597.820068359375,2562.02001953125,2596.639892578125,3721300000,0.004508241374462229,0.019123693154118677
2019-01-11,2588.110107421875,2596.27001953125,2577.39990234375,2596.260009765625,3447460000,-0.0001463085444824661,0.019069608664574952
2019-01-14,2580.31005859375,2589.320068359375,2570.409912109375,2582.610107421875,3689370000,-0.00527139458724949,0.01909149190630003
2019-01-15,2585.10009765625,2613.080078125,2585.10009765625,2610.300048828125,3601180000,0.010664618879761001,0.01877916668458126
2019-01-16,2614.75,2625.760009765625,2612.679931640625,2616.10009765625,3882180000,0.0022195205290883643,0.01810579112682018
2019-01-17,2609.280029296875,2645.06005859375,2606.360107421875,2635.9599609375,3802410000,0.007562730706235749,0.018155240179530054
2019-01-18,2651.27001953125,2675.469970703125,2647.580078125,2670.7099609375,4009010000,0.01309691283985578,0.017849273534938214
2019-01-22,2657.8798828125,2657.8798828125,2617.27001953125,2632.89990234375,3923950000,-0.014258476827972471,0.01776067738618326
2019-01-23,2643.47998046875,2653.18994140625,2612.860107421875,2638.699951171875,3358770000,0.002200489919450871,0.016842431783392304
2019-01-24,2638.840087890625,2647.199951171875,2627.010009765625,2642.330078125,3449230000,0.001374780110977555,0.0151147773279563
2019-01-25,2657.43994140625,2672.3798828125,2657.330078125,2664.760009765625,3821000000,0.008452867700518018,0.011369363873472812
2019-01-28,2644.969970703125,2644.969970703125,2624.06005859375,2643.85009765625,3630820000,-0.007877775848708898,0.011602908659739699
2019-01-29,2644.889892578125,2650.929931640625,2631.050048828125,2640.0,3518070000,-0.0014573079351148383,0.011607164570014088
2019-01-30,2653.6201171875,2690.43994140625,2648.340087890625,2681.050048828125,3883270000,0.015429609891560045,0.011880862605193833
2019-01-31,2685.489990234375,2708.949951171875,2678.64990234375,2704.10009765625,4953800000,0.008560648809767757,0.011925130823123091
2019-02-01,2702.320068359375,2716.659912109375,2696.8798828125,2706.530029296875,3782490000,0.0008982065848071141,0.009860218389544135
2019-02-04,2706.489990234375,2724.989990234375,2698.75,2724.8701171875,3369450000,0.006753381117479676,0.007210920979392483
2019-02-05,2728.340087890625,2738.97998046875,2724.030029296875,2737.699951171875,3597620000,0.0046973704373502,0.007173621851492204
2019-02-06,2735.050048828125,2738.080078125,2724.14990234375,2731.610107421875,3486590000,-0.0022269157175087858,0.007134270863220094
2019-02-07,2717.530029296875,2719.320068359375,2687.260009765625,2706.050048828125,4114040000,-0.009401193202230233,0.007641909976926328
2019-02-08,2692.360107421875,2708.070068359375,2681.830078125,2707.8798828125,3649510000,0.0006759725660127,0.007631373909611641
2019-02-11,2712.39990234375,2718.050048828125,2703.7900390625,2709.800048828125,3395330000,0.0007088518038183947,0.007620529000739674
2019-02-12,2722.610107421875,2748.18994140625,2722.610107421875,2744.72998046875,3843020000,0.012807852902838604,0.007765995039594402
2019-02-13,2750.300048828125,2761.85009765625,2748.6298828125,2753.030029296875,3684910000,0.0030194315937109753,0.007556485075771269
2019-02-14,2743.5,2757.89990234375,2731.22998046875,2745.72998046875,3845390000,-0.0026551633836986214,0.00764954658313454
2019-02-15,2760.239990234375,2775.659912109375,2760.239990234375,2775.60009765625,3648680000,0.010820004664957538,0.0077980763200221495
2019-02-19,2769.280029296875,2787.330078125,2767.2900390625,2779.760009765625,3535270000,0.0014976213265920058,0.007395772176415296
2019-02-20,2779.050048828125,2789.8798828125,2774.06005859375,2784.699951171875,3904830000,0.00177553356074094,0.006333190923789131
2019-02-21,2780.239990234375,2781.580078125,2764.550048828125,2774.8798828125,3598260000,-0.0035326693258413886,0.006489699462075359
2019-02-22,2780.669921875,2794.199951171875,2779.110107421875,2792.669921875,3429350000,0.006390638694710404,0.006539997295108109
2019-02-25,2804.35009765625,2813.489990234375,2794.989990234375,2796.110107421875,3860260000,0.0012311044497517107,0.0064075602027399625
2019-02-26,2792.360107421875,2803.1201171875,2789.469970703125,2793.89990234375,3676200000,-0.0007907696728402984,0.0059913759720649626
2019-02-27,2787.5,2795.760009765625,2775.1298828125,2792.3798828125,3771790000,-0.0005441974362980739,0.005960948701216099
2019-02-28,2788.110107421875,2793.72998046875,2782.510009765625,2784.489990234375,4445780000,-0.002829507598950442,0.005285782239085323
2019-03-01,2798.219970703125,2808.02001953125,2787.3798828125,2803.68994140625,3994950000,0.006871656588713028,0.0051861992385343276
2019-03-04,2814.3701171875,2816.8798828125,2767.659912109375,2792.81005859375,3949730000,-0.003888107395255168,0.00533860081476258
2019-03-05,2794.409912109375,2796.43994140625,2782.969970703125,2789.64990234375,3631380000,-0.001132173489706859,0.005225557905901137
2019-03-06,2790.27001953125,2790.27001953125,2768.68994140625,2771.449951171875,3800180000,-0.00654547360412503,0.005427493157740316
2019-03-07,2766.530029296875,2767.25,2739.090087890625,2748.929931640625,3932150000,-0.008158911138331157,0.005743707688640861
2019-03-08,2730.7900390625,2744.1298828125,2722.27001953125,2743.070068359375,3424300000,-0.0021339641314536495,0.00531012373277649
2019-03-11,2747.610107421875,2784.0,2747.610107421875,2783.300048828125,3764850000,0.014559535563489445,0.006150617110805332
2019-03-12,2787.340087890625,2798.320068359375,2786.72998046875,2791.52001953125,3432340000,0.002948965727805163,0.0061582672959604335
2019-03-13,2799.780029296875,2821.239990234375,2799.780029296875,2810.919921875,3782250000,0.0069255467570192835,0.005713465401699407
2019-03-14,2810.3798828125,2815.0,2803.4599609375,2808.47998046875,3505670000,-0.0008683993315961826,0.005714136632707352
2019-03-15,2810.7900390625,2830.72998046875,2810.7900390625,2822.47998046875,5969780000,0.0049725194084307206,0.005712093368178134
2019-03-18,2822.610107421875,2835.409912109375,2821.989990234375,2832.93994140625,3620770000,0.0036990967989080333,0.005299648696860862
2019-03-19,2840.760009765625,2852.419921875,2823.27001953125,2832.570068359375,3650740000,-0.00013057007992675946,0.005304467886776648
2019-03-20,2831.340087890625,2843.5400390625,2812.429931640625,2824.22998046875,3779160000,-0.002948696740769673,0.005370129468881566
2019-03-21,2819.719970703125,2860.31005859375,2817.3798828125,2854.8798828125,3612620000,0.010794015494689354,0.005719318539056168
2019-03-22,2844.52001953125,2846.159912109375,2800.469970703125,2800.7099609375,4253730000,-0.019156827134273257,0.007209728060181655
2019-03-25,2796.010009765625,2809.7900390625,2785.02001953125,2798.360107421875,3406110000,-0.000839372833310059,0.007208157695247109
2019-03-26,2812.659912109375,2829.8701171875,2803.989990234375,2818.4599609375,3288570000,0.007157052947934055,0.007377039807840659
2019-03-27,2819.719970703125,2825.56005859375,2787.719970703125,2805.3701171875,3422400000,-0.00465514327659887,0.007462611373522406
2019-03-28,2809.39990234375,2819.7099609375,2798.77001953125,2815.43994140625,3185460000,0.0035830547152617266,0.0074619056974144764
2019-03-29,2828.27001953125,2836.030029296875,2819.22998046875,2834.39990234375,3752520000,0.006711706043324668,0.0074548590895164085
2019-04-01,2848.6298828125,2869.39990234375,2848.6298828125,2867.18994140625,3560090000,0.011502195518044496,0.007761231713550857
2019-04-02,2868.239990234375,2872.89990234375,2858.75,2867.239990234375,3267210000,1.7455554858152623e-05,0.007746402693138866
2019-04-03,2876.090087890625,2885.25,2865.169921875,2873.39990234375,3570000000,0.002146072420089187,0.007519341344781065
2019-04-04,2873.989990234375,2881.280029296875,2867.139892578125,2879.389892578125,3038740000,0.0020824652429942735,0.0071443633264331174
2019-04-05,2884.159912109375,2893.239990234375,2882.989990234375,2892.739990234375,3155970000,0.004625717623099122,0.007082272144129171
2019-04-08,2888.4599609375,2895.949951171875,2880.780029296875,2895.77001953125,3056460000,0.0010469117505236662,0.006508242089632009
2019-04-09,2886.580078125,2886.8798828125,2873.330078125,2878.199951171875,3032480000,-0.0060859764356695385,0.006746691575882139
2019-04-10,2881.3701171875,2889.7099609375,2879.1298828125,2888.2099609375,3092230000,0.003471837754499924,0.006644721638953037
2019-04-11,2891.919921875,2893.419921875,2881.989990234375,2888.320068359375,2970650000,3.8122340342693696e-05,0.006631827103409456
2019-04-12,2900.860107421875,2910.5400390625,2898.3701171875,2907.409912109375,3726050000,0.0065875783895457275,0.006687199193939167
2019-04-15,2908.320068359375,2909.60009765625,2896.47998046875,2905.580078125,3114530000,-0.0006295672443571088,0.006681723926757535
2019-04-16,2912.260009765625,2916.06005859375,2900.7099609375,2907.06005859375,3403120000,0.0005092283251399622,0.006676215490449952
2019-04-17,2916.0400390625,2918.0,2895.449951171875,2900.449951171875,3648100000,-0.0022764008207388597,0.006655368497885094
2019-04-18,2904.81005859375,2908.39990234375,2891.89990234375,2905.030029296875,3507100000,0.0015778468242496745,0.006273836157543763
2019-04-22,2898.780029296875,2909.510009765625,2896.35009765625,2907.969970703125,3010130000,0.0010115058169329091,0.004144999322372537
2019-04-23,2909.989990234375,2936.31005859375,2908.530029296875,2933.679931640625,3674480000,0.008802351174995391,0.004366934720555486
2019-04-24,2934.0,2936.830078125,2926.050048828125,2927.25,3468480000,-0.0021941686030362366,0.004326851184709958
2019-04-25,2928.989990234375,2933.10009765625,2912.840087890625,2926.169921875,3440010000,-0.0003690417402728576,0.004084797348606268
2019-04-26,2925.81005859375,2939.8798828125,2917.56005859375,2939.8798828125,3264390000,0.004674350323304823,0.004112732220892107
2019-04-29,2940.580078125,2949.52001953125,2939.35009765625,2943.030029296875,3150390000,0.0010709485042338864,0.003975465343016078
2019-04-30,2937.139892578125,2948.219970703125,2924.110107421875,2945.830078125,3939760000,0.0009509646987914453,0.003268688440254259
2019-05-01,2952.330078125,2954.1298828125,2923.360107421875,2923.72998046875,3669330000,-0.00753044585029134,0.003820196960409321
2019-05-02,2922.159912109375,2931.679931640625,2900.5,2917.52001953125,3802290000,-0.0021262446486827887,0.0038704158984258904
2019-05-03,2929.2099609375,2947.85009765625,2929.2099609375,2945.639892578125,3357180000,0.00959212747891747,0.004340940664365653
2019-05-06,2908.889892578125,2937.320068359375,2898.2099609375,2932.469970703125,3203260000,-0.004481013189072523,0.004432433144994479
2019-05-07,2913.030029296875,2913.030029296875,2862.60009765625,2884.050048828125,3793060000,-0.016649488088905522,0.005884294965112079
2019-05-08,2879.610107421875,2897.9599609375,2873.280029296875,2879.419921875,3543110000,-0.0016067153894199682,0.005731856552716414
2019-05-09,2859.840087890625,2875.969970703125,2836.39990234375,2870.719970703125,3659050000,-0.0030259986619282898,0.005710086600090622
2019-05-10,2863.10009765625,2891.31005859375,2825.389892578125,2881.39990234375,3566780000,0.003713394069918638,0.005780373025452026
2019-05-13,2840.18994140625,2840.18994140625,2801.429931640625,2811.8701171875,3900270000,-0.024426469138497504,0.007720664574019654
2019-05-14,2820.1201171875,2852.5400390625,2820.1201171875,2834.409912109375,3354860000,0.007983987523216093,0.008016374468661106
2019-05-15,2820.3798828125,2858.679931640625,2815.080078125,2850.9599609375,3140900000,0.005821994327723055,0.008164052273793979
2019-05-16,2855.800048828125,2892.14990234375,2855.800048828125,2876.320068359375,3338470000,0.008855957116499086,0.008445259752857752
2019-05-17,2858.60009765625,2885.47998046875,2854.22998046875,2859.530029296875,3316040000,-0.005854437174043804,0.008516051958537005
2019-05-20,2841.93994140625,2853.860107421875,2831.2900390625,2840.22998046875,3293750000,-0.006772257975405369,0.00860679924075331
2019-05-21,2854.02001953125,2868.8798828125,2854.02001953125,2864.360107421875,3223050000,0.008459949093190606,0.008586216960000531
2019-05-22,2856.06005859375,2865.469970703125,2851.110107421875,2856.27001953125,3194000000,-0.0028283923638994365,0.008591268618844168
2019-05-23,2836.699951171875,2836.699951171875,2805.489990234375,2822.239990234375,3899320000,-0.01198569224128196,0.0089167085490738
2019-05-24,2832.409912109375,2841.360107421875,2820.18994140625,2826.06005859375,2889230000,0.0013526437720373175,0.00882001938108576
2019-05-28,2830.030029296875,2840.510009765625,2801.580078125,2802.389892578125,4146980000,-0.008410950000260244,0.008902171439370775
2019-05-29,2790.25,2792.030029296875,2766.06005859375,2783.02001953125,3701110000,-0.00693591016723137,0.008918334509742243
2019-05-30,2786.93994140625,2799.0,2776.739990234375,2788.860107421875,3276030000,0.002096272674997037,0.008911795511446703
2019-05-31,2766.14990234375,2768.97998046875,2750.52001953125,2752.06005859375,3982670000,-0.013283205250452958,0.009239473024152924
2019-06-03,2751.530029296875,2763.070068359375,2728.81005859375,2744.449951171875,3952360000,-0.002769070654307939,0.008759471218221392
2019-06-04,2762.639892578125,2804.489990234375,2762.639892578125,2803.27001953125,3814130000,0.021205927081077776,0.010352173924779788
2019-06-05,2818.090087890625,2827.280029296875,2800.919921875,2826.14990234375,3570760000,0.008128726978813691,0.010015782731639278
2019-06-06,2828.510009765625,2852.10009765625,2822.449951171875,2843.489990234375,3445140000,0.006116840676004416,0.010139856929365379
2019-06-07,2852.8701171875,2884.969970703125,2852.8701171875,2873.340087890625,3244380000,0.010442979247260026,0.010415722756380162
2019-06-10,2885.830078125,2904.77001953125,2885.510009765625,2886.72998046875,3209890000,0.004649220074765499,0.010435150918742458
2019-06-11,2903.27001953125,2910.610107421875,2878.530029296875,2885.719970703125,3551000000,-0.0003499414579512858,0.008702666284139609
2019-06-12,2882.72998046875,2888.570068359375,2874.679931640625,2879.840087890625,3039870000,-0.002039657827237423,0.008585085057937031
2019-06-13,2886.239990234375,2895.239990234375,2881.989990234375,2891.639892578125,3100640000,0.004089010502850191,0.00854030650182272
2019-06-14,2886.820068359375,2894.449951171875,2879.6201171875,2886.97998046875,2992810000,-0.0016128117861529605,0.008332957589254678
2019-06-17,2889.75,2897.27001953125,2887.300048828125,2889.669921875,2828400000,0.0009313154323528439,0.008211371571019144
2019-06-18,2906.7099609375,2930.7900390625,2905.43994140625,2917.75,3441540000,0.009670489592970687,0.008265344002257317
2019-06-19,2920.550048828125,2931.739990234375,2911.429931640625,2926.4599609375,3300220000,0.0029807167930238428,0.008106428536650894
2019-06-20,2949.60009765625,2958.06005859375,2931.5,2954.179931640625,3943060000,0.00942760533587314,0.008257856430020923
2019-06-21,2952.7099609375,2964.14990234375,2946.8701171875,2950.4599609375,5003540000,-0.0012600162797279978,0.007649148958097281
2019-06-24,2951.419921875,2954.919921875,2944.050048828125,2945.35009765625,3136960000,-0.0017333884605870258,0.007698565227689433
2019-06-25,2945.780029296875,2946.52001953125,2916.010009765625,2917.3798828125,3579430000,-0.009541775640387554,0.007783257982565786
2019-06-26,2926.070068359375,2932.590087890625,2912.989990234375,2913.780029296875,3511350000,-0.0012346956788039985,0.0075389128865328975
2019-06-27,2919.659912109375,2929.300048828125,2918.570068359375,2924.919921875,3162500000,0.0038158857925908473,0.007546320782635252
2019-06-28,2932.93994140625,2943.97998046875,2929.050048828125,2941.760009765625,5422650000,0.005740941840599626,0.006608571931392283
2019-07-01,2971.409912109375,2977.929931640625,2952.219970703125,2964.330078125,3524860000,0.007643018610953927,0.006511986595244693
2019-07-02,2964.659912109375,2973.2099609375,2955.919921875,2973.010009765625,3224490000,0.002923847276988696,0.005071903721871821
2019-07-03,2978.080078125,2995.840087890625,2977.9599609375,2995.820068359375,1963570000,0.007643095660684157,0.0050468531180359495
2019-07-05,2984.25,2994.030029296875,2967.969970703125,2990.409912109375,2434680000,-0.0018075342045486649,0.005093115501606271
2019-07-08,2979.77001953125,2980.760009765625,2970.090087890625,2975.949951171875,2922360000,-0.004847173010123794,0.004987540859587882
2019-07-09,2965.52001953125,2981.89990234375,2963.43994140625,2979.6298828125,3033330000,0.0012357930584538906,0.004941458129507838
2019-07-10,2989.300048828125,3002.97998046875,2984.6201171875,2993.070068359375,3157800000,0.004500546936082614,0.004960552141474342
2019-07-11,2999.6201171875,3002.330078125,2988.800048828125,2999.909912109375,3155710000,0.002282619578948549,0.004876707834234437
2019-07-12,3003.360107421875,3013.919921875,3001.8701171875,3013.77001953125,2984140000,0.004609534302066538,0.004889577260323154
2019-07-15,3017.800048828125,3017.800048828125,3008.77001953125,3014.300048828125,2876100000,0.00017585372838413283,0.004834752441048228
2019-07-16,3012.1298828125,3015.02001953125,3001.14990234375,3004.0400390625,3297030000,-0.003409584555010327,0.004987729276524562
2019-07-17,3005.10009765625,3005.260009765625,2984.25,2984.419921875,3185650000,-0.006552665466093182,0.004983670091249279
2019-07-18,2978.8701171875,2998.280029296875,2973.090087890625,2995.110107421875,3369820000,0.0035755977088190827,0.004997056628487317
2019-07-19,3004.260009765625,3006.02001953125,2975.860107421875,2976.610107421875,3285890000,-0.006195889464844692,0.0048556669941280765
2019-07-22,2981.929931640625,2990.7099609375,2976.64990234375,2985.030029296875,3016200000,0.002824701686250326,0.004869020782807532
2019-07-23,2994.739990234375,3005.89990234375,2988.56005859375,3005.469970703125,3333810000,0.00682414513927642,0.0050282057957563965
2019-07-24,2998.77001953125,3019.590087890625,2996.820068359375,3019.56005859375,3433220000,0.004677192813475714,0.00442697884370547
2019-07-25,3016.260009765625,3016.31005859375,2997.239990234375,3003.669921875,3657050000,-0.005276296483599537,0.00465536532975553
2019-07-26,3013.25,3027.97998046875,3012.590087890625,3025.860107421875,3260170000,0.007360535770783042,0.004812234639659236
2019-07-29,3024.469970703125,3025.610107421875,3014.300048828125,3020.969970703125,3224490000,-0.0016174219290574364,0.0047678223554039716
2019-07-30,3007.659912109375,3017.18994140625,3000.93994140625,3013.179931640625,3632770000,-0.0025819853720443708,0.004600352393649
2019-07-31,3016.219970703125,3017.39990234375,2958.080078125,2980.3798828125,4626330000,-0.01094520695213996,0.005263586872656722
2019-08-01,2980.320068359375,3013.590087890625,2945.22998046875,2953.56005859375,4793810000,-0.009039527568806017,0.005330708564772358
2019-08-02,2943.89990234375,2945.5,2914.110107421875,2932.050048828125,3882810000,-0.007309388539565105,0.005528598986645603
2019-08-05,2898.070068359375,2898.070068359375,2822.1201171875,2844.739990234375,4542850000,-0.030230182169694777,0.008549762365976047
2019-08-06,2861.179931640625,2884.39990234375,2847.419921875,2881.77001953125,4156640000,0.012933023911166613,0.00917809082964111
2019-08-07,2858.64990234375,2892.169921875,2825.7099609375,2883.97998046875,4512720000,0.0007665823338588767,0.009083460753162399
2019-08-08,2896.2099609375,2938.719970703125,2894.469970703125,2938.090087890625,4118530000,0.018588462466865085,0.010144335748874635
2019-08-09,2930.510009765625,2935.75,2900.14990234375,2918.64990234375,3356850000,-0.006638593133657111,0.010126357134216826
2019-08-12,2907.070068359375,2907.580078125,2873.139892578125,2882.699951171875,3328570000,-0.012393809115915354,0.010396565994835459
2019-08-13,2880.719970703125,2943.31005859375,2877.050048828125,2926.320068359375,3857190000,0.015018346267301863,0.01108078465711072
2019-08-14,2894.14990234375,2894.14990234375,2839.639892578125,2840.60009765625,4325150000,-0.02973035245453567,0.01274493486160531
2019-08-15,2846.199951171875,2856.669921875,2825.510009765625,2847.60009765625,4041720000,0.0024612366981802422,0.012719526614631904
2019-08-16,2864.739990234375,2893.6298828125,2864.739990234375,2888.679931640625,3524080000,0.014323058172245003,0.01322533482751246
2019-08-19,2913.47998046875,2931.0,2913.47998046875,2923.64990234375,3221050000,0.012033175564397505,0.013540331118546037
2019-08-20,2919.010009765625,2923.6298828125,2899.60009765625,2900.510009765625,3067710000,-0.007946215312115467,0.01349161062530497
2019-08-21,2922.0400390625,2928.72998046875,2917.909912109375,2924.429931640625,3016540000,0.008212979557352937,0.013603343608792135
2019-08-22,2930.93994140625,2939.080078125,2904.510009765625,2922.949951171875,2893660000,-0.00050620295927854,0.013577297729181695
2019-08-23,2911.070068359375,2927.010009765625,2834.969970703125,2847.110107421875,3942520000,-0.02628888112283785,0.0144934919553552
2019-08-26,2866.699951171875,2879.27001953125,2856.0,2878.3798828125,2859790000,0.01092311273079789,0.014825938163207668
2019-08-27,2893.139892578125,2898.7900390625,2860.590087890625,2869.159912109375,3537490000,-0.0032083218005562386,0.014826965320686529
2019-08-28,2861.280029296875,2890.030029296875,2853.050048828125,2887.93994140625,3102480000,0.006524151530562512,0.014814655518351988
2019-08-29,2910.3701171875,2930.5,2905.669921875,2924.580078125,3177150000,0.012607482441094399,0.015029823384257481
2019-08-30,2937.090087890625,2940.429931640625,2913.320068359375,2926.4599609375,3009910000,0.0006425807598767749,0.014944953724583963
2019-09-03,2909.010009765625,2914.389892578125,2891.85009765625,2906.27001953125,3427830000,-0.0069230093326854165,0.013288364487821733
2019-09-04,2924.669921875,2938.840087890625,2921.860107421875,2937.780029296875,3167900000,0.010783725278421427,0.013195744681589083
2019-09-05,2960.60009765625,2985.860107421875,2960.60009765625,2976.0,3902600000,0.01292591292175976,0.0134636330298094
2019-09-06,2980.330078125,2985.030029296875,2972.510009765625,2978.7099609375,3209340000,0.0009101908043767861,0.012854071069137612
2019-09-09,2988.429931640625,2989.429931640625,2969.389892578125,2978.429931640625,4031120000,-9.401467889992668e-05,0.012740581629594095
2019-09-10,2971.010009765625,2979.389892578125,2957.010009765625,2979.389892578125,4393040000,0.0003222524259310153,0.012347504362692935
2019-09-11,2981.409912109375,3000.929931640625,2975.31005859375,3000.929931640625,3934370000,0.0072036723263872,0.012021530427649524
2019-09-12,3009.080078125,3020.739990234375,3000.919921875,3009.570068359375,3796990000,0.0028750162782333164,0.009555802934320366
2019-09-13,3012.2099609375,3017.330078125,3002.89990234375,3007.389892578125,3557010000,-0.0007246768769660504,0.009589804914282858
2019-09-16,2996.409912109375,3002.18994140625,2990.669921875,2997.9599609375,4285860000,-0.0031405129163559896,0.009268313054918991
2019-09-17,2995.669921875,3006.2099609375,2993.72998046875,3005.699951171875,3673250000,0.0025784253724619854,0.008957854631067165
2019-09-18,3001.5,3007.830078125,2978.570068359375,3006.72998046875,3458800000,0.00034263328426719085,0.008691248599000063
2019-09-19,3010.360107421875,3021.989990234375,3003.159912109375,3006.7900390625,3265660000,1.9974521929475905e-05,0.008565158080294892
2019-09-20,3008.419921875,3016.3701171875,2984.679931640625,2992.070068359375,6103440000,-0.004907599104880387,0.008672280770321767
2019-09-23,2983.5,2999.14990234375,2982.22998046875,2991.780029296875,3187250000,-9.694061782751375e-05,0.005814445516869118
2019-09-24,3002.429931640625,3007.97998046875,2957.72998046875,2966.60009765625,3872800000,-0.00845198896355148,0.005945943400009231
2019-09-25,2968.35009765625,2989.820068359375,2952.860107421875,2984.8701171875,3331200000,0.0061396852419639035,0.005922939813183418
2019-09-26,2985.72998046875,2987.280029296875,2963.7099609375,2977.6201171875,3084910000,-0.002431871009613191,0.005899560296391189
2019-09-27,2985.469970703125,2987.31005859375,2945.530029296875,2961.7900390625,3246480000,-0.005330534579128577,0.005474942555352454
2019-09-30,2967.070068359375,2983.85009765625,2967.070068359375,2976.739990234375,3249130000,0.005034910215248393,0.005562773442852381
2019-10-01,2983.68994140625,2992.530029296875,2938.699951171875,2940.25,3560750000,-0.012334126945412846,0.006069341042870607
2019-10-02,2924.780029296875,2924.780029296875,2874.929931640625,2887.610107421875,3914180000,-0.01806540418764383,0.006889703259044524
2019-10-03,2885.3798828125,2911.1298828125,2855.93994140625,2910.6298828125,3515130000,0.007940304773866787,0.006440132808712239
2019-10-04,2918.56005859375,2953.739990234375,2918.56005859375,2952.010009765625,3005600000,0.014116785239259274,0.00728046418923313
2019-10-07,2944.22998046875,2959.75,2935.679931640625,2938.7900390625,2959050000,-0.00448835227368152,0.007335251255261509
2019-10-08,2920.39990234375,2925.469970703125,2892.659912109375,2893.06005859375,3370700000,-0.01568315955210993,0.008058720961695201
2019-10-09,2911.10009765625,2929.320068359375,2907.409912109375,2919.39990234375,2735350000,0.009063296514845923,0.008173970948094118
2019-10-10,2918.550048828125,2948.4599609375,2917.1201171875,2938.1298828125,3234400000,0.0063952024117826045,0.008307167413641237
2019-10-11,2963.070068359375,2993.280029296875,2963.070068359375,2970.27001953125,3581320000,0.010879579673789056,0.008736363040715248
2019-10-14,2965.81005859375,2972.840087890625,2962.93994140625,2966.14990234375,2559270000,-0.0013880816732189801,0.008718533220378162
2019-10-15,2973.610107421875,3003.280029296875,2973.610107421875,2995.679931640625,3345090000,0.009906445376489171,0.009005451530806799
2019-10-16,2989.679931640625,2997.5400390625,2985.199951171875,2989.68994140625,3230320000,-0.002001544553193733,0.009013721222076443
2019-10-17,3000.77001953125,3008.2900390625,2991.7900390625,2997.949951171875,3103470000,0.002759021969775287,0.009039357321368601
2019-10-18,2996.840087890625,3000.0,2976.31005859375,2986.199951171875,3268970000,-0.003927045709799847,0.009014804873006243
2019-10-21,2996.47998046875,3007.330078125,2995.35009765625,3006.719970703125,3271960000,0.006848114105333746,0.009147639597553511
2019-10-22,3010.72998046875,3014.570068359375,2995.0400390625,2995.989990234375,3527540000,-0.003575049258376838,0.00896670216864882
2019-10-23,2994.010009765625,3004.780029296875,2991.2099609375,3004.52001953125,3413600000,0.002843103345830729,0.00888738658341771
2019-10-24,3014.780029296875,3016.070068359375,3000.419921875,3010.2900390625,3696510000,0.0019186046591713529,0.008869502078318462
2019-10-25,3003.320068359375,3027.389892578125,3001.93994140625,3022.550048828125,3379060000,0.004064429510656049,0.008790345020186998
2019-10-28,3032.1201171875,3044.080078125,3032.1201171875,3039.419921875,3524970000,0.0055658199161177,0.00880391349283297
2019-10-29,3035.389892578125,3047.8701171875,3034.81005859375,3036.889892578125,3594430000,-0.0008327519564807664,0.008241905662179154
2019-10-30,3039.739990234375,3050.10009765625,3025.9599609375,3046.77001953125,3779660000,0.0032480894008573105,0.006817943780137462
2019-10-31,3046.89990234375,3046.89990234375,3023.18994140625,3037.56005859375,4149310000,-0.0030274386345390905,0.00681387976981492
2019-11-01,3050.719970703125,3066.949951171875,3050.719970703125,3066.909912109375,3956290000,0.009615930559647514,0.006462571315958002
2019-11-04,3078.9599609375,3085.199951171875,3074.8701171875,3078.27001953125,4178040000,0.0036972458053124275,0.006293061296463422
2019-11-05,3080.800048828125,3083.949951171875,3072.14990234375,3074.6201171875,4490590000,-0.0011864027118206639,0.004758188843023347
2019-11-06,3075.10009765625,3078.340087890625,3065.889892578125,3076.780029296875,4465510000,0.0007022505922896238,0.004564808957970019
2019-11-07,3087.02001953125,3097.77001953125,3080.22998046875,3085.179931640625,4151990000,0.002726375244280665,0.004478233897292495
2019-11-08,3081.25,3093.090087890625,3073.580078125,3093.080078125,3508160000,0.002557403145115828,0.00401570524733276
2019-11-11,3080.330078125,3088.330078125,3075.820068359375,3087.010009765625,3041120000,-0.0019643954133371925,0.004043462971089141
2019-11-12,3089.280029296875,3102.610107421875,3084.72998046875,3091.840087890625,3495560000,0.0015634233012630327,0.0035893785391664192
2019-11-13,3084.179931640625,3098.06005859375,3078.800048828125,3094.0400390625,3513720000,0.0007112815701162954,0.0034969887300085596
2019-11-14,3090.75,3098.199951171875,3083.260009765625,3096.6298828125,3282090000,0.0008366926144567594,0.003493210614436132
2019-11-15,3107.919921875,3120.4599609375,3104.60009765625,3120.4599609375,3359800000,0.007666028777973181,0.0034862834063297296
2019-11-18,3117.909912109375,3124.169921875,3112.06005859375,3122.030029296875,3440140000,0.0005030263228096366,0.0033259548321366494
2019-11-19,3127.449951171875,3127.639892578125,3113.469970703125,3120.179931640625,3613670000,-0.0005927700996925261,0.003129484782645898
2019-11-20,3114.659912109375,3118.969970703125,3091.409912109375,3108.4599609375,4041010000,-0.0037632564209410676,0.0033780159467938393
2019-11-21,3108.489990234375,3110.110107421875,3094.550048828125,3103.5400390625,3744010000,-0.0015840060861895076,0.003456006933330692
2019-11-22,3111.409912109375,3112.8701171875,3099.260009765625,3110.2900390625,3235270000,0.002172573942375937,0.00340841611687862
2019-11-25,3117.43994140625,3133.830078125,3117.43994140625,3133.639892578125,3514310000,0.0074792518874672075,0.0035543242449754733
2019-11-26,3134.85009765625,3142.68994140625,3131.0,3140.52001953125,4600450000,0.0021931636449402277,0.003512775154914231
2019-11-27,3145.489990234375,3154.260009765625,3143.409912109375,3153.6298828125,3035470000,0.0041657356252997445,0.0035402516136328597
2019-11-29,3147.179931640625,3150.300048828125,3139.340087890625,3140.97998046875,1743420000,-0.004019286229989053,0.003616435040230067
2019-12-02,3143.85009765625,3144.31005859375,3110.780029296875,3113.8701171875,3285750000,-0.008668483693963605,0.003809065708180945
2019-12-03,3087.409912109375,3094.969970703125,3070.330078125,3093.199951171875,3671580000,-0.006660225258045148,0.004082922218252555
2019-12-04,3103.5,3119.3798828125,3102.530029296875,3112.760009765625,3702980000,0.006303657608769993,0.004283593819931429
2019-12-05,3119.2099609375,3119.449951171875,3103.760009765625,3117.429931640625,3360480000,0.0014991269266302707,0.004288137830591852
2019-12-06,3134.6201171875,3150.60009765625,3134.6201171875,3145.909912109375,3483310000,0.009094246030426013,0.004669391160986989
2019-12-09,3141.860107421875,3148.8701171875,3135.4599609375,3135.9599609375,3400470000,-0.003167833684474369,0.0047421809158709124
2019-12-10,3135.360107421875,3142.1201171875,3126.090087890625,3132.52001953125,3346310000,-0.0010975361689841293,0.0047205708475120635
2019-12-11,3135.75,3143.97998046875,3133.2099609375,3141.6298828125,3257650000,0.0029039375293507703,0.004742467090871852
2019-12-12,3141.22998046875,3176.280029296875,3138.469970703125,3168.570068359375,4003200000,0.008538667375555057,0.0050480006756994655
2019-12-13,3166.64990234375,3182.679931640625,3156.510009765625,3168.800048828125,3757650000,7.25791502146863e-05,0.00505370485525675
2019-12-16,3183.6298828125,3197.7099609375,3183.6298828125,3191.449951171875,4070200000,0.007122360942542787,0.005018159163311647
2019-12-17,3195.39990234375,3198.219970703125,3191.030029296875,3192.52001953125,3842940000,0.0003352360284609262,0.00501939338699115
2019-12-18,3195.2099609375,3198.47998046875,3191.139892578125,3191.139892578125,4029950000,-0.0004323936405227425,0.005016646586916836
2019-12-19,3192.320068359375,3205.47998046875,3192.320068359375,3205.3701171875,3784360000,0.004449378821864254,0.004930903859027224
2019-12-20,3223.330078125,3225.64990234375,3216.030029296875,3221.219970703125,6457480000,0.004932595804334098,0.00492926011052734
2019-12-23,3226.050048828125,3227.780029296875,3222.300048828125,3224.010009765625,3064530000,0.0008657687142985109,0.00493356972894209
2019-12-24,3225.449951171875,3226.429931640625,3220.510009765625,3223.3798828125,1296530000,-0.00019546730246814044,0.004763766225246516
2019-12-26,3227.199951171875,3240.080078125,3227.199951171875,3239.909912109375,2164540000,0.005115062410053991,0.004833288509714681
2019-12-27,3247.22998046875,3247.929931640625,3234.3701171875,3240.02001953125,2429150000,3.3984139657930306e-05,0.004804167391701217
2019-12-30,3240.090087890625,3240.919921875,3216.570068359375,3221.2900390625,3021720000,-0.005797596079349905,0.00492376487622723
2019-12-31,3215.179931640625,3231.719970703125,3212.030029296875,3230.780029296875,2894760000,0.002941690644190719,0.0043412622108220215
2020-01-02,3244.669921875,3258.139892578125,3235.530029296875,3257.85009765625,3459930000,0.008343895362316707,0.00408327367485083
2020-01-03,3226.360107421875,3246.14990234375,3222.340087890625,3234.85009765625,3484700000,-0.007084909364954553,0.004517343416694871
2020-01-06,3217.550048828125,3246.840087890625,3214.639892578125,3246.280029296875,3702460000,0.003527145194272564,0.004530056437935111
2020-01-07,3241.860107421875,3244.909912109375,3232.429931640625,3237.179931640625,3435910000,-0.0028071750845948405,0.004329830839972469
2020-01-08,3238.590087890625,3267.070068359375,3236.669921875,3253.050048828125,3726840000,0.004890473485641129,0.004253727432337605
2020-01-09,3266.030029296875,3275.580078125,3263.669921875,3274.699951171875,3641230000,0.006633214116906491,0.004324089878583383
2020-01-10,3281.81005859375,3282.989990234375,3260.860107421875,3265.35009765625,3214580000,-0.0028592624875049015,0.004465782585561715
2020-01-13,3271.1298828125,3288.1298828125,3268.429931640625,3288.1298828125,3459390000,0.006951994045933256,0.004354943573880615
2020-01-14,3285.35009765625,3294.25,3277.18994140625,3283.14990234375,3687620000,-0.0015156808368957204,0.004403310464737585
2020-01-15,3282.27001953125,3298.659912109375,3280.68994140625,3289.2900390625,3721490000,0.0018684502436879626,0.004220263766044189
2020-01-16,3302.969970703125,3317.110107421875,3302.820068359375,3316.81005859375,3540580000,0.008331747422232019,0.0044742757837877584
2020-01-17,3323.659912109375,3329.8798828125,3318.860107421875,3329.6201171875,3726220000,0.003854723247485144,0.004458834761289361
2020-01-21,3321.030029296875,3329.7900390625,3316.610107421875,3320.7900390625,4104840000,-0.002655500369585384,0.004545994396061356
2020-01-22,3330.02001953125,3337.77001953125,3320.0400390625,3321.75,3623780000,0.00028903429668107475,0.004494188131324997
2020-01-23,3315.77001953125,3326.8798828125,3301.8701171875,3325.5400390625,3766710000,0.001140326193358241,0.004492450232088727
2020-01-24,3333.10009765625,3333.179931640625,3281.530029296875,3295.469970703125,3708780000,-0.009083289426193788,0.005075929040440879
2020-01-27,3247.159912109375,3258.85009765625,3234.5,3243.6298828125,3831050000,-0.015855752356844034,0.006237291318143178
2020-01-28,3255.35009765625,3285.780029296875,3253.219970703125,3276.239990234375,3531570000,0.010003383500352516,0.006621835236897978
2020-01-29,3289.4599609375,3293.469970703125,3271.889892578125,3273.39990234375,3600250000,-0.0008672501435846315,0.00646272266676447
2020-01-30,3256.449951171875,3285.909912109375,3242.800048828125,3283.659912109375,3790350000,0.0031294569302110597,0.006466129492688642
2020-01-31,3282.330078125,3282.330078125,3214.679931640625,3225.52001953125,4529700000,-0.01786444357136295,0.007441452127669412
2020-02-03,3235.659912109375,3268.43994140625,3235.659912109375,3248.919921875,3760460000,0.007228425761232584,0.007462942645585875
2020-02-04,3280.610107421875,3306.919921875,3280.610107421875,3297.590087890625,3996900000,0.014869315917506062,0.00812894691674801
2020-02-05,3324.909912109375,3337.580078125,3313.75,3334.68994140625,4121480000,0.011187778658972936,0.008401321483710134
2020-02-06,3344.919921875,3347.9599609375,3334.389892578125,3345.780029296875,3887250000,0.003320155057001924,0.00837510569040195
2020-02-07,3335.5400390625,3341.419921875,3322.1201171875,3327.7099609375,3733920000,-0.005415491009458352,0.008412522138442869
2020-02-10,3318.280029296875,3352.260009765625,3317.77001953125,3352.090087890625,3462730000,0.007299690120573207,0.00848613902273197
2020-02-11,3365.8701171875,3375.6298828125,3352.719970703125,3357.75,3762940000,0.0016870486860021178,0.008382970301260777
2020-02-12,3370.5,3381.469970703125,3369.719970703125,3379.449951171875,3930910000,0.006441853105203067,0.008443530593688842
2020-02-13,3365.89990234375,3385.090087890625,3360.52001953125,3373.93994140625,3500890000,-0.0016317763599886593,0.008470534110427643
2020-02-14,3378.080078125,3380.68994140625,3366.14990234375,3380.159912109375,3419700000,0.0018418360984854144,0.008308549529125204
2020-02-18,3369.0400390625,3375.010009765625,3355.610107421875,3370.2900390625,3750400000,-0.0029242139861477136,0.008321904430629965
2020-02-19,3380.389892578125,3393.52001953125,3378.830078125,3386.14990234375,3614200000,0.004694748284284925,0.008332535507760827
2020-02-20,3380.449951171875,3389.14990234375,3341.02001953125,3373.22998046875,4019180000,-0.0038228174279975285,0.008400786869375147
2020-02-21,3360.5,3360.760009765625,3328.449951171875,3337.75,3908780000,-0.010573809232819777,0.008773615890421999
2020-02-24,3257.610107421875,3259.81005859375,3214.64990234375,3225.889892578125,4851160000,-0.03408807942044074,0.011516448860276786
2020-02-25,3238.93994140625,3246.989990234375,3118.77001953125,3128.2099609375,5596760000,-0.030747904375353224,0.012918985332978144
2020-02-26,3139.89990234375,3182.510009765625,3108.989990234375,3116.389892578125,5484650000,-0.00378569732353003,0.01261974146342704
2020-02-27,3062.5400390625,3097.070068359375,2977.389892578125,2978.760009765625,7064710000,-0.045168136352261155,0.015804032422618124
2020-02-28,2916.89990234375,2959.719970703125,2855.840087890625,2954.219970703125,8569570000,-0.008272463109653077,0.015711504455029463
2020-03-02,2974.280029296875,3090.9599609375,2945.18994140625,3090.22998046875,6381330000,0.0450108687694132,0.019007053566326187
2020-03-03,3096.4599609375,3136.719970703125,2976.6298828125,3003.3701171875,6376510000,-0.02851048492291458,0.019745340919535444
2020-03-04,3045.75,3130.969970703125,3034.3798828125,3130.1201171875,5073020000,0.041336349360633136,0.021846668190973372
2020-03-05,3075.699951171875,3083.0400390625,2999.830078125,3023.93994140625,5579290000,-0.034510782439981125,0.022701133412579826
2020-03-06,2954.199951171875,2985.929931640625,2901.5400390625,2972.3701171875,6555240000,-0.01720094365238617,0.022774114357319845
2020-03-09,2863.889892578125,2863.889892578125,2734.429931640625,2746.56005859375,8441290000,-0.07901041294037148,0.028028302216515852
2020-03-10,2813.47998046875,2882.590087890625,2734.0,2882.22998046875,7642040000,0.048215052425859106,0.030692996599712613
2020-03-11,2825.60009765625,2825.60009765625,2707.219970703125,2741.3798828125,7431200000,-0.05010289280860541,0.03202823928251762
2020-03-12,2630.860107421875,2660.949951171875,2478.860107421875,2480.639892578125,8850810000,-0.09994485240247351,0.037496875634192156
2020-03-13,2569.989990234375,2711.330078125,2492.3701171875,2711.02001953125,8299070000,0.08880840694923595,0.04412063313321472
2020-03-16,2508.590087890625,2562.97998046875,2380.93994140625,2386.1298828125,7805450000,-0.12765219747281742,0.05109664134420803
2020-03-17,2425.659912109375,2553.929931640625,2367.0400390625,2529.18994140625,8370250000,0.05822631263569171,0.05376891108161432
2020-03-18,2436.5,2453.570068359375,2280.52001953125,2398.10009765625,8799300000,-0.053222272332080246,0.05424645251379323
2020-03-19,2393.47998046875,2466.969970703125,2319.780029296875,2409.389892578125,7956100000,0.004696760970401053,0.054390706828235685
2020-03-20,2431.93994140625,2453.010009765625,2295.56005859375,2304.919921875,9053950000,-0.04432762405336681,0.05470927529641432
2020-03-23,2290.7099609375,2300.72998046875,2191.860107421875,2237.39990234375,7411380000,-0.02973150100957679,0.05465263995102172
2020-03-24,2344.43994140625,2449.7099609375,2344.43994140625,2447.330078125,7563150000,0.08968323251796326,0.059617325140182864
2020-03-25,2457.77001953125,2571.419921875,2407.530029296875,2475.56005859375,8300010000,0.011468990420822226,0.059828835332356826
2020-03-26,2501.2900390625,2637.010009765625,2500.719970703125,2630.070068359375,7766990000,0.06054383107424656,0.061349098322605294
2020-03-27,2555.8701171875,2615.909912109375,2520.02001953125,2541.469970703125,6201670000,-0.0342678455416263,0.061669302822487795
2020-03-30,2558.97998046875,2631.800048828125,2545.280029296875,2626.64990234375,5751120000,0.032966590569974794,0.06118619688654634
2020-03-31,2614.68994140625,2641.389892578125,2571.14990234375,2584.590087890625,6576210000,-0.016142310788415843,0.061031643502851805
2020-04-01,2498.080078125,2522.75,2447.489990234375,2470.5,5964000000,-0.04514636273278691,0.06044972310678878
2020-04-02,2458.5400390625,2533.219970703125,2455.7900390625,2526.89990234375,6464190000,0.022572657056960366,0.06066981410138408
2020-04-03,2514.919921875,2538.179931640625,2459.9599609375,2488.64990234375,6096970000,-0.015252860825944299,0.06065748067784311
2020-04-06,2578.280029296875,2676.85009765625,2574.570068359375,2663.679931640625,6403840000,0.06796824414483035,0.060617347895645504
2020-04-07,2738.64990234375,2756.889892578125,2657.669921875,2659.409912109375,7050410000,-0.001604339048362459,0.05947840327965066
2020-04-08,2685.0,2760.75,2663.300048828125,2749.97998046875,5875710000,0.033489371191284686,0.059005069849745115
2020-04-09,2776.989990234375,2818.570068359375,2762.360107421875,2789.820068359375,7899550000,0.014383470303699339,0.05413381045040051
2020-04-13,2782.4599609375,2782.4599609375,2721.169921875,2761.6298828125,5319530000,-0.01015605944467711,0.05055891585022973
2020-04-14,2805.10009765625,2851.85009765625,2805.10009765625,2846.06005859375,5615730000,0.03011455957230757,0.040809799124972054
2020-04-15,2795.639892578125,2801.8798828125,2761.5400390625,2783.360107421875,5208000000,-0.022276732672369248,0.03963267942198786
2020-04-16,2799.340087890625,2806.510009765625,2764.320068359375,2799.550048828125,5228810000,0.0057998378395412884,0.03720914510864812
2020-04-17,2842.429931640625,2879.219970703125,2830.8798828125,2874.56005859375,5804810000,0.026440932021320578,0.037432572051024314
2020-04-20,2845.6201171875,2868.97998046875,2820.429931640625,2823.159912109375,5228630000,-0.018042845615347775,0.03589811475027473
2020-04-21,2784.81005859375,2785.5400390625,2727.10009765625,2736.56005859375,5121010000,-0.031155115236330667,0.035982648136591494
2020-04-22,2787.889892578125,2815.10009765625,2775.949951171875,2799.31005859375,5084920000,0.02267130058213675,0.030946625468457653
2020-04-23,2810.419921875,2844.89990234375,2794.260009765625,2797.800048828125,5773530000,-0.0005395676601955963,0.030966099820159496
2020-04-24,2812.639892578125,2842.7099609375,2791.760009765625,2836.739990234375,5382810000,0.013822090566839217,0.02829092736704679
2020-04-27,2854.64990234375,2887.719970703125,2852.889892578125,2878.47998046875,5203930000,0.014606868181735996,0.026908304813347425
2020-04-28,2909.9599609375,2921.14990234375,2860.7099609375,2863.389892578125,5691160000,-0.005256170190483643,0.0262586442180591
2020-04-29,2918.4599609375,2954.860107421875,2912.159912109375,2939.510009765625,6645640000,0.02623670404507307,0.02623084251148918
2020-04-30,2930.909912109375,2930.909912109375,2892.469970703125,2912.429931640625,6544980000,-0.009255143319054839,0.02361345035543775
2020-05-01,2869.090087890625,2869.090087890625,2821.610107421875,2830.7099609375,4759810000,-0.028460211014775954,0.024713495596718357
2020-05-04,2815.010009765625,2844.239990234375,2797.85009765625,2842.739990234375,4735930000,0.0042408225788494016,0.02422416672900487
2020-05-05,2868.8798828125,2898.22998046875,2863.550048828125,2868.43994140625,5140290000,0.008999935197779802,0.019495332894240904
2020-05-06,2883.139892578125,2891.110107421875,2847.64990234375,2848.419921875,4892570000,-0.007003880399042588,0.019609750016551842
2020-05-07,2878.260009765625,2901.919921875,2876.47998046875,2881.18994140625,5178790000,0.011438955754890805,0.01841438628532529
2020-05-08,2908.830078125,2932.159912109375,2902.8798828125,2929.800048828125,4876030000,0.016730795065226244,0.01850252015496392
2020-05-11,2915.4599609375,2944.25,2903.43994140625,2930.18994140625,4819730000,0.0001330693667907644,0.018275275329585287
2020-05-12,2939.5,2945.820068359375,2869.590087890625,2870.1201171875,5119630000,-0.020713365772047604,0.017829377250197252
2020-05-13,2865.860107421875,2874.139892578125,2793.14990234375,2820.0,6151650000,-0.017616996624280044,0.017545346613557646
2020-05-14,2794.5400390625,2852.800048828125,2766.639892578125,2852.5,5651130000,0.01145891780407149,0.017677834818459585
2020-05-15,2829.949951171875,2865.010009765625,2816.780029296875,2863.699951171875,5507700000,0.003918675203723029,0.016655458607987478
2020-05-18,2913.860107421875,2968.090087890625,2913.860107421875,2953.909912109375,6373670000,0.031015208770073424,0.01747978570166913
2020-05-19,2948.590087890625,2964.2099609375,2922.35009765625,2922.93994140625,4984330000,-0.010539747711599283,0.015945926604538484
2020-05-20,2953.6298828125,2980.2900390625,2953.6298828125,2971.610107421875,5005380000,0.0165139906134157,0.015607988452501817
2020-05-21,2969.949951171875,2978.5,2938.570068359375,2948.510009765625,4976620000,-0.007803968309953686,0.01577796587341286
2020-05-22,2948.050048828125,2956.760009765625,2933.590087890625,2955.449951171875,3970860000,0.002350945686812366,0.015556387204228724
2020-05-26,3004.080078125,3021.719970703125,2988.169921875,2991.77001953125,5848500000,0.01221428502146052,0.015463663526330301
2020-05-27,3015.64990234375,3036.25,2969.75,3036.1298828125,6398000000,0.014718447490314346,0.015619355985637406
2020-05-28,3046.610107421875,3068.669921875,3023.39990234375,3029.72998046875,5447020000,-0.0021101393249195488,0.014649017874729857
2020-05-29,3025.169921875,3049.169921875,2998.610107421875,3044.31005859375,7297550000,0.004800793552307952,0.01444098755004905
2020-06-01,3038.780029296875,3062.179931640625,3031.5400390625,3055.72998046875,4684170000,0.003744216478364391,0.012506540081909604
2020-06-02,3064.780029296875,3081.070068359375,3051.639892578125,3080.820068359375,5197150000,0.008177307282398658,0.01254435453787916
2020-06-03,3098.89990234375,3130.93994140625,3098.89990234375,3122.8701171875,6005560000,0.01355667081256392,0.0126801822630949
2020-06-04,3111.56005859375,3128.909912109375,3090.409912109375,3112.35009765625,6451290000,-0.003374389083608904,0.01253580553614724
2020-06-05,3163.840087890625,3211.719970703125,3163.840087890625,3193.929931640625,8639300000,0.025874012821635813,0.013349677571774842
2020-06-08,3199.919921875,3233.1298828125,3196.0,3232.389892578125,8498300000,0.011969656405806002,0.013173631181946133
2020-06-09,3213.320068359375,3222.7099609375,3193.110107421875,3207.179931640625,6410930000,-0.007829743419721978,0.013443307932623055
2020-06-10,3213.419921875,3223.27001953125,3181.489990234375,3190.139892578125,6598870000,-0.005327255735182077,0.01231655465183985
2020-06-11,3123.530029296875,3123.530029296875,2999.489990234375,3002.10009765625,7037320000,-0.06075269299628893,0.01867413190846392
2020-06-12,3071.0400390625,3088.419921875,2984.469970703125,3041.31005859375,5845330000,0.012976286605211731,0.01871279885710922
2020-06-15,2993.760009765625,3079.760009765625,2965.659912109375,3066.590087890625,5757480000,0.00827786081817526,0.01874690947589715
2020-06-16,3131.0,3153.449951171875,3076.06005859375,3124.739990234375,5845810000,0.018784852866710527,0.017983403234876245
2020-06-17,3136.1298828125,3141.159912109375,3108.030029296875,3113.489990234375,4560450000,-0.0036067962326294138,0.01777815696426738
2020-06-18,3101.639892578125,3120.0,3093.510009765625,3115.340087890625,4448690000,0.0005940434038017573,0.017502938970571993
2020-06-19,3140.2900390625,3155.530029296875,3083.110107421875,3097.739990234375,8346650000,-0.005665513565673728,0.017444002424697676
2020-06-22,3094.419921875,3120.919921875,3079.389892578125,3117.860107421875,4686690000,0.006474093296658384,0.017466887406803376
2020-06-23,3138.699951171875,3154.89990234375,3127.1201171875,3131.2900390625,4711850000,0.004298169191483789,0.017328484708785705
2020-06-24,3114.39990234375,3115.010009765625,3032.1298828125,3050.330078125,5597680000,-0.0261952655956623,0.018176905716262147
2020-06-25,3046.60009765625,3086.25,3024.010009765625,3083.760009765625,4847690000,0.01089982772821816,0.018320851009721677
2020-06-26,3073.199951171875,3073.72998046875,3004.6298828125,3009.050048828125,8107850000,-0.024525204274831163,0.01914582873333673
2020-06-29,3018.590087890625,3053.889892578125,2999.739990234375,3053.239990234375,4473970000,0.01457888811353358,0.019425932152917838
2020-06-30,3050.199951171875,3111.510009765625,3047.830078125,3100.2900390625,4705850000,0.015292349435755562,0.019648230639567648
2020-07-01,3105.919921875,3128.43994140625,3101.169921875,3115.860107421875,4449230000,0.005009563975870565,0.01943687580971224
2020-07-02,3143.639892578125,3165.81005859375,3124.52001953125,3130.010009765625,4197720000,0.0045309704768169146,0.019447426668825193
2020-07-06,3155.2900390625,3182.590087890625,3155.2900390625,3179.719970703125,4759160000,0.01575693083216329,0.018869731524911684
2020-07-07,3166.43994140625,3184.14990234375,3142.929931640625,3145.320068359375,4571330000,-0.010877477869643567,0.01878413156347412
2020-07-08,3153.070068359375,3171.800048828125,3136.530029296875,3169.93994140625,4937310000,0.007796986263430269,0.018826041980804693
2020-07-09,3176.169921875,3179.780029296875,3115.699951171875,3152.050048828125,4843650000,-0.005659591476194623,0.01883059510562174
2020-07-10,3152.469970703125,3186.820068359375,3136.219970703125,3185.0400390625,4524190000,0.010411809774443004,0.012538388386703734
2020-07-13,3205.080078125,3235.320068359375,3149.429931640625,3155.219970703125,4902440000,-0.009406645216058874,0.012595874291767289
2020-07-14,3141.110107421875,3200.949951171875,3127.659912109375,3197.52001953125,4507140000,0.01331730058290395,0.012780521170361525
2020-07-15,3225.97998046875,3238.280029296875,3200.760009765625,3226.56005859375,4686830000,0.009041056936355048,0.012286821700126986
2020-07-16,3208.360107421875,3220.389892578125,3198.590087890625,3215.570068359375,3972860000,-0.0034119152141152374,0.012282548925652408
2020-07-17,3224.2099609375,3233.52001953125,3205.64990234375,3224.72998046875,4012850000,0.0028445625875835605,0.012283031301979665
2020-07-20,3224.2900390625,3258.610107421875,3215.159912109375,3251.840087890625,3979340000,0.008371797255140334,0.01223944641968251
2020-07-21,3268.52001953125,3277.2900390625,3247.77001953125,3257.300048828125,4556610000,0.0016776293345600682,0.012202918438300715
2020-07-22,3254.860107421875,3279.320068359375,3253.10009765625,3276.02001953125,4267160000,0.005730630594473862,0.012220149781275365
2020-07-23,3271.639892578125,3279.989990234375,3222.659912109375,3235.659912109375,4296760000,-0.012396378412246847,0.010840755879919128
2020-07-24,3218.580078125,3227.260009765625,3200.050048828125,3215.6298828125,3689410000,-0.006209640024276134,0.010855392531807569
2020-07-27,3219.840087890625,3241.429931640625,3214.25,3239.409912109375,3970310000,0.007367928821482373,0.008906961858784024
2020-07-28,3234.27001953125,3243.719970703125,3216.169921875,3218.43994140625,4053180000,-0.006494435418646306,0.008796608075980867
2020-07-29,3227.219970703125,3264.739990234375,3227.219970703125,3258.43994140625,4478200000,0.012351783351742583,0.008596201932823677
2020-07-30,3231.760009765625,3250.919921875,3204.1298828125,3246.219970703125,4264920000,-0.0037573017634548516,0.008683909575963277
2020-07-31,3270.449951171875,3272.169921875,3220.260009765625,3271.1201171875,5007530000,0.0076412362421762695,0.00875822260095762
2020-08-03,3288.260009765625,3302.72998046875,3284.530029296875,3294.610107421875,4438940000,0.007155362664358673,0.008254413496023095
2020-08-04,3289.919921875,3306.840087890625,3286.3701171875,3306.510009765625,4414380000,0.003605423026133557,0.007702893201373788
2020-08-05,3317.3701171875,3330.77001953125,3317.3701171875,3327.77001953125,4535060000,0.006409160435517922,0.007658778141626579
2020-08-06,3323.169921875,3351.030029296875,3318.139892578125,3349.159912109375,4278930000,0.006407126020664802,0.007460735348024821
2020-08-07,3340.050048828125,3352.5400390625,3328.719970703125,3351.280029296875,4110030000,0.0006328292699566697,0.00726968470580449
2020-08-10,3356.0400390625,3363.2900390625,3335.43994140625,3360.469970703125,4327920000,0.0027384652733919213,0.006704145346702584
2020-08-11,3370.340087890625,3381.010009765625,3326.43994140625,3333.68994140625,4880540000,-0.008001055401377298,0.006697455830966502
2020-08-12,3355.4599609375,3387.889892578125,3355.4599609375,3380.35009765625,3772250000,0.013899502293613534,0.007042262707988766
2020-08-13,3372.949951171875,3387.239990234375,3363.35009765625,3373.429931640625,3438730000,-0.002049272676156681,0.00699020554323343
2020-08-14,3368.659912109375,3378.510009765625,3361.639892578125,3372.85009765625,3200060000,-0.00017189739627902921,0.007012530323235697
2020-08-17,3380.860107421875,3387.590087890625,3379.219970703125,3381.989990234375,3460330000,0.002706177507423456,0.006864903746773652
2020-08-18,3387.0400390625,3395.06005859375,3370.14990234375,3389.780029296875,3669550000,0.0023007404198168474,0.006864958414531687
2020-08-19,3392.510009765625,3399.5400390625,3369.659912109375,3374.85009765625,3679480000,-0.004414123345182018,0.006948560810313171
2020-08-20,3360.47998046875,3390.800048828125,3354.68994140625,3385.510009765625,3431040000,0.0031536547683461333,0.006135896875077785
2020-08-21,3386.010009765625,3399.9599609375,3379.31005859375,3397.159912109375,3505010000,0.0034351999829724668,0.005804995153191065
2020-08-24,3418.090087890625,3432.090087890625,3413.1298828125,3431.280029296875,3743410000,0.009993615364903508,0.00594307786074342
2020-08-25,3435.949951171875,3444.2099609375,3425.840087890625,3443.6201171875,3627650000,0.003589899745540117,0.005518775794264865
2020-08-26,3449.969970703125,3481.070068359375,3444.14990234375,3478.72998046875,3780530000,0.010144001344841499,0.005349381656385067
2020-08-27,3485.139892578125,3501.3798828125,3468.35009765625,3484.550048828125,3955890000,0.0016716460318091384,0.005106186720840699
2020-08-28,3494.68994140625,3509.22998046875,3484.320068359375,3508.010009765625,3868510000,0.006710002849570254,0.005070967801861263
2020-08-31,3509.72998046875,3514.77001953125,3493.25,3500.31005859375,4348280000,-0.002197375175508541,0.005146415014131939
2020-09-01,3507.43994140625,3528.030029296875,3494.60009765625,3526.64990234375,4101490000,0.007496831420705943,0.0052420596528195435
2020-09-02,3543.760009765625,3588.110107421875,3535.22998046875,3580.840087890625,4295640000,0.01524905014386973,0.005861003982859413
2020-09-03,3564.739990234375,3564.85009765625,3427.409912109375,3455.06005859375,4911830000,-0.0357575941421853,0.010539108805638
2020-09-04,3453.60009765625,3479.14990234375,3349.6298828125,3426.9599609375,4438720000,-0.008166280754275102,0.010761020831788674
2020-09-08,3371.8798828125,3379.969970703125,3329.27001953125,3331.840087890625,4694330000,-0.02814882908646679,0.012578852251319276
2020-09-09,3369.820068359375,3424.77001953125,3366.840087890625,3398.9599609375,3932520000,0.019944760662180386,0.013228680664917811
2020-09-10,3412.56005859375,3425.550048828125,3329.25,3339.18994140625,4208630000,-0.017741245925395586,0.013490369155774248
2020-09-11,3352.699951171875,3368.949951171875,3310.469970703125,3340.969970703125,3710090000,0.0005329301580873496,0.013488251639018343
2020-09-14,3363.56005859375,3402.929931640625,3363.56005859375,3383.5400390625,3839580000,0.012661335025022992,0.013805375035756203
2020-09-15,3407.72998046875,3419.47998046875,3389.25,3401.199951171875,4057190000,0.005205785930499657,0.013840924540689706
2020-09-16,3411.22998046875,3428.919921875,3384.449951171875,3385.489990234375,4718900000,-0.0046296468921518345,0.013874468669317118
2020-09-17,3346.860107421875,3375.169921875,3328.820068359375,3357.010009765625,4379840000,-0.008447949528552457,0.013970034996874846
2020-09-18,3357.3798828125,3362.27001953125,3292.39990234375,3319.469970703125,7076400000,-0.011245576947828505,0.014154401128516013
2020-09-21,3285.570068359375,3285.570068359375,3229.10009765625,3281.06005859375,4836070000,-0.011638564027297718,0.014307146796725392
2020-09-22,3295.75,3320.31005859375,3270.949951171875,3315.570068359375,3974510000,0.010463016398376152,0.014327776014299335
2020-09-23,3320.110107421875,3323.35009765625,3232.570068359375,3236.919921875,4378650000,-0.02400733891437413,0.015098158974716377
2020-09-24,3226.139892578125,3278.699951171875,3209.449951171875,3246.590087890625,4601920000,0.0029830055546290505,0.014850553667157648
2020-09-25,3236.659912109375,3306.8798828125,3228.43994140625,3298.4599609375,3803330000,0.015850439224188495,0.015435010935231391
2020-09-28,3333.89990234375,3360.739990234375,3332.909912109375,3351.60009765625,3950910000,0.0159821918538544,0.015867126085065117
2020-09-29,3350.919921875,3357.919921875,3327.5400390625,3335.469970703125,3661590000,-0.004824282704443997,0.01587727062119693
2020-09-30,3341.2099609375,3393.56005859375,3340.469970703125,3363.0,4738640000,0.00821984256837961,0.015901823094596156
2020-10-01,3385.8701171875,3397.179931640625,3361.389892578125,3380.800048828125,4076340000,0.0052789495642950775,0.015470655287359095
2020-10-02,3338.93994140625,3369.10009765625,3323.68994140625,3348.419921875,3975180000,-0.009623812866370861,0.01352886973915815
2020-10-05,3367.27001953125,3409.570068359375,3367.27001953125,3408.60009765625,3692720000,0.017813109002900934,0.0140972131931635
2020-10-06,3408.739990234375,3431.56005859375,3354.5400390625,3360.969970703125,4453390000,-0.014072064387523205,0.012935502958173953
2020-10-07,3384.56005859375,3426.260009765625,3384.56005859375,3419.43994140625,3814750000,0.017247163770241564,0.012733860898714472
2020-10-08,3434.280029296875,3447.280029296875,3428.14990234375,3446.830078125,3867640000,0.007978212894869286,0.01209882156850885
2020-10-09,3459.669921875,3482.340087890625,3458.070068359375,3477.139892578125,3944090000,0.008755095180752877,0.01220040854992084
2020-10-12,3500.02001953125,3549.85009765625,3499.610107421875,3534.219970703125,3435760000,0.01628253015832422,0.012392355151559497
2020-10-13,3534.010009765625,3534.010009765625,3500.860107421875,3511.929931640625,3611100000,-0.006326891629163268,0.012511817727283363
2020-10-14,3515.469970703125,3527.93994140625,3480.550048828125,3488.669921875,3858510000,-0.0066451720840594065,0.012572620341842472
2020-10-15,3453.719970703125,3489.080078125,3440.889892578125,3483.340087890625,3724550000,-0.001528923514213078,0.012378140196853444
2020-10-16,3493.5,3515.760009765625,3480.449951171875,3483.81005859375,4688030000,0.00013491045663045577,0.01200041136874234
2020-10-19,3493.659912109375,3502.419921875,3419.929931640625,3426.919921875,4091080000,-0.016464663514942676,0.01234156945136106
2020-10-20,3439.3798828125,3476.929931640625,3435.64990234375,3443.1201171875,3917850000,0.0047161953200011274,0.012204582536495936
2020-10-21,3439.909912109375,3464.860107421875,3433.06005859375,3435.56005859375,4103960000,-0.0021981140115702774,0.010643642995435075
2020-10-22,3438.5,3460.530029296875,3415.340087890625,3453.489990234375,4172060000,0.0052053540034913415,0.010655293307110634
2020-10-23,3464.89990234375,3466.4599609375,3440.449951171875,3465.389892578125,3651600000,0.003439838320389479,0.010225710438458931
2020-10-26,3441.419921875,3441.419921875,3364.860107421875,3400.969970703125,4002210000,-0.018764472985322012,0.010747310108162784
2020-10-27,3403.14990234375,3409.510009765625,3388.7099609375,3390.679931640625,3962400000,-0.003030205350445511,0.010705908053540538
2020-10-28,3342.47998046875,3342.47998046875,3268.889892578125,3271.030029296875,5139970000,-0.03592554210857772,0.01332947632827879
2020-10-29,3277.169921875,3341.050048828125,3259.820068359375,3310.110107421875,4911860000,0.01187652493999744,0.013582353237734704
2020-10-30,3293.590087890625,3304.929931640625,3233.93994140625,3269.9599609375,4843930000,-0.012203713445259962,0.0136799018040342
2020-11-02,3296.199951171875,3330.139892578125,3279.739990234375,3310.239990234375,4314690000,0.012242950890591667,0.013324846021508996
2020-11-03,3336.25,3389.489990234375,3336.25,3369.159912109375,4241380000,0.01764273768407783,0.013629099562492822
2020-11-04,3406.4599609375,3486.25,3405.169921875,3443.43994140625,4790400000,0.021807525655091704,0.013964708350830527
2020-11-05,3485.739990234375,3529.050048828125,3485.739990234375,3510.449951171875,4858150000,0.01927326577670128,0.014507305834836408
2020-11-06,3508.340087890625,3521.580078125,3484.340087890625,3509.43994140625,4842460000,-0.00028775658537381985,0.014390526237217881
2020-11-09,3583.0400390625,3645.989990234375,3547.47998046875,3550.5,8570510000,0.011631974746344153,0.014157122824091517
2020-11-10,3543.260009765625,3557.219970703125,3511.909912109375,3545.530029296875,6037470000,-0.001400775220867666,0.014079686250179272
2020-11-11,3563.219970703125,3581.159912109375,3557.0,3572.659912109375,4635560000,0.007622728362991461,0.014061326118386196
2020-11-12,3562.669921875,3569.02001953125,3518.580078125,3537.010009765625,4909660000,-0.01002865154706935,0.014274640090134249
2020-11-13,3552.570068359375,3593.659912109375,3552.570068359375,3585.14990234375,4719580000,0.013518546706294007,0.01455453399009609
2020-11-16,3600.159912109375,3628.510009765625,3600.159912109375,3626.909912109375,5295510000,0.011580734922832603,0.014082723876787983
2020-11-17,3610.31005859375,3623.110107421875,3588.679931640625,3609.530029296875,4812180000,-0.004803443784647531,0.014176394578319824
2020-11-18,3612.090087890625,3619.090087890625,3567.330078125,3567.7900390625,5284810000,-0.011631210647481315,0.014489489916771837
2020-11-19,3559.409912109375,3585.219970703125,3543.840087890625,3581.8701171875,4363370000,0.003938675690732779,0.014476990935539526
2020-11-20,3579.31005859375,3581.22998046875,3556.85009765625,3557.5400390625,4236370000,-0.006815737372918576,0.014597904657653659
2020-11-23,3566.820068359375,3589.81005859375,3552.77001953125,3577.590087890625,5057550000,0.005620108181849693,0.01383099511413105
2020-11-24,3594.52001953125,3642.31005859375,3594.52001953125,3635.409912109375,6280290000,0.016032458814031775,0.0140821061560351
2020-11-25,3635.5,3635.5,3617.760009765625,3629.64990234375,4910440000,-0.0015856747555094064,0.010714961692314628
2020-11-27,3638.550048828125,3644.31005859375,3629.330078125,3638.35009765625,2778390000,0.0023941110259011363,0.010613369291997793
2020-11-30,3634.179931640625,3634.179931640625,3594.389892578125,3621.6298828125,6308410000,-0.004606140636972006,0.010098968472253484
2020-12-01,3645.8701171875,3678.449951171875,3645.8701171875,3662.449951171875,5418480000,0.011208140661592923,0.010063073104132758
2020-12-02,3653.780029296875,3670.9599609375,3644.840087890625,3669.010009765625,5041250000,0.0017895645286042845,0.009634662087452716
2020-12-03,3668.280029296875,3682.72998046875,3657.169921875,3666.719970703125,5065340000,-0.0006243520802942291,0.008749798316404819
2020-12-04,3670.93994140625,3699.199951171875,3670.93994140625,3699.1201171875,5099620000,0.00879746371518688,0.008016055538213548
2020-12-07,3694.72998046875,3697.409912109375,3678.8798828125,3691.9599609375,4804500000,-0.001937513438963252,0.008055914644148458
2020-12-08,3683.050048828125,3708.449951171875,3678.830078125,3702.25,4584390000,0.002783271170170473,0.007767848911233941
2020-12-09,3705.97998046875,3712.389892578125,3660.5400390625,3672.820068359375,5232800000,-0.00798096494847171,0.008057550735259506
2020-12-10,3659.1298828125,3678.489990234375,3645.179931640625,3668.10009765625,4658480000,-0.0012859345277717227,0.00796228120306176
2020-12-11,3656.080078125,3665.909912109375,3633.39990234375,3663.4599609375,4375470000,-0.0012657980842328352,0.007534648469747988
2020-12-14,3675.27001953125,3697.610107421875,3645.840087890625,3647.489990234375,4623850000,-0.0043687882451469585,0.007114908699908797
2020-12-15,3666.409912109375,3695.2900390625,3659.6201171875,3694.6201171875,4387080000,0.012838482022218645,0.007219427250832656
2020-12-16,3696.25,3711.27001953125,3688.570068359375,3701.169921875,4067040000,0.0017712256203230642,0.0070934526548424035
2020-12-17,3713.64990234375,3725.1201171875,3710.8701171875,3722.47998046875,4192810000,0.0057411428089832834,0.006468771818808365
2020-12-18,3722.389892578125,3726.699951171875,3685.840087890625,3709.409912109375,7097100000,-0.003517296952148704,0.006572589571466755
2020-12-21,3684.280029296875,3702.89990234375,3636.47998046875,3694.919921875,4748580000,-0.003913928486909485,0.0064034139491632655
2020-12-22,3698.080078125,3698.260009765625,3676.159912109375,3687.260009765625,4053310000,-0.0020752446917703606,0.006398963574394677
2020-12-23,3693.419921875,3711.239990234375,3689.280029296875,3690.010009765625,3779160000,0.0007455332718186887,0.005409432434402698
2020-12-24,3694.030029296875,3703.820068359375,3689.320068359375,3703.06005859375,1883780000,0.0035303499794869524,0.00541436168449445
2020-12-28,3723.030029296875,3740.510009765625,3723.030029296875,3735.360107421875,3535460000,0.0086847075384115,0.0056759365995369595
2020-12-29,3750.010009765625,3756.1201171875,3723.31005859375,3727.0400390625,3393290000,-0.002229864827278697,0.0055693209811498124
2020-12-30,3736.18994140625,3744.6298828125,3730.2099609375,3732.0400390625,3154850000,0.0013406480950792154,0.005072868834353289
2020-12-31,3733.27001953125,3760.199951171875,3726.8798828125,3756.070068359375,3179040000,0.006418204711703793,0.005217143851224932
2021-01-04,3764.610107421875,3769.989990234375,3662.7099609375,3700.64990234375,5015000000,-0.014864762712025787,0.006328634900864906
2021-01-05,3698.02001953125,3737.830078125,3695.070068359375,3726.860107421875,4591020000,0.007057631383362026,0.006219014832667955
2021-01-06,3712.199951171875,3783.0400390625,3705.340087890625,3748.139892578125,6064110000,0.005693603382474094,0.006303286297405279
2021-01-07,3764.7099609375,3811.550048828125,3764.7099609375,3803.7900390625,5099160000,0.014738260107752971,0.007030631798506857
2021-01-08,3815.050048828125,3826.68994140625,3783.60009765625,3824.679931640625,4773040000,0.00547683739351537,0.006727778854899112
2021-01-11,3803.139892578125,3817.860107421875,3789.02001953125,3799.610107421875,4465430000,-0.006576327616621317,0.006964671126732812
2021-01-12,3801.6201171875,3810.780029296875,3776.510009765625,3801.18994140625,4994950000,0.000415702030569564,0.006936298140779012
2021-01-13,3802.22998046875,3820.9599609375,3791.5,3809.840087890625,4602510000,0.0022730563867261076,0.006780369139160752
2021-01-14,3814.97998046875,3823.60009765625,3792.860107421875,3795.5400390625,5198480000,-0.003760513068743101,0.006412645607712869
2021-01-15,3788.72998046875,3788.72998046875,3749.6201171875,3768.25,5369820000,-0.007216000798278504,0.006690263978507678
2021-01-19,3781.8798828125,3804.530029296875,3780.3701171875,3798.909912109375,5014440000,0.008103457635761657,0.006800217335112457
2021-01-20,3816.219970703125,3859.75,3816.219970703125,3851.85009765625,4566190000,0.013839417376510862,0.007281684309811176
2021-01-21,3857.4599609375,3861.449951171875,3845.050048828125,3853.070068359375,4501760000,0.00031667316131354906,0.007164903187379995
2021-01-22,3844.239990234375,3852.31005859375,3830.409912109375,3841.469970703125,5110890000,-0.0030151526629377105,0.00719671172229491
2021-01-25,3851.679931640625,3859.22998046875,3797.159912109375,3855.360107421875,7000840000,0.0036093175130174657,0.007197910809230471
2021-01-26,3862.9599609375,3870.89990234375,3847.780029296875,3849.6201171875,6137500000,-0.001489943161153501,0.0072362081186943625
2021-01-27,3836.830078125,3836.830078125,3732.47998046875,3750.77001953125,9976520000,-0.02601331512610035,0.009377022416952657
2021-01-28,3755.75,3830.5,3755.75,3787.3798828125,6992770000,0.009713298778760395,0.00959157920431295
2021-01-29,3778.050048828125,3778.050048828125,3694.1201171875,3714.239990234375,6643370000,-0.019500377654792,0.010608314255313292
2021-02-01,3731.169921875,3784.320068359375,3725.6201171875,3773.860107421875,5436230000,0.015924300234678626,0.011122776039350203
2021-02-02,3791.840087890625,3843.090087890625,3791.840087890625,3826.31005859375,5514090000,0.013802528814310624,0.010919608098066127
2021-02-03,3840.27001953125,3847.510009765625,3816.679931640625,3830.169921875,4864870000,0.0010082606153447803,0.010846042201405915
2021-02-04,3836.659912109375,3872.419921875,3836.659912109375,3871.739990234375,4879240000,0.010794847643921975,0.011011855104691728
2021-02-05,3878.300048828125,3894.56005859375,3874.929931640625,3886.830078125,4879470000,0.003889919607763825,0.010590923756669984
2021-02-08,3892.590087890625,3915.77001953125,3892.590087890625,3915.590087890625,4648360000,0.007372107476289037,0.010640699546449537
2021-02-09,3910.489990234375,3918.35009765625,3902.639892578125,3911.22998046875,4568320000,-0.0011141454217211749,0.010500464552699817
2021-02-10,3920.780029296875,3931.5,3884.93994140625,3909.8798828125,4837070000,-0.0003452445223915674,0.010505777849495745
2021-02-11,3916.39990234375,3925.989990234375,3890.389892578125,3916.3798828125,4590960000,0.0016610748145877074,0.01050402174351053
2021-02-12,3911.64990234375,3937.22998046875,3905.780029296875,3934.830078125,4135060000,0.004699970926162608,0.01045640024166637
2021-02-16,3939.610107421875,3950.429931640625,3923.85009765625,3932.590087890625,5058990000,-0.0005694345154154666,0.01025844882564665
2021-02-17,3918.5,3933.610107421875,3900.429931640625,3931.330078125,4730650000,-0.0003204533489169501,0.010173049655550524
2021-02-18,3915.860107421875,3921.97998046875,3885.030029296875,3913.969970703125,4793650000,-0.004425614227243303,0.009841604842382721
2021-02-19,3921.159912109375,3930.409912109375,3903.070068359375,3906.7099609375,4845320000,-0.0018566190956649255,0.009859203799602536
2021-02-22,3885.550048828125,3902.919921875,3874.7099609375,3876.5,5917100000,-0.007762892893710863,0.010009159768841114
2021-02-23,3857.070068359375,3895.97998046875,3805.590087890625,3881.3701171875,6296610000,0.0012555296115265332,0.009983911119039792
2021-02-24,3873.7099609375,3928.64990234375,3859.60009765625,3925.429931640625,6012790000,0.011287667670985945,0.010265752668579731
2021-02-25,3915.800048828125,3925.02001953125,3814.0400390625,3829.340087890625,6547470000,-0.02478339442417185,0.010097883573386868
2021-02-26,3839.659912109375,3861.080078125,3789.5400390625,3811.14990234375,6526070000,-0.004761532293798778,0.009961066394399263
2021-03-01,3842.510009765625,3914.5,3842.510009765625,3901.820068359375,5114820000,0.02351217322569352,0.010100486743817742
2021-03-02,3903.639892578125,3906.409912109375,3868.570068359375,3870.2900390625,5536010000,-0.00811367873950876,0.009841284892569196
2021-03-03,3863.989990234375,3874.469970703125,3818.860107421875,3819.719970703125,6173660000,-0.01315233589480116,0.009879065558744156
2021-03-04,3818.530029296875,3843.669921875,3723.340087890625,3768.469970703125,7195400000,-0.013508038064390469,0.010317932361040947
2021-03-05,3793.580078125,3851.68994140625,3730.18994140625,3841.93994140625,6851070000,0.019308356338709188,0.010976579733102327
2021-03-08,3844.389892578125,3881.06005859375,3819.25,3821.35009765625,5871710000,-0.005373643224025429,0.010982083657653645
2021-03-09,3851.929931640625,3903.760009765625,3851.929931640625,3875.43994140625,5513560000,0.014055400743930569,0.011341226801819416
2021-03-10,3891.989990234375,3917.35009765625,3885.72998046875,3898.81005859375,5847380000,0.006012203770988197,0.011432999645881686
2021-03-11,3915.5400390625,3960.27001953125,3915.5400390625,3939.340087890625,5312880000,0.010341825500657608,0.011671103884607376
2021-03-12,3924.52001953125,3944.989990234375,3915.2099609375,3943.340087890625,4476280000,0.0010148833275308508,0.011668251256191255
2021-03-15,3942.9599609375,3970.080078125,3923.5400390625,3968.93994140625,4900100000,0.006470939539413048,0.011709701836121076
2021-03-16,3973.590087890625,3981.0400390625,3953.43994140625,3962.7099609375,4613080000,-0.0015709169785959108,0.011716347137590507
2021-03-17,3949.570068359375,3983.8701171875,3935.739990234375,3974.1201171875,4561660000,0.0028752446501592592,0.01172805556387801
2021-03-18,3953.5,3969.6201171875,3910.860107421875,3915.4599609375,5118590000,-0.014870560065947797,0.012184542292880652
2021-03-19,3913.139892578125,3930.1201171875,3886.75,3913.10009765625,7757420000,-0.0006028856737550234,0.01217760773425988
2021-03-22,3916.47998046875,3955.31005859375,3914.159912109375,3940.590087890625,4316260000,0.007000556898342752,0.012124405426727406
2021-03-23,3937.60009765625,3949.1298828125,3901.570068359375,3910.52001953125,4669010000,-0.007660118119334028,0.012270566506788243
2021-03-24,3919.929931640625,3942.080078125,3889.070068359375,3889.139892578125,4783020000,-0.00548233660034883,0.012056663875318775
2021-03-25,3879.340087890625,3919.5400390625,3853.5,3909.52001953125,4948340000,0.005226583432729291,0.010656955140416619
2021-03-26,3917.1201171875,3978.18994140625,3917.1201171875,3974.5400390625,5483160000,0.016494418658716575,0.011099073476234667
2021-03-29,3969.31005859375,3981.830078125,3943.25,3971.090087890625,4628180000,-0.0008683896263867381,0.009897249301902522
2021-03-30,3963.340087890625,3968.010009765625,3944.35009765625,3958.550048828125,4121510000,-0.0031628294096500294,0.009720811182503192
2021-03-31,3967.25,3994.409912109375,3966.97998046875,3972.889892578125,4578050000,0.003615953592419885,0.00912951227638564
2021-04-01,3992.780029296875,4020.6298828125,3992.780029296875,4019.8701171875,4162130000,0.011755830427674127,0.008608753603826782
2021-04-05,4034.43994140625,4083.419921875,4034.43994140625,4077.909912109375,4005030000,0.0143349877622439,0.008181052998075068
2021-04-06,4075.570068359375,4086.22998046875,4068.139892578125,4073.93994140625,4081270000,-0.0009740049407969285,0.008001785159269241
2021-04-07,4074.2900390625,4083.1298828125,4068.31005859375,4079.949951171875,4120810000,0.0014741456981068137,0.007587301498521806
2021-04-08,4089.949951171875,4098.18994140625,4082.5400390625,4097.169921875,3907100000,0.004211750940591775,0.007554938542639954
2021-04-09,4096.10986328125,4129.47998046875,4095.510009765625,4128.7998046875,3640390000,0.007690288135687276,0.007432003168398701
2021-04-12,4124.7099609375,4131.759765625,4114.81982421875,4127.990234375,3588900000,-0.0001960980747395339,0.007448356589592553
2021-04-13,4130.10009765625,4148.0,4124.43017578125,4141.58984375,3734720000,0.0032890718770625686,0.007388048898788816
2021-04-14,4141.580078125,4151.68994140625,4120.8701171875,4124.66015625,3985350000,-0.004096104320730151,0.007475665605209399
2021-04-15,4139.759765625,4173.490234375,4139.759765625,4170.419921875,4033420000,0.011033101401119478,0.00774353382059328
2021-04-16,4174.14013671875,4191.31005859375,4170.75,4185.47021484375,4163820000,0.0036023233905179666,0.006589468586686966
2021-04-19,4179.7998046875,4180.81005859375,4150.47021484375,4163.259765625,3810290000,-0.005320689893757947,0.0068183015319858205
2021-04-20,4159.18017578125,4159.18017578125,4118.3798828125,4134.93994140625,4342650000,-0.006825561005077803,0.007097057161234045
2021-04-21,4128.419921875,4175.02001953125,4126.35009765625,4173.419921875,3887250000,0.009263020919853236,0.006837708059867375
2021-04-22,4170.4599609375,4179.56982421875,4123.68994140625,4134.97998046875,4245140000,-0.009253337860554323,0.007136725613708385
2021-04-23,4138.77978515625,4194.169921875,4138.77978515625,4180.169921875,3569880000,0.01086940989553096,0.007335464033255528
2021-04-26,4185.02978515625,4194.18994140625,4182.35986328125,4187.6201171875,3748320000,0.001780684564582624,0.006653616571720382
2021-04-27,4188.25,4193.35009765625,4176.22021484375,4186.72021484375,3710700000,-0.0002149189814442344,0.006637214613550285
2021-04-28,4185.14013671875,4201.52978515625,4181.77978515625,4183.18017578125,3787360000,-0.0008458975873960478,0.006550179334290232
2021-04-29,4206.14013671875,4218.77978515625,4176.81005859375,4211.47021484375,4298680000,0.0067400415367024095,0.006608662986606978
2021-04-30,4198.10009765625,4198.10009765625,4174.85009765625,4181.169921875,4300880000,-0.0072207134171198275,0.006634896925414713
2021-05-03,4191.97998046875,4209.39013671875,4188.02978515625,4192.66015625,4070220000,0.002744321649512167,0.005970704605630911
2021-05-04,4179.0400390625,4179.0400390625,4128.58984375,4164.66015625,4452460000,-0.0067007374898472305,0.00622194985792763
2021-05-05,4177.06005859375,4187.72021484375,4160.93994140625,4167.58984375,4230920000,0.0007032164471135163,0.006221905843962038
2021-05-06,4169.14013671875,4202.7001953125,4147.330078125,4201.6201171875,4511000000,0.008132299498632055,0.006385941133531496
2021-05-07,4210.33984375,4238.0400390625,4201.64013671875,4232.60009765625,4016080000,0.007346291419186351,0.006368145049682541
2021-05-10,4228.2900390625,4236.39013671875,4188.1298828125,4188.43017578125,4560700000,-0.010490480503138024,0.006885476074844336
2021-05-11,4150.33984375,4162.0400390625,4111.52978515625,4152.10009765625,4870710000,-0.008711750141781542,0.007167562346077061
2021-05-12,4130.5498046875,4134.72998046875,4056.8798828125,4063.0400390625,4733070000,-0.021682782358302413,0.008640366846395877
2021-05-13,4074.989990234375,4131.580078125,4074.989990234375,4112.5,4779540000,0.012099644578094055,0.008719860633644279
2021-05-14,4129.580078125,4183.1298828125,4129.580078125,4173.85009765625,4008880000,0.014807778563623631,0.00934815039236055
2021-05-17,4169.919921875,4171.919921875,4142.68994140625,4163.2900390625,4125050000,-0.002533258183961915,0.009287412299990392
2021-05-18,4165.93994140625,4169.14990234375,4125.990234375,4127.830078125,4398150000,-0.0085537723840327,0.009362003770229601
2021-05-19,4098.4501953125,4116.93017578125,4061.409912109375,4115.68017578125,4247450000,-0.002947751811378411,0.009115124251849972
2021-05-20,4121.97021484375,4172.7998046875,4121.97021484375,4159.1201171875,3978880000,0.01049942933450842,0.009208830041972267
2021-05-21,4168.60986328125,4188.72021484375,4151.72021484375,4155.85986328125,3995250000,-0.0007841880752528091,0.008866592086428132
2021-05-24,4170.16015625,4209.52001953125,4170.16015625,4197.0498046875,3684800000,0.009862497481216075,0.009145774508292554
2021-05-25,4205.93994140625,4213.419921875,4182.52001953125,4188.1298828125,4182250000,-0.002127545400828599,0.009159367334185873
2021-05-26,4191.58984375,4202.60986328125,4184.10986328125,4195.990234375,4420890000,0.0018750575506104544,0.009166083673959996
2021-05-27,4201.93994140625,4213.3798828125,4197.77978515625,4200.8798828125,6406310000,0.001164636089862995,0.00903910627705848
2021-05-28,4210.77001953125,4218.35986328125,4203.56982421875,4204.10986328125,4649250000,0.000768586452887337,0.008884272124230456
2021-06-01,4216.52001953125,4234.1201171875,4197.58984375,4202.0400390625,5074670000,-0.0004924547586291649,0.008866358377010108
2021-06-02,4206.81982421875,4217.3701171875,4198.27001953125,4208.1201171875,5833670000,0.0014458890369002922,0.008722884912135655
2021-06-03,4191.43017578125,4204.39013671875,4167.93017578125,4192.85009765625,5587970000,-0.003635303056049319,0.008771873249548623
2021-06-04,4206.0498046875,4233.4501953125,4206.0498046875,4229.89013671875,4139790000,0.008795303383016323,0.00880421517479856
2021-06-07,4229.33984375,4232.33984375,4215.66015625,4226.52001953125,4476920000,-0.0007970562694215079,0.008649862413866104
2021-06-08,4233.81005859375,4236.740234375,4208.41015625,4227.259765625,4659620000,0.00017500954944121158,0.008295237298974193
2021-06-09,4232.990234375,4237.08984375,4218.740234375,4219.5498046875,4713260000,-0.0018255325906156837,0.008033222705114348
2021-06-10,4228.56005859375,4249.740234375,4220.33984375,4239.18017578125,4408210000,0.004641454776462911,0.006071733836516751
2021-06-11,4242.89990234375,4248.3798828125,4232.25,4247.43994140625,3815010000,0.0019465389328083601,0.005599692667961168
2021-06-14,4248.31005859375,4255.58984375,4234.06982421875,4255.14990234375,4151200000,0.0018135563851361702,0.004663988874089468
2021-06-15,4255.27978515625,4257.16015625,4238.35009765625,4246.58984375,4048940000,-0.00201371995427588,0.004644889557094793
2021-06-16,4248.8701171875,4251.89013671875,4202.4501953125,4223.7001953125,4538350000,-0.005404703747026491,0.004348226771389969
2021-06-17,4220.3701171875,4232.2900390625,4196.0498046875,4221.85986328125,5312680000,-0.00043581054367264766,0.004259060311923142
2021-06-18,4204.77978515625,4204.77978515625,4164.39990234375,4166.4501953125,6817010000,-0.013211355687284158,0.0048190379328754435
2021-06-21,4173.39990234375,4226.240234375,4173.39990234375,4224.7900390625,4128950000,0.013905163512319857,0.005715181010739268
2021-06-22,4224.60986328125,4255.83984375,4217.27001953125,4246.43994140625,3828390000,0.005111406378990611,0.0054102592902886895
2021-06-23,4249.27001953125,4256.60009765625,4241.43017578125,4241.83984375,3730350000,-0.0010838705186495853,0.005387705601926493
2021-06-24,4256.97021484375,4271.27978515625,4256.97021484375,4266.490234375,3816660000,0.005794429545916893,0.005505103781009159
2021-06-25,4274.4501953125,4286.1201171875,4271.16015625,4280.7001953125,7341450000,0.003325063164687565,0.005533076336049649
2021-06-28,4284.89990234375,4292.14013671875,4274.669921875,4290.60986328125,4147890000,0.0023122888604717494,0.005541303744021614
2021-06-29,4293.2099609375,4300.52001953125,4287.0400390625,4291.7998046875,3707150000,0.0002772977426878152,0.005532925143034785
2021-06-30,4290.64990234375,4302.43017578125,4287.9599609375,4297.5,4266040000,0.0013272784229071918,0.005532549700515772
2021-07-01,4300.72998046875,4320.66015625,4300.72998046875,4319.93994140625,3788230000,0.005208041432254744,0.005491546628297616
2021-07-02,4326.60009765625,4355.43017578125,4326.60009765625,4352.33984375,3225840000,0.007472095894691671,0.005406249384494265
2021-07-06,4356.4599609375,4356.4599609375,4314.3701171875,4343.5400390625,4309570000,-0.0020239027700217787,0.0054396684510342646
2021-07-07,4351.009765625,4361.8798828125,4329.7900390625,4358.1298828125,4037380000,0.0033533465536629346,0.005449475144962167
2021-07-08,4321.06982421875,4330.8798828125,4289.3701171875,4320.81982421875,4347500000,-0.008597881009556396,0.005863288186792074
2021-07-09,4329.3798828125,4371.60009765625,4329.3798828125,4369.5498046875,3531120000,0.011214825902413766,0.006239364414028167
2021-07-12,4372.41015625,4386.68017578125,4364.02978515625,4384.6298828125,3384460000,0.0034452326955940497,0.0062538091601469226
2021-07-13,4381.06982421875,4392.3701171875,4366.919921875,4369.2099609375,3695430000,-0.0035230111811655838,0.00635674288911943
2021-07-14,4380.10986328125,4393.68017578125,4362.35986328125,4374.2998046875,4006370000,0.0011642565654693257,0.0063084922706469985
2021-07-15,4369.02001953125,4369.02001953125,4340.7001953125,4360.02978515625,3905230000,-0.0032675735627459117,0.006202927621059519
2021-07-16,4367.43017578125,4375.08984375,4322.52978515625,4327.16015625,3985700000,-0.007567415006813217,0.0065221806065370955
2021-07-19,4296.39990234375,4296.39990234375,4233.1298828125,4258.490234375,5157660000,-0.015996781399983978,0.006867425855000888
2021-07-20,4265.10986328125,4336.83984375,4262.0498046875,4323.06005859375,4438270000,0.0150488060047999,0.006983506589444178
2021-07-21,4331.1298828125,4359.7001953125,4331.1298828125,4358.68994140625,3810280000,0.008208041662144044,0.0071091621906990456
2021-07-22,4361.27001953125,4369.8701171875,4350.06005859375,4367.47998046875,3358300000,0.0020146392092429753,0.007088104651828817
2021-07-23,4381.2001953125,4415.18017578125,4381.2001953125,4411.7900390625,4540070000,0.010094332386254415,0.007288881141623873
2021-07-26,4409.580078125,4422.72998046875,4405.4501953125,4422.2998046875,4275630000,0.0023793669227295928,0.007280672477883114
2021-07-27,4416.3798828125,4416.3798828125,4372.509765625,4401.4599609375,4241950000,-0.004723583382178003,0.0074145769228331085
2021-07-28,4402.9501953125,4415.47021484375,4387.009765625,4400.64013671875,4215290000,-0.000186279231552706,0.007418584748059841
2021-07-29,4403.58984375,4429.97021484375,4403.58984375,4419.14990234375,4044600000,0.004197331845272641,0.007447814745352473
2021-07-30,4395.1201171875,4412.25,4389.64990234375,4395.259765625,3956740000,-0.005420713608261166,0.007540102796041659
2021-08-02,4406.85986328125,4422.18017578125,4384.81005859375,4387.16015625,3724090000,-0.001844505670060361,0.007396812098884486
2021-08-03,4392.740234375,4423.7900390625,4373.0,4423.14990234375,3965190000,0.008169961338918062,0.00757029194911703
2021-08-04,4415.9501953125,4416.169921875,4400.22998046875,4402.66015625,4260760000,-0.004643150661295458,0.007645147604515051
2021-08-05,4408.85986328125,4429.759765625,4408.85986328125,4429.10009765625,3769410000,0.005987485990419113,0.00742322033299479
2021-08-06,4429.06982421875,4440.81982421875,4429.06982421875,4436.52001953125,3451870000,0.0016738645485288822,0.0070452406311946455
2021-08-09,4437.77001953125,4439.39013671875,4424.740234375,4432.35009765625,3449280000,-0.0009403502649549345,0.0070255041569362575
2021-08-10,4435.7900390625,4445.2099609375,4430.02978515625,4436.75,3886610000,0.0009921869538634502,0.006960272091988409
2021-08-11,4442.18017578125,4449.43994140625,4436.419921875,4442.41015625,3532560000,0.0012749307180154837,0.006960648538943188
2021-08-12,4446.080078125,4461.77001953125,4435.9599609375,4460.830078125,3375310000,0.00413780773547866,0.00693132709727216
2021-08-13,4464.83984375,4468.3701171875,4460.81982421875,4468.0,3016470000,0.0016060163209228441,0.00662118515774687
2021-08-16,4461.64990234375,4480.259765625,4437.66015625,4479.7099609375,3370640000,0.0026174222619943593,0.005165528601496723
2021-08-17,4462.1201171875,4462.1201171875,4417.830078125,4448.080078125,3836960000,-0.007085743507137991,0.004692169655201833
2021-08-18,4440.93994140625,4454.31982421875,4397.58984375,4400.27001953125,3755590000,-0.01080665284525433,0.005149632804804604
2021-08-19,4382.43994140625,4418.60986328125,4367.72998046875,4405.7998046875,4398410000,0.001255903256156918,0.005140477921971487
2021-08-20,4410.56005859375,4444.35009765625,4406.7998046875,4441.669921875,3652610000,0.00810860389074176,0.004960142008105259
2021-08-23,4450.2900390625,4489.8798828125,4450.2900390625,4479.52978515625,3576530000,0.008487667984412181,0.0052708117626531934
2021-08-24,4484.39990234375,4492.81005859375,4482.27978515625,4486.22998046875,3979220000,0.0014946188019620721,0.005118801918658585
2021-08-25,4490.4501953125,4501.7099609375,4485.66015625,4496.18994140625,3444700000,0.00221765740325088,0.005118845677418976
2021-08-26,4493.75,4495.89990234375,4468.990234375,4470.0,3263980000,-0.0058419498276026565,0.005285955500592247
2021-08-27,4474.10009765625,4513.330078125,4474.10009765625,4509.3701171875,3331200000,0.008769071540452218,0.005390515772461564
2021-08-30,4513.759765625,4537.35986328125,4513.759765625,4528.7900390625,3168660000,0.0042973241068746,0.005377987326198351
2021-08-31,4529.75,4531.39013671875,4515.7998046875,4522.68017578125,4290710000,-0.0013500269158932096,0.00518257480968794
2021-09-01,4528.7998046875,4537.10986328125,4522.02001953125,4524.08984375,4057340000,0.00031164006095334113,0.005008453824121286
2021-09-02,4534.47998046875,4545.85009765625,4524.66015625,4536.9501953125,3735990000,0.002838605754404257,0.004903740866913486
2021-09-03,4532.419921875,4541.4501953125,4521.2998046875,4535.43017578125,3217530000,-0.0003350872611813474,0.0049141510927146375
2021-09-07,4535.3798828125,4535.3798828125,4513.0,4520.02978515625,3822960000,-0.0034013524523203464,0.00499809055287069
2021-09-08,4518.08984375,4521.7900390625,4493.9501953125,4514.06982421875,3750880000,-0.001319436813816666,0.005024438853985708
2021-09-09,4513.02001953125,4529.89990234375,4492.06982421875,4493.27978515625,3735390000,-0.004616247150002522,0.005169658039398256
2021-09-10,4506.919921875,4520.47021484375,4457.66015625,4458.580078125,3623180000,-0.0077525522862761,0.005415531650665693
2021-09-13,4474.81005859375,4492.990234375,4445.7001953125,4468.72998046875,3914220000,0.002273900346369644,0.005428164393460324
2021-09-14,4479.330078125,4485.68017578125,4435.4599609375,4443.0498046875,3670460000,-0.005763213966258604,0.005538493520726619
2021-09-15,4447.490234375,4486.8701171875,4438.3701171875,4480.7001953125,4032020000,0.008438294222079725,0.005640675028786318
2021-09-16,4477.08984375,4485.8701171875,4443.7998046875,4473.75,3984560000,-0.0015523447127638308,0.005021580219691676
2021-09-17,4469.740234375,4471.52001953125,4427.759765625,4432.990234375,7289530000,-0.0091526302757993,0.005492210805377734
2021-09-20,4402.9501953125,4402.9501953125,4305.91015625,4357.72998046875,4898070000,-0.017123077726381844,0.006424728362929551
2021-09-21,4374.4501953125,4394.8701171875,4347.9599609375,4354.18994140625,3920920000,-0.0008126886585469564,0.006029822375402228
2021-09-22,4367.43017578125,4416.75,4367.43017578125,4395.64013671875,3939170000,0.009474585224220084,0.006479981435429776
2021-09-23,4406.75,4465.39990234375,4406.75,4448.97998046875,3916350000,0.012061680369935969,0.007084509646989243
2021-09-24,4438.0400390625,4463.1201171875,4430.27001953125,4455.47998046875,3384290000,0.0014599428113642636,0.006983664973237557
2021-09-27,4442.1201171875,4457.2998046875,4436.18994140625,4443.10986328125,4058650000,-0.002780243920187674,0.006677007120699491
2021-09-28,4419.5400390625,4419.5400390625,4346.330078125,4352.6298828125,4416550000,-0.020574317739894057,0.00789454965163475
2021-09-29,4362.41015625,4385.56982421875,4355.080078125,4359.4599609375,3712660000,0.0015679543362838073,0.007933743765849334
2021-09-30,4370.669921875,4382.5498046875,4306.240234375,4307.5400390625,4448140000,-0.011981202945014901,0.008229131881353224
2021-10-01,4317.16015625,4375.18994140625,4288.52001953125,4357.0400390625,4010370000,0.011425952113334161,0.008728602827064414
2021-10-04,4348.83984375,4355.509765625,4278.93994140625,4300.4599609375,4307870000,-0.013070952048643704,0.009057352535465135
2021-10-05,4309.8701171875,4369.22998046875,4309.8701171875,4345.72021484375,3902890000,0.010469517498601526,0.009516989785437928
2021-10-06,4319.56982421875,4365.56982421875,4290.490234375,4363.5498046875,4009630000,0.004094399349624824,0.009612868419825884
2021-10-07,4383.72998046875,4429.97021484375,4383.72998046875,4399.759765625,3843740000,0.008264039225065405,0.009835778658452678
2021-10-08,4406.509765625,4412.02001953125,4386.22021484375,4391.33984375,3280160000,-0.0019155566024214522,0.009712306321910415
2021-10-11,4385.43994140625,4415.8798828125,4360.58984375,4361.18994140625,3281970000,-0.006889441644339833,0.009777578670799909
2021-10-12,4368.31005859375,4374.89013671875,4342.08984375,4350.64990234375,3558450000,-0.0024197056865549256,0.009724212295100062
2021-10-13,4358.009765625,4372.8701171875,4329.919921875,4363.7998046875,3620070000,0.0030179558702319183,0.00951920154314917
2021-10-14,4386.75,4439.72998046875,4386.75,4438.259765625,3598280000,0.016919162285711567,0.010355036246681286
2021-10-15,4447.68994140625,4475.81982421875,4447.68994140625,4471.3701171875,3819380000,0.007432520637190081,0.01028088813041904
2021-10-18,4463.72021484375,4488.75,4447.47021484375,4486.4599609375,3662010000,0.0033690878018038262,0.009424843306618913
2021-10-19,4497.33984375,4520.39990234375,4496.41015625,4519.6298828125,3459130000,0.007366142784235753,0.00949839296983443
2021-10-20,4524.419921875,4540.8701171875,4524.39990234375,4536.18994140625,3670760000,0.003657333598560689,0.009340854321366145
2021-10-21,4532.240234375,4551.43994140625,4526.89013671875,4549.77978515625,3822330000,0.002991393168360022,0.009019506606181166
2021-10-22,4546.1201171875,4559.669921875,4524.0,4544.89990234375,3758220000,-0.0010731292246643565,0.009032260687269285
2021-10-25,4553.68994140625,4572.6201171875,4537.35986328125,4566.47998046875,3899400000,0.004736959440853509,0.009023359084585644
2021-10-26,4578.68994140625,4598.52978515625,4569.169921875,4574.7900390625,3879740000,0.0018181414322441137,0.007400577616751722
2021-10-27,4580.22021484375,4584.56982421875,4551.66015625,4551.68017578125,4226050000,-0.0050643703711055294,0.007590189316797481
2021-10-28,4562.83984375,4597.5498046875,4562.83984375,4596.419921875,4132950000,0.009781288424184026,0.0069930463451608445
2021-10-29,4572.8701171875,4608.080078125,4567.58984375,4605.3798828125,4510200000,0.0019474372317175562,0.006725540494983214
2021-11-01,4610.6201171875,4620.33984375,4595.06005859375,4613.669921875,3971540000,0.0017984589459023885,0.005611690106295737
2021-11-02,4613.33984375,4635.14990234375,4613.33984375,4630.64990234375,3975250000,0.003673607120388547,0.0053689261122819906
2021-11-03,4630.64990234375,4663.4599609375,4621.18994140625,4660.56982421875,4319660000,0.00644049461289024,0.005415492363688883
2021-11-04,4662.93017578125,4683.0,4662.58984375,4680.06005859375,4462300000,0.004173222342817036,0.005293725520607028
2021-11-05,4699.259765625,4718.5,4681.31982421875,4697.52978515625,4467180000,0.003725850045284445,0.005161734220291651
2021-11-08,4701.47998046875,4714.919921875,4694.39013671875,4701.7001953125,4269710000,0.0008873940607025194,0.004611814692939977
2021-11-09,4707.25,4708.52978515625,4670.8701171875,4685.25,4117080000,-0.0035049109264001276,0.004693987716432137
2021-11-10,4670.259765625,4684.85009765625,4630.85986328125,4646.7099609375,4503720000,-0.008259842163861058,0.005404462836760898
2021-11-11,4659.39013671875,4664.5498046875,4648.31005859375,4649.27001953125,3926870000,0.0005507883329889288,0.0043433267462710656
2021-11-12,4655.240234375,4688.47021484375,4650.77001953125,4682.85009765625,3728600000,0.007196697564130407,0.00432902029352971
2021-11-15,4689.2998046875,4697.419921875,4672.85986328125,4682.7998046875,3488410000,-1.0739878017001878e-05,0.004351436501622718
2021-11-16,4679.419921875,4714.9501953125,4679.419921875,4700.89990234375,3972640000,0.0038577790571266367,0.004197737870415543
2021-11-17,4701.5,4701.5,4684.41015625,4688.669921875,3969070000,-0.0026050154828958787,0.0042973320763538495
2021-11-18,4700.72021484375,4708.7998046875,4672.77978515625,4704.5400390625,4226410000,0.0033790647401719144,0.004304554668396492
2021-11-19,4708.43994140625,4717.75,4694.22021484375,4697.9599609375,4253180000,-0.001399644604988097,0.004316119492903659
2021-11-22,4712.0,4743.830078125,4682.169921875,4682.93994140625,4441100000,-0.003202258316960725,0.004382439705670817
2021-11-23,4678.47998046875,4699.39013671875,4652.66015625,4690.7001953125,4277590000,0.001655761383195201,0.004381499957577628
2021-11-24,4675.77978515625,4702.8701171875,4659.89013671875,4701.4599609375,3418430000,0.0022912237766672798,0.004124671845029566
2021-11-26,4664.6298828125,4664.6298828125,4585.43017578125,4594.6201171875,3517700000,-0.022987011159321162,0.006522750638209106
2021-11-29,4628.75,4672.9501953125,4625.259765625,4655.27001953125,4336410000,0.013113836082824229,0.007147919565924584
2021-11-30,4640.25,4646.02001953125,4560.0,4567.0,6625990000,-0.019143381187850562,0.00838116059164521
2021-12-01,4602.81982421875,4652.93994140625,4510.27001953125,4513.0400390625,5366730000,-0.011885541457955926,0.008689014351630378
2021-12-02,4504.72998046875,4595.4599609375,4504.72998046875,4577.10009765625,5077180000,0.014094638396057768,0.009200747198586656
2021-12-03,4589.490234375,4608.02978515625,4495.1201171875,4538.43017578125,5240070000,-0.00848445514173865,0.009268240955267671
2021-12-06,4548.3701171875,4612.60009765625,4540.509765625,4591.669921875,4770800000,0.011662599309686139,0.009666762446695048
2021-12-07,4631.97021484375,4694.0400390625,4631.97021484375,4686.75,4492400000,0.020495603186252546,0.010809914654495795
2021-12-08,4690.85986328125,4705.06005859375,4674.52001953125,4701.2099609375,4234600000,0.003080535586585806,0.010802935941382624
2021-12-09,4691.0,4695.259765625,4665.97998046875,4667.4501953125,3903840000,-0.007206988232523656,0.01076218354470742
2021-12-10,4687.64013671875,4713.56982421875,4670.240234375,4712.02001953125,3870110000,0.009503769118209724,0.01096091275967347
2021-12-13,4710.2998046875,4710.2998046875,4667.60009765625,4668.97021484375,4397230000,-0.009178158342793815,0.011058892129120753
2021-12-14,4642.990234375,4660.47021484375,4606.52001953125,4634.08984375,4485430000,-0.0074987228546236715,0.011180074667240598
2021-12-15,4636.4599609375,4712.60009765625,4611.22021484375,4709.85009765625,4910130000,0.016216267351890877,0.011761350767226283
2021-12-16,4719.1298828125,4731.990234375,4651.89013671875,4668.669921875,4829500000,-0.008781863311112446,0.011916066823999245
2021-12-17,4652.5,4666.7001953125,4600.22021484375,4620.64013671875,7987090000,-0.01034096458405368,0.012091974058805823
2021-12-20,4587.89990234375,4587.89990234375,4531.10009765625,4568.02001953125,4635700000,-0.01145339832325659,0.012320664803012705
2021-12-21,4594.9599609375,4651.14013671875,4583.16015625,4649.22998046875,4072430000,0.017621755385195486,0.013020580718640883
2021-12-22,4650.35986328125,4697.669921875,4645.52978515625,4696.56005859375,3319610000,0.010128728029127596,0.013225884192580964
2021-12-23,4703.9599609375,4740.740234375,4703.9599609375,4725.7900390625,2913040000,0.006204412685251626,0.013289384501817268
2021-12-27,4733.990234375,4791.490234375,4733.990234375,4791.18994140625,2770290000,0.013744051573605864,0.012417359376367777
2021-12-28,4795.490234375,4807.02001953125,4780.0400390625,4786.35009765625,2707920000,-0.0010106653988873737,0.012156589111259284
2021-12-29,4788.64013671875,4804.06005859375,4778.080078125,4793.06005859375,2963310000,0.0014009134018576786,0.011157279374480378
2021-12-30,4794.22998046875,4808.93017578125,4775.330078125,4778.72998046875,3124950000,-0.002994233841904309,0.010726266840350888
2021-12-31,4775.2099609375,4786.830078125,4765.75,4766.18017578125,2677820000,-0.0026296343734744394,0.010452759701851824
2022-01-03,4778.14013671875,4796.64013671875,4758.169921875,4796.56005859375,3831020000,0.006353824170388397,0.010190953701172047
2022-01-04,4804.509765625,4818.6201171875,4774.27001953125,4793.5400390625,4683170000,-0.0006298202522032699,0.009994944721224194
2022-01-05,4787.990234375,4797.7001953125,4699.43994140625,4700.580078125,4887960000,-0.019583264304501073,0.010140173267556065
2022-01-06,4693.39013671875,4725.009765625,4671.259765625,4696.0498046875,4295280000,-0.0009642337401809882,0.010118906255008027
2022-01-07,4697.66015625,4707.9501953125,4662.740234375,4677.02978515625,4181510000,-0.004058441082336512,0.010025843949034706
2022-01-10,4655.33984375,4673.02001953125,4582.240234375,4670.2900390625,4511810000,-0.0014420705375388979,0.009781413656947591
2022-01-11,4669.14013671875,4714.1298828125,4638.27001953125,4713.06982421875,4101590000,0.009118286452399373,0.009777221670086706
2022-01-12,4728.58984375,4748.830078125,4706.7099609375,4726.35009765625,4048220000,0.0028137920146670695,0.009605266295833291
2022-01-13,4733.56005859375,4744.1298828125,4650.2900390625,4659.02978515625,4251730000,-0.014346029234400533,0.00948502699554671
2022-01-14,4637.990234375,4665.1298828125,4614.75,4662.85009765625,4338490000,0.0008196442695905652,0.00928696536395368
2022-01-18,4632.240234375,4632.240234375,4568.7001953125,4577.10986328125,4748700000,-0.0185591053980085,0.00992553764308458
2022-01-19,4588.02978515625,4611.5498046875,4530.2001953125,4532.759765625,4465740000,-0.009736790941460195,0.009832577252140179
2022-01-20,4547.35009765625,4602.10986328125,4477.9501953125,4482.72998046875,4640870000,-0.011098742304330734,0.009136592792415452
2022-01-21,4471.3798828125,4494.52001953125,4395.33984375,4397.93994140625,5589100000,-0.019095995324635427,0.00945585355261571
2022-01-24,4356.31982421875,4417.35009765625,4222.6201171875,4410.1298828125,6928110000,0.0027679047582695165,0.009304357813531132
2022-01-25,4366.64013671875,4411.009765625,4287.10986328125,4356.4501953125,5145050000,-0.012246590556866267,0.008560865272595064
2022-01-26,4408.43017578125,4453.22998046875,4304.7998046875,4349.93017578125,5570640000,-0.0014977569258856588,0.008550335674691528
2022-01-27,4380.580078125,4428.740234375,4309.5,4326.509765625,5214200000,-0.005398635199970923,0.008425894347171874
2022-01-28,4336.18994140625,4432.72021484375,4292.4599609375,4431.85009765625,5031090000,0.024055967914736694,0.010659989423481165
2022-01-31,4431.7900390625,4516.89013671875,4414.02001953125,4515.5498046875,5098610000,0.018709826222984446,0.01178816389882442
2022-02-01,4519.56982421875,4550.490234375,4483.52978515625,4546.5400390625,4816830000,0.006839560348317067,0.01180828416175776
2022-02-02,4566.39013671875,4595.31005859375,4544.31982421875,4589.3798828125,4481580000,0.009378400448324454,0.012107852868614828
2022-02-03,4535.41015625,4542.8798828125,4470.39013671875,4477.43994140625,4401970000,-0.024693471720120656,0.01254070783725257
2022-02-04,4482.7900390625,4539.66015625,4451.5,4500.52978515625,4706290000,0.005143678439863626,0.012652200918080699
2022-02-07,4505.75,4521.85986328125,4471.47021484375,4483.8701171875,4228480000,-0.003708580927828488,0.012649630568578542
2022-02-08,4480.02001953125,4531.31982421875,4465.39990234375,4521.5400390625,4459620000,0.00836611346663433,0.01286513008875387
2022-02-09,4547.0,4590.02978515625,4547.0,4587.18017578125,4524350000,0.014412842079264784,0.013149030022286007
2022-02-10,4553.240234375,4588.919921875,4484.31005859375,4504.080078125,5314860000,-0.01828182448505601,0.013634293148312661
2022-02-11,4506.27001953125,4526.330078125,4401.41015625,4418.64013671875,5251500000,-0.019151682638086528,0.013895588259033913
2022-02-14,4412.60986328125,4426.22021484375,4364.83984375,4401.669921875,4600390000,-0.0038479907556283146,0.013873448809754205
2022-02-15,4429.27978515625,4472.77001953125,4429.27978515625,4471.06982421875,4430830000,0.015643717646064172,0.01394713290527783
2022-02-16,4455.75,4489.5498046875,4429.68017578125,4475.009765625,4283640000,0.0008808197202838003,0.013805318587926114
2022-02-17,4456.06005859375,4456.06005859375,4373.81005859375,4380.259765625,4539420000,-0.021400504136936647,0.0143956013285788
2022-02-18,4384.56982421875,4394.60009765625,4327.22021484375,4348.8701171875,4708060000,-0.007191961663866342,0.013850598536062124
2022-02-22,4332.740234375,4362.1201171875,4267.10986328125,4304.759765625,5121900000,-0.010194735435016016,0.013989221505204312
2022-02-23,4324.93017578125,4341.509765625,4221.509765625,4225.5,4797430000,-0.018583735748788438,0.014320231060912937
2022-02-24,4155.77001953125,4294.72998046875,4114.64990234375,4288.7001953125,6752130000,0.014846105252724002,0.014780855683632745
2022-02-25,4298.3798828125,4385.33984375,4286.830078125,4384.64990234375,5177060000,0.022126080551265786,0.015580955257087985
2022-02-28,4354.169921875,4388.83984375,4315.1201171875,4373.93994140625,6071370000,-0.0024455914631261143,0.014582086698647561
2022-03-01,4363.14013671875,4378.4501953125,4279.5400390625,4306.259765625,5846230000,-0.015594467786613053,0.01419651214000845
2022-03-02,4322.56005859375,4401.47998046875,4322.56005859375,4386.5400390625,5337870000,0.018471046780652183,0.014818397886926795
2022-03-03,4401.31005859375,4416.77978515625,4345.56005859375,4363.490234375,5039890000,-0.005268520744245652,0.014597613397379935
2022-03-04,4342.1201171875,4342.1201171875,4284.97998046875,4328.8701171875,5797380000,-0.007965684543001903,0.013712919877917947
2022-03-07,4327.009765625,4327.009765625,4199.85009765625,4201.08984375,6940470000,-0.029962586814416495,0.014980777665047611
2022-03-08,4202.66015625,4276.93994140625,4157.8701171875,4170.7001953125,7243120000,-0.007260043975698096,0.015005125584890117
2022-03-09,4223.10009765625,4299.39990234375,4223.10009765625,4277.8798828125,5662670000,0.025373598122141117,0.016157816426528693
2022-03-10,4252.5498046875,4268.27978515625,4209.7998046875,4259.52001953125,4980830000,-0.004301049920247209,0.015644098094054346
2022-03-11,4279.5,4291.009765625,4200.490234375,4204.31005859375,4938640000,-0.013046278933238144,0.015429684565155926
2022-03-14,4202.75,4247.56982421875,4161.72021484375,4173.10986328125,5574920000,-0.007448675095533314,0.015019073160015875
2022-03-15,4188.81982421875,4271.0498046875,4187.89990234375,4262.4501953125,5392470000,0.021182629724144964,0.01594653895838284
2022-03-16,4288.14013671875,4358.89990234375,4251.990234375,4357.85986328125,6309750000,0.022136921648393443,0.016376537061511702
2022-03-17,4345.10986328125,4412.669921875,4335.64990234375,4411.669921875,4985090000,0.012272205068700267,0.01665151552590351
2022-03-18,4407.33984375,4465.39990234375,4390.56982421875,4463.1201171875,8278430000,0.011594814411888112,0.016120019683038674
2022-03-21,4462.39990234375,4481.75,4424.2998046875,4461.18017578125,4869820000,-0.0004347548543014596,0.016011121647129565
2022-03-22,4469.10009765625,4522.0,4469.10009765625,4511.60986328125,4754840000,0.011240699554074212,0.01592012396319188
2022-03-23,4493.10009765625,4501.06982421875,4455.81005859375,4456.240234375,4550670000,-0.012348630252495208,0.015545321110582794
2022-03-24,4469.97998046875,4520.580078125,4465.169921875,4520.16015625,4131390000,0.014242012281618024,0.015520961745954086
2022-03-25,4522.91015625,4546.02978515625,4501.06982421875,4543.06005859375,4305020000,0.005053380704237665,0.014847017504332483
2022-03-28,4541.08984375,4575.64990234375,4517.68994140625,4575.52001953125,4312260000,0.007119551020042568,0.014857975827695656
2022-03-29,4602.85986328125,4637.2998046875,4589.66015625,4631.60009765625,5085910000,0.01218204410139109,0.014392829348390196
2022-03-30,4624.2001953125,4627.77001953125,4581.31982421875,4602.4501953125,4385570000,-0.006313588999088777,0.014113073940851468
2022-03-31,4599.02001953125,4603.06982421875,4530.41015625,4530.41015625,4823020000,-0.015776335226881762,0.014600830890066661
2022-04-01,4540.31982421875,4548.7001953125,4507.56982421875,4545.85986328125,4562940000,0.0034044209614630277,0.014417626898831705
2022-04-04,4547.97021484375,4583.5,4539.2099609375,4582.64013671875,4547350000,0.008058382532133647,0.012265550233826026
2022-04-05,4572.4501953125,4593.4501953125,4514.169921875,4525.1201171875,4800620000,-0.01263115907400537,0.012587625562480442
2022-04-06,4494.169921875,4503.93994140625,4450.0400390625,4481.14990234375,4986830000,-0.009764433912479721,0.011891826253009946
2022-04-07,4474.64990234375,4521.16015625,4450.2998046875,4500.2099609375,4821490000,0.004244365552037262,0.011794489887577825
2022-04-08,4494.14990234375,4520.41015625,4474.60009765625,4488.27978515625,4083200000,-0.0026545466755523947,0.01127972291851098
2022-04-11,4462.64013671875,4464.35009765625,4408.3798828125,4412.52978515625,4266290000,-0.017021334584696127,0.011942049433533832
2022-04-12,4437.58984375,4471.0,4381.33984375,4397.4501953125,4152090000,-0.0034233005304522353,0.011191277548504918
2022-04-13,4394.2998046875,4453.919921875,4392.7001953125,4446.58984375,3828150000,0.011112603268901934,0.010365412255455932
2022-04-14,4449.1201171875,4460.4599609375,4390.77001953125,4392.58984375,4083090000,-0.012218480383508163,0.010411159521478534
2022-04-18,4385.6298828125,4410.31005859375,4370.2998046875,4391.68994140625,3910490000,-0.0002048892724065068,0.010034096826046045
2022-04-19,4390.6298828125,4471.02978515625,4390.6298828125,4462.2099609375,4108120000,0.01593004474938665,0.010710469106939876
2022-04-20,4472.259765625,4488.2900390625,4448.759765625,4459.4501953125,4290450000,-0.0006186664061825758,0.010379229603275834
2022-04-21,4489.169921875,4512.93994140625,4384.47021484375,4393.66015625,4636890000,-0.014862855551311067,0.01054318386338463
2022-04-22,4385.830078125,4385.830078125,4267.6201171875,4271.77978515625,4651940000,-0.028132076377366966,0.011586942894389864
2022-04-25,4255.33984375,4299.02001953125,4200.81982421875,4296.1201171875,5240040000,0.0056817651441118085,0.011610261239201523
2022-04-26,4278.14013671875,4278.14013671875,4175.0400390625,4175.2001953125,4689970000,-0.028550008928597752,0.01269606756213697
2022-04-27,4186.52001953125,4240.7099609375,4162.89990234375,4183.9599609375,4769680000,0.0020958490249645954,0.012185342969655056
2022-04-28,4222.580078125,4308.4501953125,4188.6298828125,4287.5,4854180000,0.024445655340832175,0.013849265991693163
2022-04-29,4253.75,4269.68017578125,4124.27978515625,4131.93017578125,5084030000,-0.03695915978469415,0.015540673095619515
2022-05-02,4130.60986328125,4169.81005859375,4062.510009765625,4155.3798828125,5163790000,0.005659199293818601,0.015609847418253704
2022-05-03,4159.77978515625,4200.10009765625,4147.080078125,4175.47998046875,4582050000,0.004825465075359521,0.01548933176463794
2022-05-04,4181.18017578125,4307.66015625,4148.91015625,4300.169921875,5136360000,0.029425221557325833,0.017118237037691324
2022-05-05,4270.43017578125,4270.43017578125,4106.009765625,4146.8701171875,5077030000,-0.03630067756409906,0.018665371760275766
2022-05-06,4128.169921875,4157.68994140625,4067.909912109375,4123.33984375,5116940000,-0.00569038441395277,0.01856983527158841
2022-05-09,4081.27001953125,4081.27001953125,3975.47998046875,3991.239990234375,5954520000,-0.03256151953960419,0.01959974937177288
2022-05-10,4035.179931640625,4068.820068359375,3958.169921875,4001.050048828125,5885820000,0.002454881760409255,0.01950003424543184
2022-05-11,3990.080078125,4049.090087890625,3928.820068359375,3935.179931640625,5816140000,-0.016600232095697796,0.019669575462250143
2022-05-12,3903.949951171875,3964.800048828125,3858.8701171875,3930.080078125,6286450000,-0.0012968049941124407,0.01930859464328449
2022-05-13,3963.89990234375,4038.8798828125,3963.89990234375,4023.889892578125,5183340000,0.023589267956869442,0.02035062784241018
2022-05-16,4013.02001953125,4046.4599609375,3983.989990234375,4008.010009765625,4415030000,-0.003954208517722458,0.020327365117728806
2022-05-17,4052.0,4090.719970703125,4033.929931640625,4088.85009765625,4841410000,0.01996891958146264,0.02056047890912993
2022-05-18,4051.97998046875,4051.97998046875,3911.909912109375,3923.679931640625,5103220000,-0.041233809291248875,0.0221173910334936
2022-05-19,3899.0,3945.9599609375,3876.580078125,3900.7900390625,5113550000,-0.005850864777347809,0.022027515709933
2022-05-20,3927.760009765625,3943.419921875,3810.320068359375,3901.360107421875,5130730000,0.0001461310919903067,0.02142810055138634
2022-05-23,3919.419921875,3981.8798828125,3909.0400390625,3973.75,4420030000,0.018384995412060758,0.021929298377046533
2022-05-24,3942.93994140625,3955.679931640625,3875.1298828125,3941.47998046875,4923190000,-0.008153950903558081,0.021184236776182728
2022-05-25,3929.590087890625,3999.330078125,3925.030029296875,3978.72998046875,4802560000,0.009406385648931585,0.021337136238912334
2022-05-26,3984.60009765625,4075.139892578125,3984.60009765625,4057.840087890625,4709970000,0.019688166007720866,0.0210452749789186
2022-05-27,4077.429931640625,4158.490234375,4077.429931640625,4158.240234375,4375620000,0.024441130195822013,0.0202563633107914
2022-05-31,4151.08984375,4168.33984375,4104.8798828125,4132.14990234375,6822640000,-0.006294135193666945,0.02026679612937614
2022-06-01,4149.77978515625,4166.5400390625,4073.85009765625,4101.22998046875,4531800000,-0.007510905041155451,0.02029093778038368
2022-06-02,4095.409912109375,4177.509765625,4074.3701171875,4176.81982421875,4405790000,0.018263225415545106,0.019553120497830596
2022-06-03,4137.56982421875,4142.669921875,4098.669921875,4108.5400390625,3711110000,-0.016482405609817057,0.018145810131015756
2022-06-06,4134.72021484375,4168.77978515625,4109.18017578125,4121.43017578125,4332700000,0.003132489407036025,0.018119299052636942
2022-06-07,4096.47021484375,4164.85986328125,4080.18994140625,4160.68017578125,4248210000,0.00947833153171984,0.016513211925331967
2022-06-08,4147.1201171875,4160.14013671875,4107.2001953125,4115.77001953125,4159470000,-0.010852623040155319,0.016763468712813458
2022-06-09,4101.64990234375,4119.10009765625,4017.169921875,4017.820068359375,4134170000,-0.02408645766515553,0.017263003076237803
2022-06-10,3974.389892578125,3974.389892578125,3900.159912109375,3900.860107421875,4889640000,-0.029542414811409477,0.018570064448862153
2022-06-13,3838.14990234375,3838.14990234375,3734.300048828125,3749.6298828125,5636890000,-0.03953993199003993,0.01961829813148865
2022-06-14,3763.52001953125,3778.179931640625,3705.679931640625,3735.47998046875,5153890000,-0.003780818039489633,0.019618138926260454
2022-06-15,3764.050048828125,3837.56005859375,3722.300048828125,3789.989990234375,5530480000,0.014487058836534478,0.019308531307965143
2022-06-16,3728.179931640625,3728.179931640625,3639.77001953125,3666.77001953125,5644930000,-0.033052207113840666,0.01854516729495102
2022-06-17,3665.89990234375,3707.7099609375,3636.8701171875,3674.840087890625,8520740000,0.0021984473410133873,0.018576175073702413
2022-06-21,3715.31005859375,3779.64990234375,3715.31005859375,3764.7900390625,5292260000,0.024182474960671992,0.019541748037767377
2022-06-22,3733.889892578125,3801.7900390625,3717.68994140625,3759.889892578125,5058990000,-0.0013024200953574458,0.018959617034685582
2022-06-23,3774.7099609375,3802.580078125,3743.52001953125,3795.72998046875,5098640000,0.00948707248555652,0.019105555760178385
2022-06-24,3821.75,3913.64990234375,3821.75,3911.739990234375,8120260000,0.030105539729901033,0.020274247462701723
2022-06-27,3920.760009765625,3927.719970703125,3889.659912109375,3900.110107421875,4325310000,-0.0029774998903406716,0.019690934234651084
2022-06-28,3913.0,3945.860107421875,3820.139892578125,3821.550048828125,4270120000,-0.0203486731494949,0.01906463298635319
2022-06-29,3825.090087890625,3836.5,3799.02001953125,3818.830078125,4211240000,-0.0007119988201726959,0.01907355626511461
2022-06-30,3785.989990234375,3818.989990234375,3738.669921875,3785.3798828125,4840070000,-0.008797866246367652,0.01908839299925321
2022-07-01,3781.0,3829.820068359375,3752.10009765625,3825.330078125,4046950000,0.010498511296639174,0.018686330567877014
2022-07-05,3792.610107421875,3832.18994140625,3742.06005859375,3831.389892578125,5076590000,0.0015828751061934918,0.01850707075199811
2022-07-06,3831.97998046875,3870.909912109375,3809.3701171875,3845.080078125,4417720000,0.003566795705066178,0.01851550559191193
2022-07-07,3858.85009765625,3910.6298828125,3858.85009765625,3902.6201171875,4057770000,0.014853723180930391,0.018750877760439398
2022-07-08,3888.260009765625,3918.5,3869.340087890625,3899.3798828125,3521620000,-0.00083061639612735,0.018669384883317194
2022-07-11,3880.93994140625,3880.93994140625,3847.219970703125,3854.429931640625,3423480000,-0.011594417660525545,0.0181170329098396
2022-07-12,3851.949951171875,3873.409912109375,3802.360107421875,3818.800048828125,3817210000,-0.00928686849749371,0.017034611376168664
2022-07-13,3779.669921875,3829.43994140625,3759.070068359375,3801.780029296875,4109390000,-0.00446686411181668,0.014478642300399747
2022-07-14,3763.989990234375,3796.409912109375,3721.56005859375,3790.3798828125,4199690000,-0.003003138812764307,0.014467041386226216
2022-07-15,3818.0,3863.6201171875,3817.179931640625,3863.159912109375,4143800000,0.01901923165863364,0.014727037979110234
2022-07-18,3883.7900390625,3902.43994140625,3818.6298828125,3830.85009765625,4046870000,-0.008398742485835936,0.012610324751056496
2022-07-19,3860.72998046875,3939.81005859375,3860.72998046875,3936.68994140625,4041070000,0.02725351764373082,0.013799768791843185
2022-07-20,3935.320068359375,3974.1298828125,3922.030029296875,3959.89990234375,4185300000,0.0058784939410571665,0.012931477364926194
2022-07-21,3955.469970703125,3999.2900390625,3927.639892578125,3998.949951171875,4132790000,0.00981306668950467,0.01299696011269503
2022-07-22,3998.429931640625,4012.43994140625,3938.860107421875,3961.6298828125,3979240000,-0.009376287293813849,0.013190696805796685
2022-07-25,3965.719970703125,3975.300048828125,3943.4599609375,3966.840087890625,3568340000,0.001314302973305868,0.011431714125941225
2022-07-26,3953.219970703125,3953.219970703125,3910.739990234375,3921.050048828125,3778950000,-0.011610342599263359,0.011736764432960858
2022-07-27,3951.429931640625,4039.56005859375,3951.429931640625,4023.610107421875,4112180000,0.025820048778629066,0.012005674202726975
2022-07-28,4026.1298828125,4078.949951171875,3992.969970703125,4072.429931640625,4413000000,0.012060319791912806,0.012160264138428616
2022-07-29,4087.330078125,4140.14990234375,4079.219970703125,4130.2900390625,4616360000,0.014107775781753557,0.012047468380186057
2022-08-01,4112.3798828125,4144.9501953125,4096.02001953125,4118.6298828125,4202810000,-0.002827076544916728,0.01205859471169596
2022-08-02,4104.2099609375,4140.47021484375,4079.81005859375,4091.18994140625,4727710000,-0.00668468837887098,0.01227454284895306
2022-08-03,4107.9599609375,4167.66015625,4107.9599609375,4155.169921875,4351760000,0.015517456270090707,0.012576389682008901
2022-08-04,4154.85009765625,4161.2900390625,4135.419921875,4151.93994140625,4283320000,-0.0007776424495837734,0.012341917811391847
2022-08-05,4115.8701171875,4151.580078125,4107.31005859375,4145.18994140625,4085940000,-0.0016270690189191196,0.012356531870334458
2022-08-08,4155.93017578125,4186.6201171875,4128.97021484375,4140.06005859375,4221090000,-0.0012383171221209141,0.011919524514334201
2022-08-09,4133.10986328125,4137.2998046875,4112.08984375,4122.47021484375,3913090000,-0.004257744235926498,0.011684655466458412
2022-08-10,4181.02001953125,4211.02978515625,4177.259765625,4210.240234375,4546010000,0.021067158460407496,0.012117817188462193
2022-08-11,4227.39990234375,4257.91015625,4201.41015625,4207.27001953125,4630200000,-0.0007057229222018175,0.012047621445946479
2022-08-12,4225.02001953125,4280.47021484375,4219.77978515625,4280.14990234375,3788010000,0.017174046951492668,0.01194297642809831
2022-08-15,4269.3701171875,4301.7900390625,4256.89990234375,4297.14013671875,3696830000,0.003961684056233163,0.011518585809782394
2022-08-16,4290.4599609375,4325.27978515625,4277.77001953125,4305.2001953125,4329820000,0.0018739228259478625,0.01036427905023254
2022-08-17,4280.39990234375,4302.18017578125,4253.080078125,4274.0400390625,3885030000,-0.007264114867648021,0.010682317173030498
2022-08-18,4273.1298828125,4292.52978515625,4261.97998046875,4283.740234375,3340330000,0.0022669896063847975,0.010592274350645987
2022-08-19,4266.31005859375,4266.31005859375,4218.7001953125,4228.47998046875,3761340000,-0.012983928713038868,0.01084960535538254
2022-08-22,4195.080078125,4195.080078125,4129.85986328125,4137.990234375,3907430000,-0.021632366466494565,0.012195883223328794
2022-08-23,4133.08984375,4159.77001953125,4124.02978515625,4128.72998046875,3823520000,-0.002240370434437464,0.011815026210474899
2022-08-24,4126.5498046875,4156.56005859375,4119.97021484375,4140.77001953125,3583630000,0.002911916698724165,0.010478290726375626
2022-08-25,4153.259765625,4200.5400390625,4147.58984375,4199.1201171875,3566870000,0.013993241836107048,0.010589770961766243
2022-08-26,4198.740234375,4203.0400390625,4057.659912109375,4057.659912109375,3832750000,-0.03426857631703952,0.012849771309347988
2022-08-29,4034.580078125,4062.989990234375,4017.419921875,4030.610107421875,3396510000,-0.0066886751973248065,0.012909330180650965
2022-08-30,4041.25,4044.97998046875,3965.2099609375,3986.159912109375,3835860000,-0.011089416492117008,0.01304681828662789
2022-08-31,4000.669921875,4015.3701171875,3954.530029296875,3955.0,4542490000,-0.007847738208153028,0.012496108272185755
2022-09-01,3936.72998046875,3970.22998046875,3903.64990234375,3966.85009765625,4152250000,0.0029917522671948716,0.012551258443563928
2022-09-02,3994.659912109375,4018.429931640625,3906.2099609375,3924.260009765625,3665850000,-0.010794552570724387,0.0126927533830491
2022-09-06,3930.889892578125,3942.550048828125,3886.75,3908.18994140625,4127340000,-0.004103464690895143,0.012691098568240173
2022-09-07,3909.429931640625,3987.889892578125,3906.030029296875,3979.8701171875,3890320000,0.018174848666169877,0.013526861678492404
2022-09-08,3959.93994140625,4010.5,3944.81005859375,4006.179931640625,3966850000,0.006588966880442448,0.01259633209119816
2022-09-09,4022.93994140625,4076.81005859375,4022.93994140625,4067.360107421875,3901940000,0.01515601498121106,0.013199112118079155
2022-09-12,4083.669921875,4119.27978515625,4083.669921875,4110.41015625,3814200000,0.010528651483995635,0.012776080849169766
2022-09-13,4037.1201171875,4037.1201171875,3921.280029296875,3932.68994140625,4224550000,-0.04419916303197406,0.015775314504225858
2022-09-14,3940.72998046875,3961.93994140625,3912.179931640625,3946.010009765625,4293240000,0.003381289078844715,0.01581058526384939
2022-09-15,3932.409912109375,3959.139892578125,3888.280029296875,3901.35009765625,4441830000,-0.011382272168149512,0.0158771293077759
2022-09-16,3880.949951171875,3880.949951171875,3837.080078125,3873.330078125,7954650000,-0.007208049775663175,0.015803833828437027
2022-09-19,3849.909912109375,3900.449951171875,3838.5,3899.889892578125,3766850000,0.006833697724705768,0.015900230517096228
2022-09-20,3875.22998046875,3876.010009765625,3827.5400390625,3855.929931640625,4058050000,-0.011336114736600402,0.015461442075773348
2022-09-21,3871.39990234375,3907.070068359375,3789.489990234375,3789.929931640625,4078330000,-0.01726467409850635,0.015757641850613416
2022-09-22,3782.360107421875,3790.89990234375,3749.449951171875,3757.989990234375,4284600000,-0.008463293830453985,0.01568949259699833
2022-09-23,3727.139892578125,3727.139892578125,3647.469970703125,3693.22998046875,5144270000,-0.017382828767330778,0.015269219606271122
2022-09-26,3682.719970703125,3715.669921875,3644.760009765625,3655.0400390625,4886140000,-0.010394360890280502,0.013844099413803523
2022-09-27,3686.43994140625,3717.530029296875,3623.2900390625,3647.2900390625,4577740000,-0.0021226109548247284,0.013856335102575768
2022-09-28,3651.93994140625,3736.739990234375,3640.610107421875,3719.0400390625,4684850000,0.019481144181152356,0.014802695430374003
2022-09-29,3687.010009765625,3687.010009765625,3610.39990234375,3640.469970703125,4681810000,-0.0213527948230975,0.015312253047034551
2022-09-30,3633.47998046875,3671.43994140625,3584.1298828125,3585.6201171875,5645360000,-0.0151813515462093,0.015405484330294851
2022-10-03,3609.780029296875,3698.35009765625,3604.929931640625,3678.429931640625,4806680000,0.02555457753093017,0.016775571300678523
2022-10-04,3726.4599609375,3791.919921875,3726.4599609375,3790.929931640625,5146580000,0.030125341416799834,0.018354012240212696
2022-10-05,3753.25,3806.909912109375,3722.659912109375,3783.280029296875,4293180000,-0.0020199875589381176,0.017759163241227966
2022-10-06,3771.969970703125,3797.929931640625,3739.219970703125,3744.52001953125,4252100000,-0.010297922911395202,0.01770399714076765
2022-10-07,3706.739990234375,3706.739990234375,3620.72998046875,3639.659912109375,4449660000,-0.028403196531478058,0.01798119762549689
2022-10-10,3647.510009765625,3652.169921875,3588.10009765625,3612.389892578125,3834320000,-0.007520673133652772,0.01757993763391857
2022-10-11,3595.860107421875,3640.659912109375,3568.449951171875,3588.840087890625,4759030000,-0.006540518412323781,0.015177384915376546
2022-10-12,3590.830078125,3608.340087890625,3573.860107421875,3577.030029296875,4006830000,-0.0032961996501662937,0.015066194647321883
2022-10-13,3520.3701171875,3685.409912109375,3491.580078125,3669.909912109375,5021680000,0.025634259307631132,0.01644010048358543
2022-10-14,3690.409912109375,3712.0,3579.679931640625,3583.070068359375,4243030000,-0.023947120744528417,0.017076285862334343
2022-10-17,3638.64990234375,3689.72998046875,3638.64990234375,3677.949951171875,4352780000,0.026135524557561848,0.018221560818316905
2022-10-18,3746.260009765625,3762.7900390625,3686.530029296875,3719.97998046875,4483740000,0.011362768207087462,0.018376647722177557
2022-10-19,3703.110107421875,3728.580078125,3666.510009765625,3695.159912109375,4223800000,-0.006694455239684375,0.01805754455108337
2022-10-20,3689.050048828125,3736.0,3656.43994140625,3665.780029296875,4496620000,-0.007982686738766696,0.01804777994802385
2022-10-21,3657.10009765625,3757.889892578125,3647.419921875,3752.75,5078020000,0.023447759860447268,0.018431150016896575
2022-10-24,3762.010009765625,3810.739990234375,3741.64990234375,3797.340087890625,4747930000,0.011811940205111494,0.018390156714661477
2022-10-25,3799.43994140625,3862.85009765625,3799.43994140625,3859.110107421875,4843120000,0.01613577001587496,0.018631061922850314
2022-10-26,3825.969970703125,3886.14990234375,3824.070068359375,3830.60009765625,4817310000,-0.007415140398989885,0.018333672078636856
2022-10-27,3834.68994140625,3859.949951171875,3803.7900390625,3807.300048828125,4687320000,-0.006101185053184453,0.01763805939147618
2022-10-28,3808.260009765625,3905.419921875,3808.260009765625,3901.06005859375,4459410000,0.024328036770856338,0.01779594910834398
2022-10-31,3881.85009765625,3893.72998046875,3863.179931640625,3871.97998046875,4820620000,-0.007482327030336412,0.01723545020293598
2022-11-01,3901.7900390625,3911.7900390625,3843.800048828125,3856.10009765625,4481210000,-0.0041096637203590055,0.01601062567149799
2022-11-02,3852.89990234375,3894.43994140625,3758.679931640625,3759.68994140625,4899000000,-0.025319843737482882,0.017044905224561507
2022-11-03,3733.25,3750.590087890625,3698.14990234375,3719.889892578125,4625290000,-0.010642422531956597,0.017055697635821307
2022-11-04,3766.97998046875,3796.340087890625,3708.840087890625,3770.550048828125,5400180000,0.013526823285563951,0.015965485553464723
2022-11-07,3780.7099609375,3813.949951171875,3764.699951171875,3806.800048828125,4341620000,0.00956806167935914,0.015899434421460936
2022-11-08,3817.02001953125,3859.39990234375,3786.280029296875,3828.110107421875,4607640000,0.005582282828760321,0.015762274574118725
2022-11-09,3810.93994140625,3818.199951171875,3744.219970703125,3748.570068359375,4645010000,-0.020996784712303443,0.01662134745602741
2022-11-10,3859.889892578125,3958.330078125,3859.889892578125,3956.3701171875,5781260000,0.05395251566479769,0.01964169827756796
2022-11-11,3963.719970703125,4001.47998046875,3944.820068359375,3992.929931640625,5593310000,0.009198312304769028,0.018548971734726756
2022-11-14,3977.969970703125,4008.969970703125,3956.39990234375,3957.25,4561930000,-0.008975940544918012,0.01814178012986318
2022-11-15,4006.409912109375,4028.840087890625,3953.169921875,3991.72998046875,5015310000,0.008675376414669186,0.018091606279408454
2022-11-16,3976.820068359375,3983.090087890625,3954.340087890625,3958.7900390625,4165320000,-0.008286283111873759,0.01814236334718611
2022-11-17,3919.260009765625,3954.330078125,3906.5400390625,3946.56005859375,4051780000,-0.0030941046442292835,0.018012754872984694
2022-11-18,3966.389892578125,3979.889892578125,3935.97998046875,3965.340087890625,4037360000,0.00474729564815821,0.017408402098507886
2022-11-21,3956.22998046875,3962.0,3933.340087890625,3949.93994140625,3850690000,-0.003891249800275618,0.017332379252919927
2022-11-22,3965.510009765625,4005.8798828125,3956.8798828125,4003.580078125,3887990000,0.01348860626982839,0.01722830411765966
2022-11-23,4000.300048828125,4033.780029296875,3998.659912109375,4027.260009765625,3279720000,0.0058972660417383116,0.0171087558088063
2022-11-25,4023.340087890625,4034.02001953125,4020.760009765625,4026.1201171875,1706460000,-0.0002830842622024787,0.017003894221181707
2022-11-28,4005.360107421875,4012.27001953125,3955.77001953125,3963.93994140625,3615430000,-0.015564696794064813,0.016681668025609074
2022-11-29,3964.18994140625,3976.77001953125,3937.64990234375,3957.6298828125,3546040000,-0.0015931337016243704,0.01657944945339656
2022-11-30,3957.179931640625,4080.110107421875,3938.580078125,4080.110107421875,6579360000,0.030478643521294944,0.017769353654609594
2022-12-01,4087.139892578125,4100.509765625,4050.8701171875,4076.570068359375,4527130000,-0.0008680098296065889,0.016528984537297238
2022-12-02,4040.169921875,4080.47998046875,4026.6298828125,4071.699951171875,4012620000,-0.001195374663761461,0.016219221345839082
2022-12-05,4052.02001953125,4052.449951171875,3984.489990234375,3998.840087890625,4280820000,-0.01805624963097222,0.016822265324183995
2022-12-06,3996.6298828125,4001.510009765625,3918.389892578125,3941.260009765625,4368380000,-0.014503869422986057,0.017180356355211757
2022-12-07,3933.280029296875,3957.570068359375,3922.679931640625,3933.919921875,4118050000,-0.001864107253381664,0.01717329072683433
2022-12-08,3947.7900390625,3974.18994140625,3935.830078125,3963.510009765625,4006900000,0.007493634413933237,0.016384429822843192
2022-12-09,3954.169921875,3977.02001953125,3933.0400390625,3934.3798828125,3888260000,-0.0073767194642132125,0.011234261655704684
2022-12-12,3939.2900390625,3990.7099609375,3935.300048828125,3990.56005859375,3904130000,0.01417830729965003,0.01150724071648581
2022-12-13,4069.3798828125,4100.9599609375,3993.030029296875,4019.64990234375,5079360000,0.007263223255457212,0.011415319068333329
2022-12-14,4015.5400390625,4053.760009765625,3965.64990234375,3995.320068359375,4472340000,-0.006071116623835963,0.01135474769551556
2022-12-15,3958.3701171875,3958.3701171875,3879.449951171875,3895.75,4493900000,-0.02523747790182607,0.01257629377248449
2022-12-16,3890.909912109375,3890.909912109375,3827.909912109375,3852.360107421875,7493660000,-0.011200239946011676,0.012782954133239127
2022-12-19,3853.7900390625,3854.860107421875,3800.0400390625,3817.659912109375,3969610000,-0.0090483289411038,0.012816859645319086
2022-12-20,3810.469970703125,3838.239990234375,3795.6201171875,3821.6201171875,3985370000,0.001036800697890769,0.012823885384050118
2022-12-21,3839.489990234375,3889.820068359375,3839.489990234375,3878.43994140625,3775200000,0.014758548669054294,0.012905678911239657
2022-12-22,3853.260009765625,3853.260009765625,3764.489990234375,3822.389892578125,3956950000,-0.014557142498145655,0.013090440337612048
2022-12-23,3815.110107421875,3845.800048828125,3797.010009765625,3844.820068359375,2819280000,0.005850952271915072,0.013219067504051668
2022-12-27,3843.340087890625,3846.64990234375,3813.219970703125,3829.25,3030300000,-0.004057844034659477,0.012856979431209201
2022-12-28,3829.56005859375,3848.320068359375,3780.780029296875,3783.219970703125,3083520000,-0.012093470442948605,0.013063888430376603
2022-12-29,3805.449951171875,3858.18994140625,3805.449951171875,3849.280029296875,3003680000,0.01731063431499432,0.011574315840134679
2022-12-30,3829.06005859375,3839.85009765625,3800.340087890625,3839.5,2979870000,-0.002543975646110833,0.01156480236159418
2023-01-03,3853.2900390625,3878.4599609375,3794.330078125,3824.139892578125,3959140000,-0.004008572481273608,0.011558859684085598
2023-01-04,3840.360107421875,3873.159912109375,3815.77001953125,3852.969970703125,4414080000,0.007510694562138916,0.011231089983288037
2023-01-05,3839.739990234375,3839.739990234375,3802.419921875,3808.10009765625,3893450000,-0.011713869136457158,0.01108208896143065
2023-01-06,3823.3701171875,3906.18994140625,3809.56005859375,3895.080078125,3923560000,0.02258383558903089,0.012341923857943101
2023-01-09,3910.820068359375,3950.570068359375,3890.419921875,3892.090087890625,4311770000,-0.0007679273259905782,0.012197851117113485
2023-01-10,3888.570068359375,3919.830078125,3877.2900390625,3919.25,3851030000,0.006953997970593733,0.012218829342226973
2023-01-11,3932.35009765625,3970.070068359375,3928.5400390625,3969.610107421875,4303360000,0.012767571192293676,0.012135288764166958
2023-01-12,3977.570068359375,3997.760009765625,3937.56005859375,3983.169921875,4440260000,0.0034100849120427303,0.012039721951636526
2023-01-13,3960.60009765625,4003.949951171875,3947.669921875,3999.090087890625,3939700000,0.003988892144656051,0.012002866669222075
2023-01-17,3999.280029296875,4015.389892578125,3984.570068359375,3990.969970703125,4235560000,-0.002032555430996314,0.010451381983697732
2023-01-18,4002.25,4014.159912109375,3926.590087890625,3928.860107421875,4298710000,-0.015684966977744675,0.01077471029048537
2023-01-19,3911.840087890625,3922.93994140625,3885.5400390625,3898.85009765625,3991500000,-0.007667671901812428,0.010711292723962713
2023-01-20,3909.0400390625,3972.9599609375,3897.860107421875,3972.610107421875,4013360000,0.01874167355235196,0.01141824054726593
2023-01-23,3978.139892578125,4039.31005859375,3971.639892578125,4019.81005859375,3945210000,0.011811315951328555,0.011262014503334193
2023-01-24,4001.739990234375,4023.919921875,3989.7900390625,4016.949951171875,3320430000,-0.0007117563642918193,0.010610990157623615
2023-01-25,3982.7099609375,4019.550048828125,3949.06005859375,4016.219970703125,3724020000,-0.00018174157346566321,0.01059592620090003
2023-01-26,4036.080078125,4061.570068359375,4013.2900390625,4060.429931640625,3809590000,0.010947708029114303,0.010661987407343056
2023-01-27,4053.719970703125,4094.2099609375,4048.699951171875,4070.56005859375,3907760000,0.002491734021703855,0.010062184317485868
2023-01-30,4049.27001953125,4063.85009765625,4015.550048828125,4017.77001953125,3802000000,-0.013053569315292663,0.010184155269828002
2023-01-31,4020.85009765625,4077.159912109375,4020.43994140625,4076.60009765625,4679320000,0.014536304416419527,0.010482304457985198
2023-02-01,4070.070068359375,4148.9501953125,4037.199951171875,4119.2099609375,4856930000,0.01039805629688473,0.010470616982178996
2023-02-02,4158.68017578125,4195.43994140625,4141.8798828125,4179.759765625,5624360000,0.014592384626854379,0.010722395567839901
2023-02-03,4136.68994140625,4182.35986328125,4123.35986328125,4136.47998046875,4694510000,-0.010408592637285455,0.01062479290189012
2023-02-06,4119.56982421875,4124.6298828125,4093.3798828125,4111.080078125,4114240000,-0.006159393193939262,0.009918581899185222
2023-02-07,4105.35009765625,4176.5400390625,4088.389892578125,4164.0,4355860000,0.012790364037397075,0.010130265257807622
2023-02-08,4153.47021484375,4156.85009765625,4111.669921875,4117.85986328125,4029820000,-0.011142573012411353,0.010591589550788571
2023-02-09,4144.25,4156.22998046875,4069.669921875,4081.5,4270200000,-0.008869009831037385,0.01058959689818801
2023-02-10,4068.919921875,4094.360107421875,4060.7900390625,4090.4599609375,3891520000,0.0021928557092171274,0.010580869120532221
2023-02-13,4096.6201171875,4138.89990234375,4092.669921875,4137.2900390625,3448620000,0.011383569951155146,0.010805521794180666
2023-02-14,4126.7001953125,4159.77001953125,4095.010009765625,4136.1298828125,3929200000,-0.0002804538554937624,0.010780752804617159
2023-02-15,4119.5,4148.10986328125,4103.97998046875,4147.60009765625,4075980000,0.002769337533076689,0.009965626913502095
2023-02-16,4114.75,4136.5400390625,4089.489990234375,4090.409912109375,4143660000,-0.013884689204881605,0.010394086500714612
2023-02-17,4077.389892578125,4081.510009765625,4047.949951171875,4079.090087890625,4045480000,-0.0027712421722827342,0.009703977359830357
2023-02-21,4052.35009765625,4052.35009765625,3995.18994140625,3997.340087890625,4121590000,-0.020244783973471698,0.010495440387825693
2023-02-22,4001.830078125,4017.3701171875,3976.89990234375,3991.050048828125,4079320000,-0.0015747954856433837,0.010499081352962247
2023-02-23,4018.60009765625,4028.300048828125,3969.18994140625,4012.320068359375,3952940000,0.005315278263237728,0.010574665681163184
2023-02-24,3973.239990234375,3978.25,3943.080078125,3970.0400390625,3877700000,-0.010593464619774184,0.01049241044173363
2023-02-27,3992.360107421875,4018.050048828125,3973.550048828125,3982.239990234375,3836950000,0.0030682925395522777,0.010503658280627525
2023-02-28,3977.18994140625,3997.5,3968.97998046875,3970.14990234375,5043400000,-0.0030406198309477117,0.010135947434601698
2023-03-01,3963.340087890625,3971.72998046875,3939.050048828125,3951.389892578125,4249480000,-0.004736464203492832,0.00951892819560138
2023-03-02,3938.679931640625,3990.840087890625,3928.159912109375,3981.35009765625,4244900000,0.0075535937311959735,0.009350623316631708
2023-03-03,3998.02001953125,4048.2900390625,3995.169921875,4045.639892578125,4084730000,0.01601874917648306,0.009485904459429899
2023-03-06,4055.14990234375,4078.489990234375,4044.610107421875,4048.419921875,4000870000,0.0006869307788483012,0.009267458096156596
2023-03-07,4048.260009765625,4050.0,3980.31005859375,3986.3701171875,3922500000,-0.015445590479262547,0.009755332575247357
2023-03-08,3987.550048828125,4000.409912109375,3969.760009765625,3992.010009765625,3535570000,0.0014137941356032722,0.009191107386005133
2023-03-09,3998.659912109375,4017.81005859375,3908.699951171875,3918.320068359375,4445260000,-0.018631857945482354,0.009716092473869937
2023-03-10,3912.77001953125,3934.050048828125,3846.320068359375,3861.590087890625,5518190000,-0.01458396943606664,0.009993839858508336
2023-03-13,3835.1201171875,3905.050048828125,3808.860107421875,3855.760009765625,6558020000,-0.001510901840738768,0.009931170300415062
2023-03-14,3894.010009765625,3937.2900390625,3873.6298828125,3919.2900390625,5665870000,0.016342388235363665,0.010360589612595691
2023-03-15,3876.739990234375,3894.260009765625,3838.239990234375,3891.929931640625,6594010000,-0.007005363929353597,0.010386802153489423
2023-03-16,3878.929931640625,3964.4599609375,3864.110107421875,3960.280029296875,5695790000,0.017409576249031722,0.011294219604520303
2023-03-17,3958.68994140625,3958.909912109375,3901.27001953125,3916.639892578125,9354280000,-0.011080621273953702,0.011159584046868183
2023-03-20,3917.469970703125,3956.6201171875,3916.889892578125,3951.570068359375,5347140000,0.008878869635940853,0.011427420111769487
2023-03-21,3975.889892578125,4009.080078125,3971.18994140625,4002.8701171875,4920240000,0.012898647518559103,0.01097364996137625
2023-03-22,4002.0400390625,4039.489990234375,3936.169921875,3936.969970703125,4533010000,-0.016600248639842885,0.01158918770968045
2023-03-23,3959.2099609375,4007.659912109375,3919.050048828125,3948.719970703125,4991600000,0.0029800838691824228,0.011537231087929537
2023-03-24,3939.2099609375,3972.739990234375,3909.159912109375,3970.989990234375,4583970000,0.005623963084303207,0.011381462384883686
2023-03-27,3982.929931640625,4003.830078125,3970.489990234375,3977.530029296875,4233540000,0.0016455995637670831,0.011365789963810857
2023-03-28,3974.1298828125,3979.199951171875,3951.530029296875,3971.27001953125,4014600000,-0.0015750832883878866,0.011350270144617567
2023-03-29,3999.530029296875,4030.590087890625,3999.530029296875,4027.81005859375,4145250000,0.014136870775046802,0.01171328191464242
2023-03-30,4046.739990234375,4057.85009765625,4032.10009765625,4050.830078125,3930860000,0.005698999199482652,0.01166556083918104
2023-03-31,4056.179931640625,4110.75,4056.179931640625,4109.31005859375,4525120000,0.014333327782036555,0.011555902414908776
2023-04-03,4102.2001953125,4127.66015625,4098.7900390625,4124.509765625,4234700000,0.003692022565802823,0.011574140378446462
2023-04-04,4128.02978515625,4133.1298828125,4086.8701171875,4100.60009765625,4227800000,-0.005813839745162529,0.011045158295537863
2023-04-05,4094.5,4099.68994140625,4072.56005859375,4090.3798828125,3968020000,-0.002495481657121423,0.011079673168575815
2023-04-06,4081.14990234375,4107.31982421875,4069.840087890625,4105.02001953125,3486690000,0.0035727731328032467,0.010050759587921542
2023-04-10,4085.199951171875,4109.5,4072.550048828125,4109.10986328125,3423650000,0.0009958070170100843,0.00924229538118503
2023-04-11,4110.2900390625,4124.259765625,4102.60986328125,4108.93994140625,3665830000,-4.135333298352082e-05,0.009209438637567988
2023-04-12,4121.72021484375,4134.3701171875,4086.93994140625,4091.949951171875,3633120000,-0.0041434563234613855,0.008798493358343672
2023-04-13,4100.0400390625,4150.259765625,4099.39990234375,4146.22021484375,3596590000,0.013175510497831548,0.008849650117397976
2023-04-14,4140.10986328125,4163.18994140625,4113.2001953125,4137.64013671875,3575690000,-0.0020715175845779886,0.008251097853506327
2023-04-17,4137.169921875,4151.72021484375,4123.18017578125,4151.31982421875,3611180000,0.0033007035826147536,0.007637508589617971
2023-04-18,4164.259765625,4169.47998046875,4140.35986328125,4154.8701171875,3536640000,0.0008548548034659753,0.007517243081583685
2023-04-19,4139.330078125,4162.56982421875,4134.490234375,4154.52001953125,3572560000,-8.426554793962826e-05,0.00712300584954639
2023-04-20,4130.47998046875,4148.56982421875,4114.56982421875,4129.7900390625,3772080000,-0.005970335188311131,0.005977617500934312
2023-04-21,4132.14013671875,4138.02001953125,4113.85986328125,4133.52001953125,3611750000,0.0009027812573008861,0.005984881496791776
2023-04-24,4132.06982421875,4142.41015625,4117.77001953125,4137.0400390625,3290940000,0.0008512167782723126,0.005939801113150666
2023-04-25,4126.43017578125,4126.43017578125,4071.3798828125,4071.6298828125,3978640000,-0.01593718381857645,0.007175248878213544
2023-04-26,4087.780029296875,4089.669921875,4049.35009765625,4055.989990234375,3837030000,-0.0038485835033448754,0.007238740724514624
2023-04-27,4075.2900390625,4138.240234375,4075.2900390625,4135.35009765625,3750550000,0.019377193402696356,0.007809500689139278
2023-04-28,4129.6298828125,4170.06005859375,4127.18017578125,4169.47998046875,4087800000,0.008219331313243467,0.007903690224573144
2023-05-01,4166.7900390625,4186.919921875,4164.1201171875,4167.8701171875,3321370000,-0.0003861810485107871,0.0073027183534696396
2023-05-02,4164.10009765625,4164.10009765625,4089.719970703125,4119.580078125,4486130000,-0.011653906680571788,0.007764244394696363
2023-05-03,4122.25,4148.2998046875,4088.860107421875,4090.75,4246510000,-0.007022908054892971,0.00781593899676158
2023-05-04,4082.550048828125,4082.610107421875,4048.280029296875,4061.219970703125,4920090000,-0.007244913455062742,0.007962677392785684
2023-05-05,4084.72998046875,4147.02001953125,4084.72998046875,4136.25,4186270000,0.018306166381879797,0.008964017769902438
2023-05-08,4136.97998046875,4142.2998046875,4123.81005859375,4138.1201171875,3641640000,0.0004520264848820656,0.008962872887596725
2023-05-09,4124.25,4130.35009765625,4116.64990234375,4119.169921875,3810140000,-0.004589938949059595,0.009030824632530212
2023-05-10,4143.740234375,4154.27978515625,4098.919921875,4137.64013671875,4057160000,0.004473942241914432,0.009022055521559649
2023-05-11,4132.240234375,4132.7998046875,4109.2900390625,4130.6201171875,3752900000,-0.0016980648897067581,0.008526417226443747
2023-05-12,4138.5400390625,4143.740234375,4099.1201171875,4124.080078125,3533740000,-0.0015845615894390477,0.008521450888840496
2023-05-15,4126.64990234375,4141.25,4110.27001953125,4136.27978515625,3562170000,0.002953797680316935,0.008514377199859105
2023-05-16,4127.9501953125,4135.5400390625,4109.85986328125,4109.89990234375,3654200000,-0.006398107681917463,0.008621698479148272
2023-05-17,4122.85009765625,4164.669921875,4113.6201171875,4158.77001953125,4039080000,0.011820688622071574,0.00905518389198027
2023-05-18,4157.68017578125,4202.2001953125,4153.5,4198.0498046875,3980500000,0.009400723063727155,0.009168809666052822
2023-05-19,4204.14990234375,4212.91015625,4180.2001953125,4191.97998046875,4041900000,-0.0014469138806754414,0.00918273211385209
2023-05-22,4190.77978515625,4209.22021484375,4179.68017578125,4192.6298828125,3728520000,0.00015502267980239146,0.00918345698802107
2023-05-23,4176.7998046875,4185.68017578125,4142.5400390625,4145.580078125,4155320000,-0.011285468768284297,0.008791320124267253
2023-05-24,4132.9599609375,4132.9599609375,4103.97998046875,4115.240234375,0,-0.007345512678305211,0.008924498098102045
2023-05-25,4155.7099609375,4165.740234375,4129.72998046875,4151.27978515625,4147760000,0.008719456079011883,0.008025016392069852
2023-05-26,4156.16015625,4212.8701171875,4156.16015625,4205.4501953125,3715460000,0.012964680931640788,0.008338850316589333
2023-05-30,4226.7099609375,4231.10009765625,4192.18017578125,4205.52001953125,4228510000,1.660313066576836e-05,0.00833726290715455
2023-05-31,4190.740234375,4195.43994140625,4166.14990234375,4179.830078125,5980670000,-0.006127358186214099,0.007999746782049203
2023-06-01,4183.02978515625,4232.43017578125,4171.64013671875,4221.02001953125,4391860000,0.009806215085853812,0.008026823000391448
2023-06-02,4241.009765625,4290.669921875,4241.009765625,4282.3701171875,4454200000,0.014429812390107408,0.00823491256392288
2023-06-05,4282.990234375,4299.27978515625,4266.81982421875,4273.7900390625,3813290000,-0.002005591490657713,0.00741420991482122
2023-06-06,4271.33984375,4288.330078125,4263.08984375,4283.85009765625,3996560000,0.002351130233850576,0.007410414351847825
2023-06-07,4285.47021484375,4299.18994140625,4263.9599609375,4267.52001953125,4537800000,-0.003819293926420617,0.007377751416069996
2023-06-08,4268.68994140625,4298.009765625,4261.06982421875,4293.93017578125,3826740000,0.00616957160752325,0.007420091714104477
2023-06-09,4304.8798828125,4322.6201171875,4291.7001953125,4298.85986328125,3786510000,0.0011474010230505239,0.007375548670593244
2023-06-12,4308.31982421875,4340.1298828125,4304.3701171875,4338.93017578125,3945670000,0.00927797498175416,0.007496947297101794
2023-06-13,4352.60986328125,4375.3701171875,4349.31005859375,4369.009765625,4275400000,0.006908570725908897,0.007560344345909703
2023-06-14,4366.2900390625,4391.81982421875,4337.85009765625,4372.58984375,4252110000,0.0008190899801265841,0.007267959248675806
2023-06-15,4365.330078125,4439.2001953125,4362.60009765625,4425.83984375,4176690000,0.012104580493589997,0.007286146399080503
2023-06-16,4440.9501953125,4448.47021484375,4407.43994140625,4409.58984375,6848600000,-0.0036783764677510893,0.007278951620600809
2023-06-20,4396.10986328125,4400.14990234375,4367.18994140625,4388.7099609375,4055790000,-0.004746353835236048,0.0074083529303981535
2023-06-21,4380.009765625,4386.22021484375,4360.14013671875,4365.68994140625,3709330000,-0.005259086366925201,0.007587346698399106
2023-06-22,4355.39990234375,4382.25,4351.81982421875,4381.89013671875,3511000000,0.0037039303873345254,0.0069140694471585195
2023-06-23,4354.169921875,4366.5498046875,4341.33984375,4348.330078125,6053620000,-0.007688288056502158,0.006940841641494704
2023-06-26,4344.83984375,4362.06005859375,4328.080078125,4328.81982421875,3415030000,-0.004496934363132171,0.006972145678943211
2023-06-27,4337.35986328125,4384.419921875,4335.0,4378.41015625,3573500000,0.01139073352418076,0.006850812113940791
2023-06-28,4367.47998046875,4390.35009765625,4360.22021484375,4376.85986328125,3739330000,-0.0003541393883898215,0.006857003431940107
2023-06-29,4374.93994140625,4398.39013671875,4371.97021484375,4396.43994140625,3696660000,0.00446356811449,0.006600751919314654
2023-06-30,4422.43994140625,4458.47998046875,4422.43994140625,4450.3798828125,3923450000,0.0121943502618858,0.006759078960750511
2023-07-03,4450.47998046875,4456.4599609375,4442.2900390625,4455.58984375,2034280000,0.0011699930926736418,0.006166707280211824
2023-07-05,4442.0400390625,4454.06005859375,4436.60986328125,4446.81982421875,3482620000,-0.0019702580976127164,0.006165509520641327
2023-07-06,4422.6201171875,4422.6201171875,4385.0498046875,4411.58984375,3682020000,-0.007954061175894762,0.0065517594472632515
2023-07-07,4404.5400390625,4440.39013671875,4397.39990234375,4398.9501953125,3630480000,-0.002869212795733482,0.0065147367670267695
2023-07-10,4394.22998046875,4412.60009765625,4389.919921875,4409.52978515625,3429600000,0.002402138610626312,0.006426994308401856
2023-07-11,4415.5498046875,4443.64013671875,4408.4599609375,4439.259765625,3624220000,0.006719583998254874,0.006538548969484202
2023-07-12,4467.68994140625,4488.33984375,4463.22998046875,4472.16015625,3920290000,0.007383905235389679,0.006434482827168029
2023-07-13,4491.5,4517.3798828125,4489.35986328125,4510.0400390625,3839530000,0.008434482989627111,0.006510435432048115
2023-07-14,4514.60986328125,4527.759765625,4499.56005859375,4505.419921875,3647450000,-0.001024932196907484,0.006534916625368281
2023-07-17,4508.85986328125,4532.85009765625,4504.89990234375,4522.7900390625,3538240000,0.0038479695744204137,0.0060740319297745956
2023-07-18,4521.77978515625,4562.2998046875,4514.58984375,4554.97998046875,4090010000,0.007092066941428338,0.0061069923832957175
2023-07-19,4563.8701171875,4578.43017578125,4557.47998046875,4565.72021484375,4115670000,0.002355134827233639,0.005920846972060384
2023-07-20,4554.3798828125,4564.740234375,4527.56005859375,4534.8701171875,3761770000,-0.006779827396257691,0.006027471057655613
2023-07-21,4550.16015625,4555.0,4535.7900390625,4536.33984375,3570190000,0.0003240420146130911,0.006021640207055455
2023-07-24,4543.39013671875,4563.41015625,4541.2900390625,4554.64013671875,3856250000,0.004026038496874852,0.0056129643555220925
2023-07-25,4555.18994140625,4580.6201171875,4552.419921875,4567.4599609375,3812470000,0.0028107195758387046,0.005378980902394643
2023-07-26,4558.9599609375,4582.47021484375,4547.580078125,4566.75,3990290000,-0.00015545097867591856,0.005001601789018632
2023-07-27,4598.259765625,4607.06982421875,4528.56005859375,4537.41015625,4553210000,-0.006445393055197076,0.0053337105136010655
2023-07-28,4565.75,4590.16015625,4564.009765625,4582.22998046875,3981010000,0.009829375810433848,0.005602838739441615
2023-07-31,4584.81982421875,4594.22021484375,4573.14013671875,4588.9599609375,4503600000,0.0014676354365687912,0.005070770099077731
2023-08-01,4578.830078125,4584.6201171875,4567.52978515625,4576.72998046875,4042370000,-0.0026686453076827116,0.00515715286203382
2023-08-02,4550.93017578125,4550.93017578125,4505.75,4513.39013671875,4270710000,-0.013936200638336184,0.006158451122053144
2023-08-03,4494.27001953125,4519.490234375,4485.5400390625,4501.89013671875,4149120000,-0.0025512254502915274,0.0058685501713281515
2023-08-04,4513.9599609375,4540.33984375,4474.5498046875,4478.02978515625,4143310000,-0.0053141693739379705,0.005978121892624131
2023-08-07,4491.580078125,4519.83984375,4491.14990234375,4518.43994140625,3493920000,0.008983618964856572,0.006241051885091767
2023-08-08,4498.02978515625,4503.31005859375,4464.39013671875,4499.3798828125,3884910000,-0.004227205100058866,0.00621330263421083
2023-08-09,4501.56982421875,4502.43994140625,4461.330078125,4467.7099609375,3803100000,-0.007063619102045116,0.006231787345069077
2023-08-10,4487.16015625,4527.3701171875,4457.919921875,4468.830078125,4504370000,0.00025068252108086326,0.005905515440018987
2023-08-11,4450.68994140625,4476.22998046875,4443.97998046875,4464.0498046875,3753290000,-0.0010702648992294865,0.005905752793929458
2023-08-14,4458.1298828125,4490.330078125,4453.43994140625,4489.72021484375,3896410000,0.005734004879419051,0.005992602040367929
2023-08-15,4478.8701171875,4478.8701171875,4432.18994140625,4437.85986328125,3832250000,-0.011618139396096483,0.006222893380182381
2023-08-16,4433.7900390625,4449.9501953125,4403.5498046875,4404.330078125,3753910000,-0.007584081792624527,0.006311665554683936
2023-08-17,4416.31982421875,4421.169921875,4364.830078125,4370.35986328125,3943700000,-0.0077428113775290805,0.006355181989046202
2023-08-18,4344.8798828125,4381.81982421875,4335.31005859375,4369.7099609375,3940400000,-0.00014871788395720285,0.006347554288865265
2023-08-21,4380.27978515625,4407.5498046875,4360.2998046875,4399.77001953125,3726850000,0.006855634859799785,0.0065152344334521465
2023-08-22,4415.330078125,4418.58984375,4382.77001953125,4387.5498046875,3522760000,-0.0027813310465456837,0.006429554048820921
2023-08-23,4396.43994140625,4443.18017578125,4396.43994140625,4436.009765625,3837270000,0.010984330710791359,0.007051082125144257
2023-08-24,4455.16015625,4458.2998046875,4375.5498046875,4376.31005859375,3723470000,-0.01354935398400801,0.007481631812850297
2023-08-25,4389.3798828125,4418.4599609375,4356.2900390625,4405.7099609375,3296180000,0.006695501060295156,0.007254452048038873
2023-08-28,4426.02978515625,4439.56005859375,4414.97998046875,4433.31005859375,2957230000,0.006245078594196461,0.007449437099052712
2023-08-29,4432.75,4500.14013671875,4431.68017578125,4497.6298828125,3354820000,0.014404068712056505,0.008268782336632896
2023-08-30,4500.33984375,4521.64990234375,4493.58984375,4514.8701171875,3064110000,0.003825854181192944,0.007727919747493559
2023-08-31,4517.009765625,4532.259765625,4507.39013671875,4507.66015625,3946360000,-0.0015982129743398576,0.007714180399984451
2023-09-01,4530.60009765625,4541.25,4501.35009765625,4515.77001953125,3246260000,0.001797512765518541,0.007616512353540468
2023-09-05,4510.06005859375,4514.2900390625,4496.009765625,4496.830078125,3526250000,-0.004202997821381205,0.007403933235411937
2023-09-06,4490.35009765625,4490.35009765625,4442.3798828125,4465.47998046875,3418850000,-0.006996014491432261,0.007507577135517874
2023-09-07,4434.5498046875,4457.81005859375,4430.4599609375,4451.14013671875,3763760000,-0.003216433115732967,0.007375388799316833
2023-09-08,4451.2998046875,4473.52978515625,4448.3798828125,4457.490234375,3259290000,0.0014256060622570594,0.007383722826370063
2023-09-11,4480.97998046875,4490.77001953125,4467.89013671875,4487.4599609375,3369920000,0.006700951498135517,0.007534412530976227
2023-09-12,4473.27001953125,4487.10986328125,4456.830078125,4461.89990234375,3435740000,-0.005712169023003997,0.007531569533355002
2023-09-13,4462.64990234375,4479.39013671875,4453.52001953125,4467.43994140625,3529430000,0.0012408621175346041,0.007048889176681936
2023-09-14,4487.77978515625,4511.990234375,4478.68994140625,4505.10009765625,3648720000,0.00839458553366625,0.007009841734269226
2023-09-15,4497.97998046875,4497.97998046875,4447.2099609375,4450.31982421875,6932230000,-0.012234145842493929,0.007371690535594449
2023-09-18,4445.1298828125,4466.35986328125,4442.10986328125,4453.52978515625,3161230000,0.0007210276941755188,0.007367702080442861
2023-09-19,4445.41015625,4449.85009765625,4416.60986328125,4443.9501953125,3614880000,-0.0021533273615331264,0.007262281839598854
2023-09-20,4452.81005859375,4461.02978515625,4401.3798828125,4402.2001953125,3308450000,-0.009439204206291041,0.007566799245638964
2023-09-21,4374.35986328125,4375.7001953125,4329.169921875,4330.0,3662340000,-0.016536918318488084,0.007986798377922185
2023-09-22,4341.740234375,4357.39990234375,4316.490234375,4320.06005859375,3349570000,-0.0022982374027607495,0.007450084544247839
2023-09-25,4310.6201171875,4338.509765625,4302.7001953125,4337.43994140625,3195650000,0.0040149942038066174,0.007334256159904639
2023-09-26,4312.8798828125,4313.009765625,4265.97998046875,4273.52978515625,3472340000,-0.014844165482264943,0.007773809140640301
2023-09-27,4282.6298828125,4292.06982421875,4238.6298828125,4274.509765625,3875880000,0.00022928777229479233,0.006800575646635432
2023-09-28,4269.64990234375,4317.27001953125,4264.3798828125,4299.7001953125,3846230000,0.005875877143000698,0.006916106856876262
2023-09-29,4328.18017578125,4333.14990234375,4274.85986328125,4288.0498046875,3865960000,-0.002713259648289315,0.006913444475797977
2023-10-02,4284.52001953125,4300.580078125,4260.2099609375,4288.39013671875,3938660000,7.936440615299324e-05,0.00686779183124507
2023-10-03,4269.75,4281.14990234375,4216.4501953125,4229.4501953125,3953830000,-0.013839395863449198,0.007311129278815048
2023-10-04,4233.830078125,4268.5,4220.47998046875,4263.75,3777600000,0.008077047607828946,0.007653458736230007
2023-10-05,4259.31005859375,4267.1298828125,4225.91015625,4258.18994140625,3581470000,-0.0013048811469951228,0.007653497340060132
2023-10-06,4234.7900390625,4324.10009765625,4219.5498046875,4308.5,3902030000,0.011745642093961117,0.00823753087260452
2023-10-09,4289.02001953125,4341.72998046875,4283.7900390625,4335.66015625,3174630000,0.006284068119387409,0.008215653271313614
2023-10-10,4339.75,4385.4599609375,4339.64013671875,4358.240234375,3520240000,0.005194476099985354,0.00829832309358029
2023-10-11,4366.58984375,4378.64013671875,4345.33984375,4376.9501953125,3601660000,0.004283819500095073,0.008372519007360442
2023-10-12,4380.93994140625,4385.85009765625,4325.43017578125,4349.60986328125,3713140000,-0.006266024940654918,0.008143222012640361
2023-10-13,4360.490234375,4377.10009765625,4311.97021484375,4327.77978515625,3566560000,-0.005031495660219892,0.007807808177841885
2023-10-16,4342.3701171875,4383.330078125,4342.3701171875,4373.6298828125,3409960000,0.010538642302589985,0.008244332620151732
2023-10-17,4345.22998046875,4393.56982421875,4337.5400390625,4373.2001953125,3794850000,-9.824987944376507e-05,0.008240763577769395
2023-10-18,4357.35009765625,4364.2001953125,4303.83984375,4314.60009765625,3686030000,-0.013490408251151898,0.008509634811453472
2023-10-19,4321.35986328125,4339.5400390625,4269.68994140625,4278.0,3969730000,-0.008519032328057976,0.007906924120161515
2023-10-20,4273.85009765625,4276.56005859375,4223.02978515625,4224.16015625,4004030000,-0.012665149196155915,0.008351157392615258
2023-10-23,4210.39990234375,4255.83984375,4189.22021484375,4217.0400390625,3776100000,-0.0016869920654349177,0.008263408873464995
2023-10-24,4235.7900390625,4259.3798828125,4219.43017578125,4247.68017578125,3821820000,0.0072395235196288195,0.00783796093287278
2023-10-25,4232.419921875,4232.419921875,4181.419921875,4186.77001953125,3869370000,-0.014443434657238052,0.008448396440917716
2023-10-26,4175.990234375,4183.60009765625,4127.89990234375,4137.22998046875,4277640000,-0.011903081205584871,0.008616423034432498
2023-10-27,4152.93017578125,4156.7001953125,4103.77978515625,4117.3701171875,4019500000,-0.00481183857862075,0.008639263201135278
2023-10-30,4139.39013671875,4177.47021484375,4132.93994140625,4166.81982421875,3911140000,0.011938474300285915,0.00918166958563176
2023-10-31,4171.330078125,4195.5498046875,4153.1201171875,4193.7998046875,4249470000,0.006454084821688244,0.008854537097620022
2023-11-01,4201.27001953125,4245.64013671875,4197.740234375,4237.85986328125,4224900000,0.010451194990191868,0.008989380686664643
2023-11-02,4268.259765625,4319.72021484375,4268.259765625,4317.77978515625,4669780000,0.018682938934086474,0.009933775686063505
2023-11-03,4334.22998046875,4373.6201171875,4334.22998046875,4358.33984375,4570960000,0.00934988354455146,0.009807142249335073
2023-11-06,4364.27001953125,4372.2099609375,4347.52978515625,4365.97998046875,3656340000,0.0017514577241005862,0.009720257586174438
2023-11-07,4366.2099609375,4386.259765625,4355.41015625,4378.3798828125,3791230000,0.0028360934017119537,0.009672562921145789
2023-11-08,4384.3701171875,4391.2001953125,4359.759765625,4382.77978515625,3729510000,0.0010044110324198868,0.009627927968491991
2023-11-09,4391.41015625,4393.39990234375,4343.93994140625,4347.35009765625,3900780000,-0.008116690699068705,0.009700612071654399
2023-11-10,4364.14990234375,4418.02978515625,4353.33984375,4415.240234375,3665080000,0.015495759270772258,0.010215407736992116
2023-11-13,4406.66015625,4421.759765625,4393.81982421875,4411.5498046875,3326240000,-0.0008361884413700847,0.009970117804779719
2023-11-14,4458.97021484375,4508.669921875,4458.97021484375,4495.7001953125,4700350000,0.01889537047457725,0.010788035511986068
2023-11-15,4505.2998046875,4521.169921875,4495.31005859375,4502.8798828125,4347170000,0.0015957382078471765,0.010205134446900185
2023-11-16,4497.080078125,4511.990234375,4487.830078125,4508.240234375,3964520000,0.0011897193967137305,0.009897928044099346
2023-11-17,4509.5498046875,4520.1201171875,4499.66015625,4514.02001953125,3777240000,0.0012812279371779871,0.009233270487705931
2023-11-20,4511.7001953125,4557.10986328125,4510.35986328125,4547.3798828125,3644790000,0.007363103793795633,0.0091967476413866
2023-11-21,4538.77001953125,4542.14013671875,4525.509765625,4538.18994140625,3511080000,-0.002022975931757968,0.009245968957120834
2023-11-22,4553.0400390625,4568.43017578125,4545.0498046875,4556.6201171875,3042810000,0.004052905094313324,0.008248174943393135
2023-11-24,4555.83984375,4560.31005859375,4552.7998046875,4559.33984375,1639500000,0.0005966956096450322,0.00739011891753753
2023-11-27,4554.85986328125,4560.52001953125,4546.31982421875,4550.43017578125,3403990000,-0.0019560693168983586,0.0072190674142448745
2023-11-28,4545.5498046875,4568.14013671875,4540.509765625,4554.89013671875,3586240000,0.0009796385280502918,0.007079279056232408
2023-11-29,4571.83984375,4587.64013671875,4547.14990234375,4550.580078125,4418760000,-0.0009466966151019382,0.007162081408079777
2023-11-30,4554.8701171875,4569.89013671875,4537.240234375,4567.7998046875,5399300000,0.003776931264994605,0.007003446298715188
2023-12-01,4559.43017578125,4599.39013671875,4554.7099609375,4594.6298828125,4397120000,0.005856558953846637,0.006091848561027237
2023-12-04,4564.3701171875,4572.3701171875,4546.72021484375,4569.77978515625,4369910000,-0.005423188063826943,0.006189933440709174
2023-12-05,4557.25,4578.56005859375,4551.68017578125,4567.18017578125,3909950000,-0.0005690315939348026,0.006223767023661277
2023-12-06,4586.22998046875,4590.740234375,4546.5,4549.33984375,4245680000,-0.003913851944943747,0.006371720853484021
2023-12-07,4568.83984375,4590.919921875,4565.22021484375,4585.58984375,3818880000,0.007936610684821922,0.006506689777647859
2023-12-08,4576.2001953125,4609.22998046875,4574.06005859375,4604.3701171875,3707010000,0.0040871341465037936,0.006037496269163281
2023-12-11,4593.39013671875,4623.7099609375,4593.39013671875,4622.43994140625,3823210000,0.003916813547781492,0.005269594492502196
2023-12-12,4618.2998046875,4643.93017578125,4608.08984375,4643.7001953125,3808380000,0.0045888127956924,0.0052395814344334875
2023-12-13,4646.2001953125,4709.68994140625,4643.22998046875,4707.08984375,5063650000,0.01355834517501981,0.004438774949012386
2023-12-14,4721.0400390625,4738.56982421875,4694.33984375,4719.5498046875,6314040000,0.002643565185154432,0.004436240096748909
2023-12-15,4714.22998046875,4725.52978515625,4704.68994140625,4719.18994140625,8218980000,-7.625240044859478e-05,0.004462617465451534
2023-12-18,4725.580078125,4749.52001953125,4725.580078125,4740.56005859375,4060340000,0.004518122263400515,0.004482889929997484
2023-12-19,4743.72021484375,4768.68994140625,4743.72021484375,4768.3701171875,4026970000,0.005849267450818904,0.0044076883540864415
2023-12-20,4764.72998046875,4778.009765625,4697.81982421875,4698.35009765625,4201320000,-0.014793147965305628,0.005787083036071443
2023-12-21,4724.2900390625,4748.7099609375,4708.35009765625,4746.75,3431180000,0.010248769307271876,0.006076351270492984
2023-12-22,4753.919921875,4772.93994140625,4736.77001953125,4754.6298828125,3046770000,0.0016586821527610754,0.006067672504823988
2023-12-26,4758.85986328125,4784.72021484375,4758.4501953125,4774.75,2513910000,0.004222761046978559,0.0060074441037734514
2023-12-27,4773.4501953125,4785.39013671875,4768.89990234375,4781.580078125,2748450000,0.0014294356164229985,0.006002663315191247
2023-12-28,4786.43994140625,4793.2998046875,4780.97998046875,4783.35009765625,2698860000,0.0003701061103271183,0.005970831523908328
2023-12-29,4782.8798828125,4788.43017578125,4751.990234375,4769.830078125,3126060000,-0.0028304770367338357,0.006077963912664918
2024-01-02,4745.2001953125,4754.330078125,4722.669921875,4742.830078125,3743050000,-0.005676660799723162,0.006253758284533417
2024-01-03,4725.06982421875,4729.2900390625,4699.7099609375,4704.81005859375,3950760000,-0.008048618327197648,0.006433627312249629
2024-01-04,4697.419921875,4726.77978515625,4687.52978515625,4688.68017578125,3715480000,-0.003434271663317429,0.0065125113671906844
2024-01-05,4690.56982421875,4721.490234375,4682.10986328125,4697.240234375,3844370000,0.0018240216394339805,0.006395479775367531
2024-01-08,4703.7001953125,4764.5400390625,4699.81982421875,4763.5400390625,3742320000,0.014015945436353141,0.00684143899978713
2024-01-09,4741.93017578125,4765.47021484375,4730.35009765625,4756.5,3529960000,-0.0014789938523175842,0.006861125010512271
2024-01-10,4759.93994140625,4790.7998046875,4756.2001953125,4783.4501953125,3498680000,0.005649980650495912,0.006902411780109335
2024-01-11,4792.1298828125,4798.5,4739.580078125,4780.240234375,3759890000,-0.0006712808369611647,0.006887221983293536
2024-01-12,4791.18017578125,4802.39990234375,4768.97998046875,4783.830078125,3486340000,0.0007506937530339595,0.0062697746243988595
2024-01-16,4772.35009765625,4782.33984375,4747.1201171875,4765.97998046875,4260550000,-0.0037383190523568345,0.006333545325765183
2024-01-17,4739.1298828125,4744.22998046875,4714.81982421875,4739.2099609375,3928600000,-0.005632731271107821,0.0064798469651705945
2024-01-18,4760.10009765625,4785.7900390625,4740.56982421875,4780.93994140625,4019000000,0.008766720726243148,0.006694541368492396
2024-01-19,4796.27978515625,4842.06982421875,4785.8701171875,4839.81005859375,4287200000,0.012238308232548512,0.007106790509006234
2024-01-22,4853.419921875,4868.41015625,4844.0498046875,4850.43017578125,4297610000,0.0021919211872316853,0.006095327163953033
2024-01-23,4856.7998046875,4866.47998046875,4844.3701171875,4864.60009765625,3912800000,0.002917115340764486,0.005758506729581293
2024-01-24,4888.56005859375,4903.68017578125,4865.93994140625,4868.5498046875,4330030000,0.0008115989762168653,0.005758273680264418
2024-01-25,4886.66015625,4898.14990234375,4869.33984375,4894.16015625,4020430000,0.00524657813497798,0.00579116815340142
2024-01-26,4888.91015625,4906.68994140625,4881.47021484375,4890.97021484375,3353400000,-0.0006519977554263648,0.005806174134147386
2024-01-29,4892.9501953125,4929.31005859375,4887.39990234375,4927.93017578125,3525160000,0.007528365505246204,0.005974978764340039
2024-01-30,4925.89013671875,4931.08984375,4916.27001953125,4924.97021484375,3836130000,-0.0006008303969786162,0.005910599154391148
2024-01-31,4899.18994140625,4906.75,4845.14990234375,4845.64990234375,4696120000,-0.016236851740733683,0.0069713852705991595
2024-02-01,4861.10986328125,4906.97021484375,4853.52001953125,4906.18994140625,4386090000,0.012416286114049784,0.007063454950861057
2024-02-02,4916.06005859375,4975.2900390625,4907.990234375,4958.60986328125,3974350000,0.01062777072263312,0.007182898408728479
2024-02-05,4957.18994140625,4957.18994140625,4918.08984375,4942.81005859375,4023640000,-0.0031914247092839714,0.0073052273054334
2024-02-06,4950.16015625,4957.77001953125,4934.8798828125,4954.22998046875,4440880000,0.0023077459317481074,0.006788725506327653
2024-02-07,4973.0498046875,4999.89013671875,4969.0498046875,4995.06005859375,4895590000,0.008207682594008628,0.006875261876568533
2024-02-08,4995.16015625,5000.39990234375,4987.08984375,4997.91015625,4341860000,0.000570420540090595,0.006844461092391892
2024-02-09,5004.169921875,5030.06005859375,5000.33984375,5026.60986328125,3912990000,0.0057259171287955156,0.006853039748875417
2024-02-12,5026.830078125,5048.39013671875,5016.830078125,5021.83984375,3805740000,-0.0009494041426524416,0.0068865088150448775
2024-02-13,4967.93994140625,4971.2998046875,4920.31005859375,4953.169921875,4302190000,-0.013768609419845444,0.007678840564441731
2024-02-14,4976.43994140625,5002.52001953125,4956.4501953125,5000.6201171875,3845600000,0.009534168304216807,0.007641880352897873
2024-02-15,5003.14013671875,5032.72021484375,4999.43994140625,5029.72998046875,4137970000,0.00580437267404004,0.007545895472923134
2024-02-16,5031.1298828125,5038.7001953125,4999.52001953125,5005.56982421875,3833270000,-0.0048150435759610425,0.007352937195801436
2024-02-20,4989.31982421875,4993.7099609375,4955.02001953125,4975.509765625,4034880000,-0.0060234264658172495,0.007549891595343593
2024-02-21,4963.02978515625,4983.2099609375,4946.0,4981.7998046875,3788390000,0.0012634014951035982,0.007539987118034004
2024-02-22,5038.830078125,5094.39013671875,5038.830078125,5087.02978515625,4051710000,0.02090288866640342,0.0087311752511391
2024-02-23,5100.919921875,5111.06005859375,5081.4599609375,5088.7998046875,3672790000,0.000347887026502183,0.008709746106387561
2024-02-26,5093.0,5097.66015625,5068.91015625,5069.52978515625,3683930000,-0.003793939244668484,0.008787139254565866
2024-02-27,5074.60009765625,5080.68994140625,5057.2900390625,5078.18017578125,3925950000,0.001704895538720964,0.008682949676494363
2024-02-28,5067.2001953125,5077.3701171875,5058.35009765625,5069.759765625,3789370000,-0.001659531321112244,0.008699653301553903
2024-02-29,5085.35986328125,5104.990234375,5061.89013671875,5096.27001953125,5219740000,0.0052154704557999644,0.007665344120710903
2024-03-01,5098.509765625,5140.330078125,5094.16015625,5137.080078125,4748110000,0.007975936433387976,0.007424176938513003
2024-03-04,5130.990234375,5149.669921875,5127.18017578125,5130.9501953125,4758440000,-0.0011939745749630112,0.007193209202566069
2024-03-05,5110.52001953125,5114.5400390625,5056.81982421875,5078.64990234375,4418410000,-0.010245406275917994,0.007607123991392563
2024-03-06,5108.02978515625,5127.97021484375,5092.22021484375,5104.759765625,4559050000,0.005127932853001643,0.007651710397595127
2024-03-07,5132.3798828125,5165.6201171875,5128.2099609375,5157.35986328125,4137980000,0.010251402284983627,0.007758947079825907
2024-03-08,5164.4599609375,5189.259765625,5117.5,5123.68994140625,4208870000,-0.006549922992050337,0.007969126732171036
2024-03-11,5111.9599609375,5124.66015625,5091.14013671875,5117.93994140625,3896430000,-0.0011228682680281005,0.007913295660430714
2024-03-12,5134.2998046875,5179.8701171875,5114.47998046875,5175.27001953125,4080510000,0.011139512586668012,0.008220313133336784
2024-03-13,5173.490234375,5179.14013671875,5151.8798828125,5165.31005859375,4282890000,-0.0019263840021219723,0.0074529488918724796
2024-03-14,5175.14013671875,5176.85009765625,5123.2998046875,5150.47998046875,4687970000,-0.002875221051495188,0.007316495772592291
2024-03-15,5123.31005859375,5136.85986328125,5104.35009765625,5117.08984375,7753670000,-0.0065040228597376655,0.007449733471326988
2024-03-18,5154.77001953125,5175.60009765625,5145.47021484375,5149.419921875,4036220000,0.006298184238480456,0.007418479119655792
2024-03-19,5139.08984375,5180.31005859375,5131.58984375,5178.509765625,4031760000,0.00563325304434312,0.007259382775296898
2024-03-20,5181.68994140625,5226.18994140625,5171.5498046875,5224.6201171875,4064850000,0.008864765516360184,0.0074161115671184255
2024-03-21,5253.43017578125,5261.10009765625,5240.66015625,5241.52978515625,4207730000,0.003231309094528888,0.006013022866550692
2024-03-22,5242.47998046875,5246.08984375,5229.8701171875,5234.18017578125,3374700000,-0.0014031718343267125,0.00604329133531326
2024-03-25,5219.52001953125,5229.08984375,5216.08984375,5218.18994140625,3331360000,-0.0030596403820319297,0.006012172339149413
2024-03-26,5228.85009765625,5235.16015625,5203.419921875,5203.580078125,3871790000,-0.002803721982805726,0.006085993216367363
2024-03-27,5226.31005859375,5249.259765625,5213.919921875,5248.490234375,3850500000,0.008593595582706042,0.006260044935127695
2024-03-28,5248.02978515625,5264.85009765625,5245.81982421875,5254.35009765625,3998270000,0.0011158627007616052,0.006206883657105736
2024-04-01,5257.97021484375,5263.9501953125,5229.2001953125,5243.77001953125,3325930000,-0.0020156145269577246,0.0060609183158712755
2024-04-02,5204.2900390625,5208.33984375,5184.0498046875,5205.81005859375,3886590000,-0.007265388203672426,0.006324378028520611
2024-04-03,5194.3701171875,5228.75,5194.3701171875,5211.490234375,3703250000,0.001090527523337898,0.005773504086857237
2024-04-04,5244.0498046875,5256.58984375,5146.06005859375,5147.2099609375,4075680000,-0.01241103561926225,0.006452161114281387
2024-04-05,5158.9501953125,5222.18017578125,5157.2099609375,5204.33984375,3386780000,0.011038050135699558,0.006517354092221869
2024-04-08,5211.3701171875,5219.56982421875,5197.35009765625,5202.39013671875,3278180000,-0.0003747011900415767,0.006311120890165446
2024-04-09,5217.02978515625,5224.81005859375,5160.77978515625,5209.91015625,3400680000,0.0014444494736345207,0.00629685510066131
2024-04-10,5167.8798828125,5178.43017578125,5138.7001953125,5160.64013671875,3845930000,-0.009501981832212592,0.006219732645977681
2024-04-11,5172.9501953125,5211.77978515625,5138.77001953125,5199.06005859375,3509380000,0.007417221983342437,0.006426100381085888
2024-04-12,5171.509765625,5175.02978515625,5107.93994140625,5123.41015625,3963220000,-0.014657587802248536,0.007225360516070613
2024-04-15,5149.669921875,5168.43017578125,5052.47021484375,5061.81982421875,3950210000,-0.012094195787459195,0.007578952122082801
2024-04-16,5064.58984375,5079.83984375,5039.830078125,5051.41015625,4006200000,-0.0020586245275039964,0.007410424534776157
2024-04-17,5068.97021484375,5077.9599609375,5007.25,5022.2099609375,3596130000,-0.005797375076004185,0.007315271284359207
2024-04-18,5031.52001953125,5056.66015625,5001.89013671875,5011.1201171875,3619760000,-0.0022106017004853043,0.006893846330361961
2024-04-19,5005.43994140625,5019.02001953125,4953.56005859375,4967.22998046875,3878750000,-0.008797129654056974,0.006930122613668798
2024-04-22,4987.330078125,5038.83984375,4969.39990234375,5010.60009765625,3820250000,0.00869335115683908,0.007381640624007256
2024-04-23,5028.85009765625,5076.1201171875,5027.9599609375,5070.5498046875,3751400000,0.01189356656772209,0.008017995848001419
2024-04-24,5084.85986328125,5089.47998046875,5047.02001953125,5071.6298828125,3656740000,0.00021298737793290078,0.008019268665882956
2024-04-25,5019.8798828125,5057.75,4990.580078125,5048.419921875,3958050000,-0.0045869342701194095,0.007700016393707782
2024-04-26,5084.64990234375,5114.6201171875,5073.14013671875,5099.9599609375,3604140000,0.010157381332325343,0.008141817301828383
2024-04-29,5114.1298828125,5123.490234375,5088.64990234375,5116.169921875,3447450000,0.0031734080766393944,0.008206645770021653
2024-04-30,5103.77978515625,5110.830078125,5035.31005859375,5035.68994140625,4082470000,-0.015855551118928123,0.00874610655817786
2024-05-01,5029.02978515625,5096.1201171875,5013.4501953125,5018.39013671875,4544170000,-0.0034413534856316866,0.008729752248881765
2024-05-02,5049.31982421875,5073.2099609375,5011.0498046875,5064.2001953125,4381660000,0.009087024725084856,0.008689268282185213
2024-05-03,5122.77978515625,5139.1201171875,5101.22021484375,5127.7900390625,3924990000,0.012478557659508005,0.008797961613842315
2024-05-06,5142.419921875,5181.0,5142.419921875,5180.740234375,3683250000,0.010273173691247842,0.009136927366019943
2024-05-07,5187.2001953125,5200.22998046875,5178.9599609375,5187.7001953125,3987890000,0.0013425282288256131,0.0091359852900515
2024-05-08,5168.97998046875,5191.9501953125,5165.85986328125,5187.669921875,3842100000,-5.835635193424912e-06,0.008870764324162547
2024-05-09,5189.02978515625,5215.2998046875,5180.41015625,5214.080078125,3727370000,0.005078032639106711,0.008786467982840605
2024-05-10,5225.490234375,5239.66015625,5209.68017578125,5222.68017578125,3617900000,0.001648040080166728,0.008067843804744027
2024-05-13,5233.080078125,5237.259765625,5211.16015625,5221.419921875,4255710000,-0.00024133317386520824,0.007471806463667468
2024-05-14,5221.10009765625,5250.3701171875,5217.97998046875,5246.68017578125,4763580000,0.004826148527454041,0.007455274000498934
2024-05-15,5263.259765625,5311.759765625,5263.259765625,5308.14990234375,4360810000,0.01164782778729962,0.007527914235180588
2024-05-16,5310.06982421875,5325.490234375,5296.18994140625,5297.10009765625,3817470000,-0.0020838374740880464,0.0075235533387604464
2024-05-17,5303.10009765625,5305.4501953125,5283.58984375,5303.27001953125,3578120000,0.0011640956878937513,0.007030732224375173
2024-05-20,5305.35009765625,5325.31982421875,5302.39990234375,5308.1298828125,3420100000,0.0009159703084911664,0.00692951244017272
2024-05-21,5298.68994140625,5324.31982421875,5297.8701171875,5321.41015625,3662240000,0.0024987497668926086,0.0065970941411602575
2024-05-22,5319.27978515625,5323.18017578125,5286.009765625,5307.009765625,3847130000,-0.0027097912093521476,0.006680276046915769
2024-05-23,5340.259765625,5341.8798828125,5256.93017578125,5267.83984375,3869520000,-0.007408162283471933,0.006860019477832741
2024-05-24,5281.4501953125,5311.64990234375,5278.39013671875,5304.72021484375,3005510000,0.0069766490766732595,0.006699038856330469
2024-05-28,5315.91015625,5315.91015625,5280.89013671875,5306.0400390625,3751540000,0.00024877090688591537,0.006703265681463183
2024-05-29,5278.72998046875,5282.27001953125,5262.7001953125,5266.9501953125,3552750000,-0.007394317215742535,0.0057244027980219115
2024-05-30,5259.77001953125,5260.2099609375,5222.10009765625,5235.47998046875,3818750000,-0.005992957535754186,0.0058840148941525375
2024-05-31,5243.2099609375,5280.330078125,5191.68017578125,5277.509765625,5437160000,0.007995824231928897,0.005820706262811883
2024-06-03,5297.14990234375,5302.10986328125,5234.31982421875,5283.39990234375,4046920000,0.0011154602235352391,0.005279990417570358
2024-06-04,5278.240234375,5298.7998046875,5257.6298828125,5291.33984375,3707900000,0.0015016810037827531,0.004860041589867222
2024-06-05,5314.47998046875,5354.16015625,5297.64013671875,5354.02978515625,3591460000,0.011778015849957281,0.005420288096538644
2024-06-06,5357.7998046875,5362.35009765625,5335.35986328125,5352.9599609375,3609990000,-0.00019983660163685183,0.005423444259083719
2024-06-07,5343.81005859375,5375.080078125,5331.330078125,5346.990234375,3692760000,-0.0011158420502790662,0.005389213377442296
2024-06-10,5341.22021484375,5365.7900390625,5331.52001953125,5360.7900390625,3622280000,0.002577529978240972,0.005396751407438022
2024-06-11,5353.0,5375.9501953125,5327.25,5375.31982421875,3568030000,0.0027067148552095224,0.005392550943200616
2024-06-12,5409.1298828125,5447.25,5409.1298828125,5421.02978515625,3962840000,0.008467720241887338,0.005570985653614691
2024-06-13,5441.93017578125,5441.93017578125,5402.509765625,5433.740234375,3530380000,0.00234191143711672,0.0050554071241620336
2024-06-14,5424.080078125,5432.39013671875,5403.75,5431.60009765625,3438650000,-0.00039393828099749413,0.005012111563277835
2024-06-17,5431.10986328125,5488.5,5420.39990234375,5473.22998046875,3447840000,0.007635164372320518,0.005210945694062757
2024-06-18,5476.14990234375,5490.3798828125,5471.31982421875,5487.02978515625,3544330000,0.0025181541815171163,0.005212559503090095
2024-06-20,5499.990234375,5505.52978515625,5455.56005859375,5473.169921875,3847060000,-0.0025291273954115403,0.00529050623753882
2024-06-21,5466.77001953125,5478.31005859375,5452.02978515625,5464.6201171875,6773800000,-0.0015633517188252497,0.005249618071550066
2024-06-24,5459.580078125,5490.66015625,5447.58984375,5447.8701171875,3696750000,-0.0030698791558664423,0.004944519112277024
2024-06-25,5460.72998046875,5472.8798828125,5446.56005859375,5469.2998046875,3591960000,0.003925873679181344,0.004817962756772584
2024-06-26,5460.7099609375,5483.14013671875,5451.8701171875,5477.89990234375,3563920000,0.0015711962247204525,0.004808552610651744
2024-06-27,5473.58984375,5490.81005859375,5467.5400390625,5482.8701171875,3589530000,0.0009069098567990731,0.004325940344801891
2024-06-28,5488.47998046875,5523.64013671875,5451.1201171875,5460.47998046875,7199220000,-0.0040920134623695995,0.004158519009727439
2024-07-01,5471.080078125,5479.5498046875,5446.52978515625,5475.08984375,3488760000,0.0026719909814295235,0.0039253777027395175
2024-07-02,5461.83984375,5509.68994140625,5458.43017578125,5509.009765625,3329950000,0.0061762057711850496,0.0040378699940668734
2024-07-03,5507.43994140625,5539.27001953125,5507.419921875,5537.02001953125,2179470000,0.0050715622695336636,0.004089038595703033
2024-07-05,5537.91015625,5570.330078125,5531.6298828125,5567.18994140625,3253080000,0.00543397436096954,0.0035189036910914036
2024-07-08,5572.75,5583.10986328125,5562.509765625,5572.85009765625,3185670000,0.0010161824764044329,0.003490153723770111
2024-07-09,5584.240234375,5590.75,5574.56982421875,5576.97998046875,3232920000,0.0007407974780654752,0.0034266705249686607
2024-07-10,5591.259765625,5635.39013671875,5586.43994140625,5633.91015625,3336100000,0.010156314878105886,0.003871743411983957
2024-07-11,5635.2099609375,5642.4501953125,5576.52978515625,5584.5400390625,4020950000,-0.008801649969266724,0.0046198994181469505
2024-07-12,5590.759765625,5655.56005859375,5590.43994140625,5615.35009765625,3700280000,0.00550186402496512,0.004442493215314316
2024-07-15,5638.16015625,5666.93994140625,5614.75,5631.22021484375,3620470000,0.0028222164233526843,0.004447095149999295
2024-07-16,5644.08984375,5669.669921875,5639.02001953125,5667.2001953125,4041760000,0.0063690499714532745,0.00452906602482902
2024-07-17,5610.06982421875,5622.490234375,5584.81005859375,5588.27001953125,4246450000,-0.014025441523645543,0.005603892285060975
2024-07-18,5608.56005859375,5614.0498046875,5522.81005859375,5544.58984375,4007510000,-0.007847112145350072,0.0059298234239835
2024-07-19,5543.3701171875,5557.5,5497.0400390625,5505.0,3760570000,-0.007165879226406085,0.006142219677974784
2024-07-22,5544.5400390625,5570.35986328125,5529.0400390625,5564.41015625,3375180000,0.010734217246220293,0.006548993904206822
2024-07-23,5565.2998046875,5585.33984375,5550.89990234375,5555.740234375,3500210000,-0.0015593176939461904,0.0065093323951685555
2024-07-24,5505.83984375,5508.0400390625,5419.97998046875,5427.1298828125,3945550000,-0.02342124222289286,0.008443075495389384
2024-07-25,5428.7001953125,5491.58984375,5390.9501953125,5399.22021484375,4592120000,-0.005155889019717259,0.00849479692638391
2024-07-26,5433.669921875,5488.31982421875,5430.7001953125,5459.10009765625,3638770000,0.011029420409570924,0.00888942834109839
2024-07-29,5476.5498046875,5487.740234375,5444.43994140625,5463.5400390625,3379970000,0.0008129795718284517,0.008844449042725902
2024-07-30,5478.72998046875,5489.4599609375,5401.7001953125,5436.43994140625,3777740000,-0.0049725143613676215,0.008889242515721511
2024-07-31,5505.58984375,5551.509765625,5493.75,5522.2998046875,4546910000,0.015669980701917767,0.009489539518323833
2024-08-01,5537.83984375,5566.16015625,5410.419921875,5446.68017578125,4703620000,-0.013788123791990166,0.009899833433364582
2024-08-02,5376.6298828125,5383.89013671875,5302.02978515625,5346.56005859375,5156450000,-0.01855290660855327,0.010534610248678791
2024-08-05,5151.14013671875,5250.89013671875,5119.259765625,5186.330078125,5333250000,-0.0304270413923931,0.012261994173782324
2024-08-06,5206.419921875,5312.33984375,5193.56005859375,5240.02978515625,4690190000,0.010300849493599515,0.012620952566099639
2024-08-07,5293.1298828125,5330.64013671875,5195.5400390625,5199.5,4558260000,-0.007764715388769489,0.012260072276867803
2024-08-08,5252.56982421875,5328.02978515625,5233.85009765625,5319.31005859375,4016830000,0.02278113959089888,0.013574240291156859
2024-08-09,5314.66015625,5358.669921875,5300.83984375,5344.16015625,3516400000,0.004660798434381699,0.01354964489484237
2024-08-12,5351.8798828125,5371.2001953125,5324.3701171875,5344.39013671875,3360160000,4.30330517200971e-05,0.013506642780010122
2024-08-13,5376.97998046875,5436.5,5376.97998046875,5434.43017578125,3648980000,0.016707233419049988,0.014055207366492083
2024-08-14,5442.35986328125,5463.22021484375,5415.91015625,5455.2099609375,3380050000,0.00381643656119841,0.013822547484957847
2024-08-15,5501.1298828125,5546.22998046875,5501.1298828125,5543.22021484375,3723310000,0.01600448993130413,0.014241884655815615
2024-08-16,5530.5,5561.97998046875,5525.169921875,5554.25,3357690000,0.0019878023683961516,0.014146661265325922
2024-08-19,5557.22998046875,5608.2998046875,5550.740234375,5608.25,3222050000,0.009675327436177775,0.014108056800235948
2024-08-20,5602.8798828125,5620.509765625,5585.5,5597.1201171875,2994420000,-0.001986527237609709,0.014111490322379813
2024-08-21,5603.08984375,5632.68017578125,5591.56982421875,5620.85009765625,3119670000,0.004230714721006796,0.01296583085748944
2024-08-22,5637.77001953125,5643.22021484375,5560.9501953125,5570.64013671875,2981530000,-0.00897294225665722,0.013100285228725925
2024-08-23,5602.490234375,5641.81982421875,5585.16015625,5634.60986328125,3291940000,0.01141793740166443,0.013115341146363283
2024-08-26,5639.66015625,5651.6201171875,5602.33984375,5616.83984375,2938570000,-0.0031587101696058145,0.013157601541791573
2024-08-27,5602.89013671875,5631.18017578125,5593.47998046875,5625.7998046875,2798990000,0.0015939251127232035,0.01307229907063538
2024-08-28,5624.509765625,5627.02978515625,5560.9501953125,5592.18017578125,3053450000,-0.005993900794735212,0.01274837809547879
2024-08-29,5607.2998046875,5646.9501953125,5583.7099609375,5591.9599609375,3065640000,-3.937984343658622e-05,0.012292596690318267
2024-08-30,5612.740234375,5651.3701171875,5581.7900390625,5648.39990234375,4185850000,0.010042457079144168,0.011497215694145187
2024-09-03,5623.89013671875,5623.89013671875,5504.330078125,5528.93017578125,3866350000,-0.021377963372397696,0.010231414521371005
2024-09-04,5506.68017578125,5552.990234375,5503.66015625,5520.06982421875,3478140000,-0.0016038290273809634,0.01014236962848394
2024-09-05,5520.080078125,5546.2998046875,5480.5400390625,5503.41015625,3521650000,-0.003022581014674196,0.00994065877745987
2024-09-06,5507.330078125,5522.47021484375,5402.6201171875,5408.419921875,3822800000,-0.017410944507424406,0.009758183384076202
2024-09-09,5442.06982421875,5484.2001953125,5434.490234375,5471.0498046875,3825940000,0.011513534435818254,0.01001663469314791
2024-09-10,5490.509765625,5497.91015625,5441.72021484375,5495.52001953125,3848180000,0.004462699977793541,0.01003911394424165
2024-09-11,5496.419921875,5560.41015625,5406.9599609375,5554.1298828125,3839450000,0.01060855564984334,0.009633956165686838
2024-09-12,5557.47998046875,5600.7099609375,5535.5,5595.759765625,3655070000,0.00746735215680267,0.009722530887763208
2024-09-13,5603.33984375,5636.27001953125,5601.64990234375,5626.02001953125,3500790000,0.0053931422343560355,0.00914885654641209
2024-09-16,5615.2099609375,5636.0498046875,5604.52978515625,5633.08984375,3437070000,0.0012558408673102855,0.009145071122466682
2024-09-17,5655.509765625,5670.81005859375,5614.0498046875,5634.580078125,3443600000,0.00026451509389645083,0.008897984084684006
2024-09-18,5641.68017578125,5689.75,5615.080078125,5618.259765625,3691390000,-0.0029006587083132912,0.008912327987662503
2024-09-19,5702.6298828125,5733.56982421875,5686.419921875,5713.64013671875,4024530000,0.016834356892725128,0.009629901270787155
2024-09-20,5709.64013671875,5715.14013671875,5674.490234375,5702.5498046875,7867260000,-0.0019429136300157343,0.009378712106025495
2024-09-23,5711.89990234375,5725.35986328125,5704.22021484375,5718.56982421875,3529550000,0.0028053344257131223,0.009076263968605697
2024-09-24,5727.66015625,5735.31982421875,5698.990234375,5732.93017578125,3872710000,0.002508031103345345,0.00903652930252825
2024-09-25,5733.64990234375,5741.02978515625,5712.06005859375,5722.259765625,3624910000,-0.001862983206212128,0.009058066974856886
2024-09-26,5762.22021484375,5767.3701171875,5721.009765625,5745.3701171875,4391180000,0.004030542158199222,0.008935955458487388
2024-09-27,5755.35986328125,5763.77978515625,5727.33984375,5738.169921875,3898530000,-0.0012540029000721238,0.008950020400534208
2024-09-30,5726.52001953125,5765.14013671875,5703.52978515625,5762.47998046875,4425730000,0.004227603658441509,0.008742798298966972
2024-10-01,5757.72998046875,5757.72998046875,5681.27978515625,5708.75,4025180000,-0.009367848694454447,0.007440310069339326
2024-10-02,5698.14013671875,5719.6298828125,5674.0,5709.5400390625,3829050000,0.00013838132698647728,0.00741096309974794
2024-10-03,5698.18994140625,5718.77978515625,5677.3701171875,5699.93994140625,3597450000,-0.0016828286544586894,0.007372102057487256
2024-10-04,5737.47998046875,5753.2099609375,5702.830078125,5751.06982421875,3479400000,0.008930255699186382,0.005991661681573023
2024-10-07,5737.7998046875,5739.33984375,5686.85009765625,5695.93994140625,3637790000,-0.009632263829388773,0.006282215122637014
2024-10-08,5719.14013671875,5757.60009765625,5714.56005859375,5751.1298828125,3393400000,0.009642706804694385,0.006491760407855262
2024-10-09,5751.7998046875,5796.7998046875,5745.02001953125,5792.0400390625,3650340000,0.007088231016994585,0.006298715558042648
2024-10-10,5778.35986328125,5795.02978515625,5764.759765625,5780.0498046875,3208790000,-0.0020722685059824846,0.0062314866883859095
2024-10-11,5775.08984375,5822.1298828125,5775.08984375,5815.02978515625,3208720000,0.00603360870729872,0.006253503131965697
2024-10-14,5829.81005859375,5871.41015625,5829.56982421875,5859.85009765625,3005250000,0.007678114574594323,0.006395361083466274
2024-10-15,5866.740234375,5870.35986328125,5804.47998046875,5815.259765625,3882120000,-0.0076385660375134215,0.0067412994381303125
2024-10-16,5816.580078125,5846.52001953125,5808.33984375,5842.47021484375,3467230000,0.004668232782779766,0.006688882565080886
2024-10-17,5875.6201171875,5878.4599609375,5840.25,5841.47021484375,3480010000,-0.00017117512853816633,0.005706882965317146
2024-10-18,5859.43017578125,5872.169921875,5846.10986328125,5864.669921875,3374490000,0.003963686942774387,0.005693598423099476
2024-10-21,5857.81982421875,5866.919921875,5824.7900390625,5853.97998046875,3407010000,-0.001824432756419033,0.005727540317380309
2024-10-22,5832.7001953125,5863.0400390625,5821.169921875,5851.2001953125,3342080000,-0.0004749666671957937,0.005729706616675069
2024-10-23,5834.5,5834.85009765625,5762.41015625,5797.419921875,3532650000,-0.009233824267679564,0.006146838456501229
2024-10-24,5817.7998046875,5817.7998046875,5784.919921875,5809.85986328125,3543030000,0.0021434731305568283,0.006106607569759658
2024-10-25,5826.75,5862.81982421875,5799.97998046875,5808.1201171875,3501280000,-0.00029949201318627087,0.006095419529673291
2024-10-28,5833.93017578125,5842.919921875,5823.080078125,5823.52001953125,3691280000,0.002647934626732945,0.006056127081029482
2024-10-29,5819.68017578125,5847.18994140625,5802.169921875,5832.919921875,3879100000,0.0016128259449012198,0.0055918286006853375
2024-10-30,5832.64990234375,5850.93994140625,5811.27978515625,5813.669921875,3851120000,-0.0033056916724881185,0.005674636974769081
2024-10-31,5775.33984375,5775.33984375,5702.85986328125,5705.4501953125,4425660000,-0.018790134928745348,0.007175806746896022
2024-11-01,5723.22021484375,5772.52001953125,5723.22021484375,5728.7998046875,3796450000,0.004084158004525459,0.006937983742642639
2024-11-04,5725.14990234375,5741.43017578125,5696.509765625,5712.68994140625,3602060000,-0.0028160448131902913,0.006609593887619814
2024-11-05,5722.43017578125,5783.43994140625,5722.10009765625,5782.759765625,3768310000,0.012191031029563081,0.00682338994815192
2024-11-06,5864.89013671875,5936.14013671875,5864.89013671875,5929.0400390625,6329530000,0.024981280957186654,0.008683359384366185
2024-11-07,5947.2099609375,5983.83984375,5947.2099609375,5973.10009765625,4925740000,0.007403754173995657,0.008755427170270376
2024-11-08,5976.759765625,6012.4501953125,5976.759765625,5995.5400390625,4666740000,0.0037497940357180464,0.008709920288881874
2024-11-11,6008.85986328125,6017.31005859375,5986.68994140625,6001.35009765625,4333000000,0.0009685941909569238,0.008588965813028602
2024-11-12,6003.60009765625,6009.919921875,5960.080078125,5983.990234375,4243400000,-0.0028968514769364996,0.008395619995673698
2024-11-13,5985.75,6008.18994140625,5965.91015625,5985.3798828125,4220180000,0.00023220076414018386,0.008364108390681083
2024-11-14,5989.68017578125,5993.8798828125,5942.27978515625,5949.169921875,4184570000,-0.006068108582244,0.00851782163922769
2024-11-15,5912.7900390625,5915.31982421875,5853.009765625,5870.6201171875,4590960000,-0.013291430866793769,0.009049863292360818
2024-11-18,5874.169921875,5908.1201171875,5865.9501953125,5893.6201171875,3983860000,0.003910159746206537,0.009078127201530322
2024-11-19,5870.0498046875,5923.509765625,5855.2900390625,5916.97998046875,4036940000,0.003955750520596487,0.00911126007055851
2024-11-20,5914.33984375,5920.669921875,5860.56005859375,5917.10986328125,3772620000,2.19506213354446e-05,0.008818020612999104
2024-11-21,5940.580078125,5963.31982421875,5887.259765625,5948.7099609375,4230120000,0.005326251844288491,0.008867908385686199
2024-11-22,5944.35986328125,5972.89990234375,5944.35986328125,5969.33984375,4141420000,0.0034619595915364653,0.008874743748941172
2024-11-25,5992.27978515625,6020.75,5963.91015625,5987.3701171875,5633150000,0.0030159278201245415,0.008877915843534591
2024-11-26,6000.02978515625,6025.419921875,5992.27001953125,6021.6298828125,3835170000,0.005705697155263866,0.008930403284124564
2024-11-27,6014.10986328125,6020.16015625,5984.8701171875,5998.740234375,3363340000,-0.003808481083577712,0.00894561091543204
2024-11-29,6003.97998046875,6044.169921875,6003.97998046875,6032.3798828125,2444420000,0.005592120396801623,0.007582963132721831
2024-12-02,6040.10986328125,6053.580078125,6035.330078125,6047.14990234375,4412470000,0.0024454638805813736,0.007577048812498298
2024-12-03,6042.97021484375,6052.06982421875,6033.39013671875,6049.8798828125,4095000000,0.0004513472420221813,0.007486447858967697
2024-12-04,6069.39013671875,6089.83984375,6061.06005859375,6086.490234375,4003390000,0.00603318162813612,0.007204119820280153
2024-12-05,6089.02978515625,6094.5498046875,6072.89990234375,6075.10986328125,4212020000,-0.0018715258393823342,0.004957360731373732
2024-12-06,6081.3798828125,6099.97021484375,6079.97998046875,6090.27001953125,3924830000,0.0024923453675383123,0.004752154428508973
2024-12-09,6083.009765625,6088.509765625,6048.6298828125,6052.85009765625,4556460000,-0.006163167285227462,0.00495954189683055
2024-12-10,6057.58984375,6065.39990234375,6029.89013671875,6034.91015625,4048410000,-0.002968284314279252,0.005016745388088907
2024-12-11,6060.14990234375,6092.58984375,6060.14990234375,6084.18994140625,4269950000,0.008132626411368235,0.0052500714282046465
2024-12-12,6074.2900390625,6079.68017578125,6051.25,6051.25,3678010000,-0.005428731461463251,0.005433411189838148
2024-12-13,6068.169921875,6078.580078125,6035.77001953125,6051.08984375,3584960000,-2.646698937187397e-05,0.005209597744139687
2024-12-16,6063.7900390625,6085.18994140625,6059.14013671875,6074.080078125,4391100000,0.0037921550087844295,0.004037747932987822
2024-12-17,6052.5498046875,6057.68017578125,6035.18994140625,6050.60986328125,4544500000,-0.0038714794806554956,0.004186119485854535
2024-12-18,6047.64990234375,6070.669921875,5867.7900390625,5872.16015625,5246960000,-0.02993650530451818,0.008095348250988869
2024-12-19,5912.7099609375,5935.52001953125,5866.06982421875,5867.080078125,4896880000,-0.0008654867505367934,0.008095460189219285
2024-12-20,5842.0,5982.06005859375,5832.2998046875,5930.85009765625,8223220000,0.010810479402397299,0.008388097433931997
2024-12-23,5940.25,5978.25,5902.56982421875,5974.06982421875,3593280000,0.007260849585616372,0.008516234794679653
2024-12-24,5984.6298828125,6040.10009765625,5981.43994140625,6040.0400390625,1757720000,0.010982233165126825,0.00884280375471598
2024-12-26,6024.97021484375,6049.75,6007.3701171875,6037.58984375,2904530000,-0.0004057410882578191,0.00875636061375029
2024-12-27,6006.169921875,6006.169921875,5932.9501953125,5970.83984375,3159610000,-0.01111730496491221,0.009076159532404569
2024-12-30,5920.669921875,5940.7900390625,5869.16015625,5906.93994140625,3433250000,-0.010759673941729728,0.009258462559270547
2024-12-31,5919.740234375,5929.740234375,5868.85986328125,5881.6298828125,3128350000,-0.0042940064589823065,0.009247157497685852
2025-01-02,5903.259765625,5935.08984375,5829.52978515625,5868.5498046875,3621680000,-0.002226363149448992,0.009238510629585814
2025-01-03,5891.06982421875,5949.33984375,5888.66015625,5942.47021484375,3667340000,0.01251735670782609,0.009623343638945181
2025-01-06,5982.81005859375,6021.0400390625,5960.009765625,5975.3798828125,4940120000,0.005522766496818171,0.009737441465480381
2025-01-07,5993.259765625,6000.68017578125,5890.68017578125,5909.02978515625,4517330000,-0.011166021516637011,0.009968556849218066
2025-01-08,5910.66015625,5927.89013671875,5874.77978515625,5918.25,4441740000,0.0015591440938312422,0.009928334455866255
2025-01-10,5890.35009765625,5890.35009765625,5807.77978515625,5827.0400390625,4751930000,-0.015531637650233373,0.010435619166083196
2025-01-13,5782.02001953125,5838.60986328125,5773.31005859375,5836.22021484375,4421200000,0.0015742043780551176,0.010209232682635226
2025-01-14,5859.27001953125,5871.919921875,5805.419921875,5842.91015625,4142280000,0.001145623334164268,0.010201590354219461
2025-01-15,5905.2099609375,5960.60986328125,5905.2099609375,5949.91015625,4544570000,0.018147132504516373,0.011130453713023044
2025-01-16,5963.60986328125,5964.68994140625,5930.72021484375,5937.33984375,4285810000,-0.0021149243408667613,0.01107923639615665
2025-01-17,5995.39990234375,6014.9599609375,5978.43994140625,5996.66015625,4366830000,0.009941478308394033,0.011327646814390005
2025-01-21,6014.1201171875,6051.509765625,6006.8798828125,6049.240234375,4702920000,0.00873000944059605,0.009113007123819749
2025-01-22,6081.39013671875,6100.81005859375,6076.1298828125,6086.3701171875,4323040000,0.006119181086994129,0.009151921219937657
2025-01-23,6076.31982421875,6118.72998046875,6074.669921875,6118.7099609375,4432250000,0.005299419459529372,0.008948146197620882
2025-01-24,6121.43017578125,6128.18017578125,6088.740234375,6101.240234375,4214250000,-0.002859215984467759,0.008894734145068344
2025-01-27,5969.0400390625,6017.169921875,5962.919921875,6012.27978515625,5198750000,-0.014688059032112328,0.009232272010004589
2025-01-28,6026.97021484375,6074.5400390625,5994.6298828125,6067.7001953125,4473640000,0.009175644177716802,0.009468267078240314
2025-01-29,6057.7001953125,6062.830078125,6012.9599609375,6039.31005859375,4115310000,-0.004689876056919602,0.009166446066667777
2025-01-30,6050.75,6086.64013671875,6027.4599609375,6071.169921875,4634620000,0.005261548152180238,0.008817633574822858
2025-01-31,6096.7900390625,6120.91015625,6030.93017578125,6040.52978515625,4843770000,-0.005059603990267195,0.00884514109394174
2025-02-03,5969.64990234375,6022.1298828125,5923.93017578125,5994.56982421875,4797210000,-0.007637690729495203,0.00904035634565042
2025-02-04,5998.14013671875,6042.47998046875,5990.8701171875,6037.8798828125,4410160000,0.007198907403029114,0.008759531350201018
2025-02-05,6020.4501953125,6062.85986328125,6007.06005859375,6061.47998046875,4756250000,0.003901053915613614,0.008720898200077917
2025-02-06,6072.22021484375,6084.02978515625,6046.830078125,6083.56982421875,4847120000,0.003637674355266266,0.008276293901115046
2025-02-07,6083.1298828125,6101.27978515625,6019.9599609375,6025.990234375,4766900000,-0.0095098456936602,0.00863147766073968
2025-02-10,6046.39990234375,6073.3798828125,6044.83984375,6066.43994140625,4458760000,0.006690112295455172,0.007794366863226743
2025-02-11,6049.31982421875,6076.27978515625,6042.33984375,6068.5,4324880000,0.00033952514367385523,0.007802911192233063
2025-02-12,6025.080078125,6063.0,6003.0,6051.97021484375,4627960000,-0.0027275831896475754,0.007871723532030373
2025-02-13,6060.58984375,6116.91015625,6050.9501953125,6115.06982421875,4763800000,0.010372313214235747,0.007181456229661995
2025-02-14,6115.52001953125,6127.47021484375,6107.6201171875,6114.6298828125,4335190000,-7.19463955744955e-05,0.007143723243708191
2025-02-18,6121.60009765625,6129.6298828125,6099.509765625,6129.580078125,4684980000,0.002442003655551809,0.006867186957378957
2025-02-19,6117.759765625,6147.43017578125,6111.14990234375,6144.14990234375,4562330000,0.0023741488668242434,0.0066385828523858725
2025-02-20,6134.5,6134.5,6084.58984375,6117.52001953125,4813690000,-0.004343604884290259,0.006607738914320535
2025-02-21,6114.10009765625,6114.81982421875,6008.56005859375,6013.1298828125,5434560000,-0.017211396672539132,0.007552919081532774
2025-02-24,6026.68994140625,6043.64990234375,5977.830078125,5983.25,4990120000,-0.004981493566252351,0.007597111958425271
2025-02-25,5982.72998046875,5992.64990234375,5908.490234375,5955.25,5374690000,-0.004690715138395557,0.00694866689351038
2025-02-26,5970.8701171875,6009.81982421875,5932.68994140625,5956.06005859375,4869580000,0.00013601502958346571,0.006571550554537202
2025-02-27,5981.8798828125,5993.68994140625,5858.77978515625,5861.56982421875,5057680000,-0.015991742678524653,0.007351643083056151
2025-02-28,5856.740234375,5959.39990234375,5837.66015625,5954.5,6441140000,0.015729780420663385,0.008183489194524501
2025-03-03,5968.330078125,5986.08984375,5810.91015625,5849.72021484375,5613850000,-0.017753402648308866,0.008971640523410963
2025-03-04,5811.97998046875,5865.080078125,5732.58984375,5778.14990234375,6138110000,-0.012310288231505477,0.009195065917846036
2025-03-05,5781.35986328125,5860.58984375,5742.35009765625,5842.6298828125,5285970000,0.011097472528735688,0.00943493064329798
2025-03-06,5785.8701171875,5812.080078125,5711.64013671875,5738.52001953125,5165080000,-0.017979677107455568,0.01000927594285939
2025-03-07,5726.009765625,5783.009765625,5666.2900390625,5770.2001953125,5705140000,0.005505435045454467,0.010080350066488466
2025-03-10,5705.3701171875,5705.3701171875,5564.02001953125,5614.56005859375,6409370000,-0.027343541788428148,0.011419448928443382
2025-03-11,5603.64990234375,5636.2998046875,5528.41015625,5572.06982421875,6221240000,-0.007596646918536578,0.011190654910135043
2025-03-12,5624.83984375,5642.18994140625,5546.08984375,5599.2998046875,5219830000,0.004874967940490777,0.011333600719649128
2025-03-13,5594.4501953125,5597.77978515625,5504.64990234375,5521.52001953125,5018980000,-0.013988366806464148,0.011543598402889424
2025-03-14,5563.85009765625,5645.27001953125,5563.85009765625,5638.93994140625,4863180000,0.02104290595319694,0.012479976866266515
2025-03-17,5635.60009765625,5703.52001953125,5631.1201171875,5675.1201171875,5031770000,0.0063956349746060355,0.01267089577289777
2025-03-18,5654.52978515625,5654.52978515625,5597.759765625,5614.66015625,4666270000,-0.010710667074319702,0.012675041137820168
2025-03-19,5632.3701171875,5715.330078125,5622.2001953125,5675.2900390625,4660090000,0.010740608172953766,0.013042667910329242
2025-03-20,5646.919921875,5711.14990234375,5632.330078125,5662.89013671875,4678420000,-0.002187283513782985,0.013048319031933901
2025-03-21,5630.72998046875,5670.83984375,5603.10009765625,5667.56005859375,9367460000,0.0008243136078323211,0.012695571179636132
2025-03-24,5718.080078125,5775.14013671875,5718.080078125,5767.56982421875,4517990000,0.01749211712863917,0.013477647412142876
2025-03-25,5775.9599609375,5786.9501953125,5760.419921875,5776.64990234375,4467340000,0.0015730954906538206,0.013480588478979436
2025-03-26,5771.66015625,5783.6201171875,5694.41015625,5712.2001953125,4183140000,-0.011219640357598032,0.01364519616843087
2025-03-27,5695.64013671875,5732.27978515625,5670.93994140625,5693.31005859375,4403460000,-0.0033124610071321114,0.013254274760067653
2025-03-28,5679.2001953125,5685.89013671875,5572.419921875,5580.93994140625,4513330000,-0.019934601126853548,0.013219463928569113
2025-03-31,5527.91015625,5627.56005859375,5488.72998046875,5611.85009765625,5257250000,0.005523240357645722,0.012895067411784082
2025-04-01,5597.52978515625,5650.56982421875,5558.52001953125,5633.06982421875,4434500000,0.0037741045552120668,0.012723599182944287
2025-04-02,5580.759765625,5695.31005859375,5571.47998046875,5670.97021484375,4243830000,0.006705661429484109,0.012535400847226007
2025-04-03,5492.740234375,5499.52978515625,5390.830078125,5396.52001953125,7210470000,-0.04960591182899663,0.01618762362136957
2025-04-04,5292.14013671875,5292.14013671875,5069.89990234375,5074.080078125,8853500000,-0.061609061898230934,0.020655691493176333
2025-04-07,4953.7900390625,5246.56982421875,4835.0400390625,5062.25,8691980000,-0.0023341946059635883,0.020071613950981008
2025-04-08,5193.56982421875,5267.47021484375,4910.419921875,4982.77001953125,7408140000,-0.015825083277054855,0.020207679163837193
2025-04-09,4965.27978515625,5481.33984375,4948.43017578125,5456.89990234375,9489600000,0.09089487983303646,0.0295477616718516
2025-04-10,5353.14990234375,5353.14990234375,5115.27001953125,5268.0498046875,6677140000,-0.03522060702411168,0.030397294521440632
2025-04-11,5255.56005859375,5381.4599609375,5220.77001953125,5363.35986328125,5602550000,0.01793038083577807,0.0302789647078317
2025-04-14,5441.9599609375,5459.4599609375,5358.02001953125,5405.97021484375,5031440000,0.007913319326342991,0.03030433711282849
2025-04-15,5411.990234375,5450.41015625,5386.43994140625,5396.6298828125,4317110000,-0.001729275225300909,0.030241642117891154
2025-04-16,5335.75,5367.240234375,5220.7900390625,5275.7001953125,4607750000,-0.022663253964902527,0.030423979711465
2025-04-17,5305.4501953125,5328.31005859375,5255.580078125,5282.7001953125,4714880000,0.0013259586237727749,0.0304430092004635
2025-04-21,5232.93994140625,5232.93994140625,5101.6298828125,5158.2001953125,4226340000,-0.02384964833401801,0.03075794181289604
2025-04-22,5207.669921875,5309.60986328125,5207.669921875,5287.759765625,4666950000,0.02480695212545062,0.031077651978218844
2025-04-23,5395.919921875,5469.68994140625,5356.169921875,5375.85986328125,5371390000,0.016523864366879457,0.03140552449166991
2025-04-24,5381.3798828125,5489.39990234375,5371.9599609375,5484.77001953125,4697710000,0.020056628082583162,0.03178232158656263
2025-04-25,5489.72998046875,5528.10986328125,5455.85986328125,5525.2099609375,4236580000,0.0073460847957005125,0.031849002627392244
2025-04-28,5529.22021484375,5553.66015625,5468.64013671875,5528.75,4257880000,0.0006405015390019333,0.031553080021028045
2025-04-29,5508.8701171875,5571.9501953125,5505.7001953125,5560.830078125,4747150000,0.005785641545556399,0.03155575756688035
2025-04-30,5499.43994140625,5581.83984375,5433.240234375,5569.06005859375,5449490000,0.0014788972519335208,0.03154373281938981
2025-05-01,5625.14013671875,5658.91015625,5597.35009765625,5604.14013671875,4935270000,0.006279345716451974,0.03153870013562402
2025-05-02,5645.8798828125,5700.7001953125,5642.27978515625,5686.669921875,4854380000,0.014619191109112719,0.0294885970488227
2025-05-05,5655.31982421875,5683.3798828125,5634.47998046875,5650.3798828125,4358260000,-0.006402047029318447,0.025470071935639344
2025-05-06,5605.8701171875,5649.580078125,5586.0400390625,5606.91015625,4717260000,-0.007722985278391797,0.025584207803501107
2025-05-07,5614.18017578125,5654.72998046875,5578.64013671875,5631.27978515625,4987440000,0.004336938106710132,0.025108710314612294
2025-05-08,5663.60009765625,5720.10009765625,5635.3798828125,5663.93994140625,5627400000,0.005783021147465641,0.015268150859832741
2025-05-09,5679.64990234375,5691.68994140625,5644.14990234375,5659.91015625,4645090000,-0.0007117341348763632,0.012568082382155376
2025-05-12,5807.2001953125,5845.3701171875,5786.080078125,5844.18994140625,6014580000,0.03203997667702081,0.0137554802392786
2025-05-13,5854.14990234375,5906.64013671875,5845.02001953125,5886.5498046875,5516290000,0.007222059020245977,0.013746770141178534
2025-05-14,5896.740234375,5906.5498046875,5872.10986328125,5892.580078125,5233450000,0.001023891242276054,0.01369735166805974
2025-05-15,5869.81982421875,5924.2099609375,5865.16015625,5916.93017578125,4991290000,0.004123817438757677,0.012132442006592144
2025-05-16,5929.08984375,5958.6201171875,5907.35986328125,5958.3798828125,4850850000,0.006980849368100189,0.012090093474068945
2025-05-19,5902.8798828125,5968.60986328125,5895.68994140625,5963.60009765625,4144010000,0.0008757295660482738,0.009949961858988521
2025-05-20,5944.66015625,5953.06005859375,5909.259765625,5940.4599609375,4416850000,-0.0038877770695725784,0.009335601850235208
2025-05-21,5910.18017578125,5938.3701171875,5830.91015625,5844.60986328125,5254250000,-0.016266719267758897,0.010196435216282712
2025-05-22,5841.259765625,5878.080078125,5825.81982421875,5842.009765625,5157050000,-0.0004449700224211693,0.009524728118303972
2025-05-23,5781.89013671875,5829.509765625,5767.41015625,5802.81982421875,4662820000,-0.006730899591473139,0.009716902819076787
2025-05-27,5854.06982421875,5924.330078125,5854.06982421875,5921.5400390625,5366380000,0.02025258080218437,0.010483890274254764
2025-05-28,5925.5400390625,5939.919921875,5881.8798828125,5888.5498046875,4665050000,-0.005586802576444734,0.010656487501010895
2025-05-29,5939.9599609375,5943.1298828125,5873.7998046875,5912.169921875,4569750000,0.0040031708706317415,0.01065417843977104
2025-05-30,5903.669921875,5922.14013671875,5843.66015625,5911.68994140625,6378540000,-8.118845699520562e-05,0.010645730376399772
2025-06-02,5896.68017578125,5937.39990234375,5861.43017578125,5935.93994140625,4832240000,0.004093651490626028,0.010277803547772102
2025-06-03,5938.56005859375,5981.35009765625,5929.0,5970.3701171875,5026680000,0.005783533535368979,0.010104177038934296
2025-06-04,5978.93994140625,5990.47998046875,5966.10986328125,5970.81005859375,4767050000,7.368474471916267e-05,0.009825225739549224
2025-06-05,5985.669921875,5999.7001953125,5921.2001953125,5939.2998046875,5091850000,-0.005291357978698112,0.009998067768035059
2025-06-06,5987.06005859375,6016.8701171875,5978.6298828125,6000.35986328125,4355710000,0.010228196215376713,0.01011975125269908
2025-06-09,6004.6298828125,6021.31005859375,5994.18017578125,6005.8798828125,4642360000,0.0009195251863913659,0.010095782177237646
2025-06-10,6009.91015625,6043.009765625,6000.27978515625,6038.81005859375,4882880000,0.005468012541646841,0.007477197336431485
2025-06-11,6049.3798828125,6059.39990234375,6002.31982421875,6022.240234375,5111550000,-0.002747660318287345,0.007417414240819901
2025-06-12,6009.89990234375,6045.43017578125,6003.8798828125,6045.259765625,4669500000,0.0038151330716763875,0.007441345896151481
2025-06-13,6000.56005859375,6026.16015625,5963.2099609375,5976.97021484375,5258910000,-0.01136066859010289,0.007919926586641108
2025-06-16,6004.0,6050.830078125,6004.0,6033.10986328125,5111710000,0.0093488231481891,0.008038645686814443
2025-06-17,6012.14990234375,6023.25,5974.7998046875,5982.72021484375,4955700000,-0.008387259723643134,0.00828635888327222
2025-06-18,5987.93017578125,6018.25,5971.89013671875,5980.8701171875,5106470000,-0.00030928803472058796,0.008232816936394416
2025-06-20,5999.669921875,6018.2001953125,5952.56005859375,5967.83984375,7451500000,-0.002181035215587759,0.007285484011040885
2025-06-23,5969.669921875,6028.77001953125,5943.22998046875,6025.169921875,5597000000,0.009560655071259439,0.007517743399746556
2025-06-24,6061.2099609375,6101.759765625,6059.25,6092.18017578125,5443690000,0.011060328616958607,0.007539682265455286
2025-06-25,6104.22998046875,6108.509765625,6080.08984375,6092.16015625,5171110000,-3.286108349665331e-06,0.006274327425865412
2025-06-26,6112.08984375,6146.52001953125,6107.27001953125,6141.02001953125,5308140000,0.007988131032516797,0.006210344755903034
2025-06-27,6150.7001953125,6187.68017578125,6132.35009765625,6173.06982421875,7889350000,0.005205399256150098,0.0062355125031359464
2025-06-30,6193.35986328125,6215.080078125,6174.97021484375,6204.9501953125,5782900000,0.005151137506128882,0.006246323322973041
2025-07-01,6187.25,6210.77978515625,6177.97021484375,6198.009765625,6275310000,-0.0011191571098791433,0.006281504018664555
2025-07-02,6193.8798828125,6227.60009765625,6188.2900390625,6227.419921875,5645710000,0.0047338743064907745,0.006253961293091494
2025-07-03,6246.4599609375,6284.64990234375,6246.4599609375,6279.35009765625,3378110000,0.00830437821066394,0.006382557072711858
2025-07-07,6259.0400390625,6262.06982421875,6201.0,6229.97998046875,5236740000,-0.007893368104244017,0.006573799132890658
2025-07-08,6234.02978515625,6242.7001953125,6217.75,6225.52001953125,5739030000,-0.0007161432504695748,0.006338204553916643
2025-07-09,6243.330078125,6269.16015625,6231.43017578125,6263.259765625,4813340000,0.00604380277677969,0.006402205389190287
2025-07-10,6266.7998046875,6290.22021484375,6251.43994140625,6280.4599609375,5367350000,0.0027424410729257912,0.006355535585177847
2025-07-11,6255.68017578125,6269.43994140625,6237.60009765625,6259.75,4656210000,-0.0033029717732258423,0.006378364824705683
2025-07-14,6255.14990234375,6273.31005859375,6239.22021484375,6268.56005859375,4722250000,0.0014064243309367943,0.006363700605581182
2025-07-15,6295.2900390625,6302.0400390625,6241.68017578125,6243.759765625,5133670000,-0.003964145065672561,0.005742374435009035
2025-07-16,6254.5,6268.1201171875,6201.58984375,6263.7001953125,5177460000,0.0031885685253844154,0.005497810632883417
2025-07-17,6263.39990234375,6304.68994140625,6262.27001953125,6297.35986328125,5512290000,0.005359380240011013,0.004982386201799232
2025-07-18,6312.9501953125,6315.60986328125,6285.27001953125,6296.7900390625,5184700000,-9.049030280841674e-05,0.0049759842097599795
2025-07-21,6304.740234375,6336.080078125,6303.7900390625,6305.60009765625,5010840000,0.001398157005673256,0.004858968100161213
2025-07-22,6306.60009765625,6316.1201171875,6281.7099609375,6309.6201171875,5662040000,0.0006373284966667569,0.004603924623542201
2025-07-23,6326.89990234375,6360.64013671875,6317.490234375,6358.91015625,5642510000,0.007781532145702873,0.004325780636011603
2025-07-24,6368.60009765625,6381.31005859375,6360.56982421875,6363.35009765625,5282720000,0.0006979799969332514,0.004310286141232838
2025-07-25,6370.009765625,6395.81982421875,6368.52978515625,6388.64013671875,4470720000,0.003966451001680552,0.004114300423749538
2025-07-28,6397.68994140625,6401.06982421875,6375.7900390625,6389.77001953125,4565620000,0.00017684247126657597,0.004059886182582607
2025-07-29,6405.6201171875,6409.259765625,6363.919921875,6370.85986328125,5076120000,-0.002963830197466829,0.0041047248583988205
2025-07-30,6381.22998046875,6396.5400390625,6336.3798828125,6362.89990234375,5375070000,-0.0012502139385094711,0.0041089250799001865
2025-07-31,6427.02001953125,6427.02001953125,6327.64013671875,6339.39013671875,6077080000,-0.003701662046374567,0.00417174206782043
2025-08-01,6287.27978515625,6287.27978515625,6212.68994140625,6238.009765625,5827150000,-0.0161213871855698,0.005307881794330082
2025-08-04,6271.7099609375,6330.68994140625,6271.7099609375,6329.93994140625,4842580000,0.014629564491414495,0.0059671487834817415
2025-08-05,6336.6298828125,6346.0,6289.3701171875,6299.18994140625,5517410000,-0.004869703780462017,0.006093484274421828
2025-08-06,6309.2998046875,6352.830078125,6301.10986328125,6345.06005859375,5408560000,0.007255522219852605,0.006156283157123455
2025-08-07,6374.31982421875,6389.7099609375,6310.31982421875,6340.0,5306090000,-0.0007977981718278668,0.0061437996017363805
2025-08-08,6355.22021484375,6395.16015625,6355.22021484375,6389.4501953125,4769910000,0.0077694548163894745,0.006283045815568372
2025-08-11,6389.669921875,6407.25,6364.06005859375,6373.4501953125,4652400000,-0.0025072683938851073,0.006331314558895095
2025-08-12,6395.169921875,6446.5498046875,6385.759765625,6445.759765625,5135300000,0.011281559075170764,0.006634295819041144
2025-08-13,6462.669921875,6480.27978515625,6445.02001953125,6466.580078125,5195950000,0.0032248733840464015,0.0066347606066972575
2025-08-14,6453.4599609375,6473.919921875,6441.06982421875,6468.5400390625,4462050000,0.00030304487855445177,0.006579830397093563
2025-08-15,6477.3798828125,6481.33984375,6441.85009765625,6449.7998046875,4575060000,-0.0029013399163647113,0.006641743669121869
2025-08-18,6445.02001953125,6455.35009765625,6437.7001953125,6449.14990234375,4162290000,-0.00010076825773579619,0.00664784958641554
2025-08-19,6446.240234375,6456.47998046875,6400.22021484375,6411.3701171875,4377440000,-0.005875329112207127,0.006830029890013268
2025-08-20,6406.6201171875,6408.39990234375,6343.85986328125,6395.77978515625,4470390000,-0.002434630632264957,0.006660317965971069
2025-08-21,6380.830078125,6393.64990234375,6352.7099609375,6370.169921875,4013560000,-0.004012219728951123,0.006728030294040331
2025-08-22,6384.58984375,6478.89013671875,6384.58984375,6466.91015625,5046860000,0.015072285158779139,0.007483827813988732
2025-08-25,6457.669921875,6466.89013671875,6438.06005859375,6439.31982421875,4059070000,-0.004275512539646319,0.007563155453037035
2025-08-26,6435.490234375,6468.3701171875,6429.2099609375,6465.93994140625,4867680000,0.00412547371011636,0.007564011703584108
2025-08-27,6462.259765625,6487.06005859375,6457.83984375,6481.39990234375,4143680000,0.0023881304533030262,0.007557358281287184
2025-08-28,6483.83984375,6508.22998046875,6466.9599609375,6501.85986328125,4283760000,0.003151747441466755,0.007491736710105401
2025-08-29,6489.27978515625,6491.759765625,6444.56982421875,6460.259765625,4234840000,-0.006418740402792551,0.006563203128197649
2025-09-02,6401.509765625,6416.5400390625,6360.580078125,6415.5400390625,4784000000,-0.006946350061030363,0.006091073683041874
2025-09-03,6445.81982421875,6453.669921875,6416.169921875,6448.259765625,4465360000,0.005087112302941308,0.0060208224535829
2025-09-04,6456.60009765625,6502.5400390625,6445.97998046875,6502.080078125,4670770000,0.008311847102873571,0.006081349839431418
2025-09-05,6529.080078125,6532.64990234375,6443.97998046875,6481.5,5066120000,-0.00317017266993674,0.006145623223359242
2025-09-08,6498.08984375,6508.669921875,6483.2900390625,6495.14990234375,5211500000,0.0021037644508885675,0.005949645700896015
2025-09-09,6503.330078125,6518.22998046875,6483.080078125,6512.60986328125,4798350000,0.0026845470300734414,0.005909945104149789
2025-09-10,6550.2900390625,6555.97021484375,6516.33984375,6532.0400390625,5253010000,0.0029790282293981275,0.005427555949378229
2025-09-11,6554.41015625,6592.89013671875,6545.7998046875,6587.47021484375,5426460000,0.008450087623093565,0.005677286598544289
2025-09-12,6590.66015625,6600.2099609375,6579.490234375,6584.2900390625,4641640000,-0.00048287788142832935,0.005684541443213773
2025-09-15,6603.490234375,6619.6201171875,6602.06982421875,6615.27978515625,5045020000,0.004695577726559718,0.005671894143425786
2025-09-16,6624.1298828125,6626.990234375,6600.10986328125,6606.759765625,5359510000,-0.0012887604333313247,0.005693149178591945
2025-09-17,6604.8701171875,6624.39013671875,6551.14990234375,6600.35009765625,5805340000,-0.0009706390782443865,0.005473402072772736
2025-09-18,6626.85009765625,6656.7998046875,6611.89013671875,6631.9599609375,5292400000,0.004777687836708263,0.005441318074750617
2025-09-19,6647.10986328125,6671.81982421875,6630.31005859375,6664.35986328125,9125960000,0.004873523937481177,0.005301613029968079
2025-09-22,6654.27978515625,6698.8798828125,6648.06982421875,6693.75,5642620000,0.004400350714762291,0.004405206873521996
2025-09-23,6692.43994140625,6699.52001953125,6645.580078125,6656.919921875,5633620000,-0.005517351828739721,0.0045019089712240055
2025-09-24,6669.7900390625,6672.66015625,6621.759765625,6637.97021484375,5459180000,-0.0028506771652953692,0.004570699165852474
2025-09-25,6608.18994140625,6619.0,6569.22021484375,6604.72021484375,5874670000,-0.005021648742526333,0.004774711621323271
2025-09-26,6615.3798828125,6648.97021484375,6604.43017578125,6643.7001953125,5103110000,0.005884489130413512,0.004879221087149611
2025-09-29,6661.580078125,6677.31005859375,6644.490234375,6661.2099609375,5358760000,0.002632077259912619,0.004556247998447675
2025-09-30,6656.18994140625,6691.25,6641.0,6688.4599609375,6057210000,0.004082503613507919,0.004122969267661941
2025-10-01,6664.919921875,6718.47998046875,6656.2001953125,6711.2001953125,6037950000,0.0033941541712235066,0.004075148332182661
2025-10-02,6731.31005859375,6731.93994140625,6693.22998046875,6715.35009765625,5416130000,0.0006181636213842448,0.003801767375153782
2025-10-03,6722.14013671875,6750.8701171875,6705.669921875,6715.7900390625,5713110000,6.55106568658717e-05,0.0036534287738912426
2025-10-06,6733.85986328125,6749.52001953125,6717.77978515625,6740.27978515625,5604460000,0.003639959282762629,0.003676767928427898
2025-10-07,6746.14013671875,6754.490234375,6699.9599609375,6714.58984375,5546150000,-0.003818687706853079,0.0038811724866647064
2025-10-08,6723.8701171875,6755.64013671875,6718.08984375,6753.72021484375,5383130000,0.005810748494187323,0.003987130488038543
2025-10-09,6760.5,6764.580078125,6716.169921875,6735.10986328125,5385020000,-0.0027593739802789824,0.003765390977210173
2025-10-10,6740.490234375,6762.39990234375,6550.77978515625,6552.509765625,6596610000,-0.027485975439899807,0.0074269217311564075
2025-10-13,6622.52978515625,6668.68017578125,6620.7099609375,6654.72021484375,5303960000,0.015478263036934031,0.008159450713010236
2025-10-14,6602.490234375,6680.7001953125,6555.06982421875,6644.31005859375,5666920000,-0.00156555149694257,0.008162516490146212
2025-10-15,6688.27001953125,6724.1201171875,6612.10986328125,6671.06005859375,5633060000,0.004017918503427979,0.008198320749079552
2025-10-16,6689.02001953125,6709.33984375,6593.990234375,6629.06982421875,6048180000,-0.006314280275141975,0.008270902514776569
2025-10-17,6613.27001953125,6678.8798828125,6603.759765625,6664.009765625,5358120000,0.0052568739445263,0.008283279256650452
2025-10-20,6690.0498046875,6744.35009765625,6690.0498046875,6735.1298828125,4672170000,0.010615724136144117,0.008568833399635675
2025-10-21,6736.75,6752.16015625,6722.02978515625,6735.35009765625,5245020000,3.269591641698797e-05,0.008459415657051102
2025-10-22,6741.33984375,6741.75,6655.68994140625,6699.39990234375,5710010000,-0.005351834774743029,0.008531073589616422
2025-10-23,6703.64990234375,6749.52978515625,6700.14013671875,6738.43994140625,5565750000,0.0058104798620133855,0.008508524583478418
2025-10-24,6772.06982421875,6807.10986328125,6772.06982421875,6791.68994140625,5058220000,0.007871361975244856,0.00857982979003037
2025-10-27,6845.4599609375,6877.27978515625,6843.93994140625,6875.16015625,5290650000,0.012215141327379352,0.008930238418223511
2025-10-28,6897.740234375,6911.2998046875,6870.72998046875,6890.89013671875,5695930000,0.0022853305022299255,0.008912764236339162
2025-10-29,6910.9501953125,6920.33984375,6851.91015625,6890.58984375,6280130000,-4.3579204733175357e-05,0.008907273302333487
2025-10-30,6860.5,6880.75,6820.68994140625,6822.33984375,6052700000,-0.009954191424534511,0.009257868913090552
2025-10-31,6879.169921875,6879.169921875,6814.259765625,6840.2001953125,6398280000,0.0026145009178832708,0.009264908285711236
2025-11-03,6882.31982421875,6882.31982421875,6820.6201171875,6851.97021484375,6065720000,0.0017192339969181521,0.009245139775253632
2025-11-04,6788.52001953125,6820.2099609375,6766.7099609375,6771.5498046875,5739510000,-0.011806250392326715,0.009621035321871415
2025-11-05,6769.77001953125,6829.77978515625,6763.10986328125,6796.2900390625,5939600000,0.0036468976756877185,0.009569278971015607
2025-11-06,6787.58984375,6796.68017578125,6707.509765625,6720.31982421875,6051900000,-0.011241134514722728,0.009895060608126333
2025-11-07,6696.18017578125,6730.10986328125,6631.43994140625,6728.7998046875,5926070000,0.0012610463474931072,0.007509445871884635
2025-11-10,6785.35986328125,6841.31982421875,6770.56005859375,6832.43017578125,5366050000,0.015283626703501816,0.007490243570881684
2025-11-11,6815.64013671875,6855.1298828125,6806.8701171875,6846.60986328125,4983490000,0.0020731999523923177,0.007460657647428545
2025-11-12,6867.77001953125,6869.91015625,6829.6201171875,6850.919921875,5293610000,0.0006293191259445972,0.007438903521601695
2025-11-13,6826.47021484375,6828.0498046875,6724.72021484375,6737.490234375,5473720000,-0.01669545163092778,0.008311394197256915
2025-11-14,6672.14013671875,6774.31005859375,6646.8701171875,6734.10986328125,5042660000,-0.0005018514712717733,0.008248787970264768
2025-11-17,6713.60986328125,6754.5,6638.89990234375,6672.41015625,5204220000,-0.009204497894305158,0.00816260757064319
2025-11-18,6641.18994140625,6666.6298828125,6574.31982421875,6617.31982421875,5159390000,-0.008290709844169318,0.00834587382633171
2025-11-19,6625.83984375,6689.75,6603.5,6642.16015625,5021610000,0.00374680773726533,0.008337491660930629
2025-11-20,6737.93017578125,6770.35009765625,6534.0498046875,6538.759765625,5596080000,-0.01568972611631523,0.008860336627678933
2025-11-21,6555.77001953125,6660.0498046875,6521.919921875,6602.990234375,5929930000,0.009775103041592069,0.008975831455531475
2025-11-24,6636.5400390625,6715.75,6630.7001953125,6705.1201171875,6039740000,0.015348818899081837,0.009249355154067374
2025-11-25,6697.02978515625,6776.39990234375,6659.97998046875,6765.8798828125,5003330000,0.009020886000832944,0.009504055371052736
2025-11-26,6793.5498046875,6831.43994140625,6783.8701171875,6812.60986328125,4485000000,0.006882969436149685,0.009662379321239315
2025-11-28,6822.52001953125,6850.85986328125,6819.75,6849.08984375,2558540000,0.005340487341137372,0.009484102815190411
2025-12-01,6812.2998046875,6843.64990234375,6799.93994140625,6812.6298828125,4549370000,-0.005337548746055966,0.009543859505103178
2025-12-02,6830.9599609375,6851.5498046875,6806.7099609375,6829.3701171875,4582290000,0.002454221195936617,0.00955305710613364
2025-12-03,6815.2900390625,6862.419921875,6810.43017578125,6849.72021484375,4736780000,0.0029753605210852863,0.009169115930109753
2025-12-04,6866.47021484375,6866.47021484375,6827.1201171875,6857.1201171875,4872440000,0.001079738711974404,0.009141760884859608
2025-12-05,6866.31982421875,6895.77978515625,6858.2900390625,6870.39990234375,4944560000,0.0019347688846794776,0.008720283214630845
2025-12-08,6875.2001953125,6878.27001953125,6827.18994140625,6846.509765625,4757130000,-0.0034833153316476935,0.00878012082917521
2025-12-09,6840.60986328125,6864.919921875,6837.43017578125,6840.509765625,4508050000,-0.0008767431610132386,0.0081009002635895
2025-12-10,6833.490234375,6900.669921875,6824.68994140625,6886.68017578125,5526570000,0.006726880659139976,0.008227639732034157
2025-12-11,6861.2998046875,6903.4599609375,6833.4501953125,6901.0,5021060000,0.00207719198371703,0.008237130357835689
2025-12-12,6886.85009765625,6899.85009765625,6801.7900390625,6827.41015625,4910160000,-0.010720913458554537,0.0076750438014405505
2025-12-15,6860.18994140625,6861.58984375,6801.490234375,6816.509765625,4975600000,-0.0015978388918367072,0.007687699939390789
2025-12-16,6800.1201171875,6819.27001953125,6759.740234375,6800.259765625,4983180000,-0.00238676400843967,0.007374465102018367
2025-12-17,6802.8798828125,6812.259765625,6720.43017578125,6721.43017578125,5122120000,-0.01165985661137129,0.007630669886007844
2025-12-18,6778.06005859375,6816.1298828125,6758.5,6774.759765625,5101190000,0.007902951520479156,0.007771004721692216
2025-12-19,6792.6201171875,6840.02001953125,6792.6201171875,6834.5,8554470000,0.008779407421828872,0.006882426148930737
2025-12-22,6865.2099609375,6882.02978515625,6855.740234375,6878.490234375,4465030000,0.006415870575561936,0.00672737679858947
2025-12-23,6872.41015625,6910.8798828125,6868.81005859375,6909.7900390625,3820560000,0.004540067046788208,0.0059967594666973534
2025-12-24,6904.91015625,6937.31982421875,6904.91015625,6932.0498046875,1798270000,0.003216304344700708,0.005749132846231587
2025-12-26,6936.02001953125,6945.77001953125,6921.60009765625,6929.93994140625,2586550000,-0.00030440987710828846,0.005598737770114747
2025-12-29,6903.60009765625,6920.2099609375,6888.759765625,6905.740234375,3541750000,-0.003498162923937312,0.005574728859048767
2025-12-30,6900.43994140625,6913.25,6893.47021484375,6896.240234375,3309930000,-0.0013766142506534472,0.005428157196239401
2025-12-31,6898.81982421875,6901.419921875,6844.5498046875,6845.5,3261830000,-0.007384867434248815,0.005691671962398408
2026-01-02,6878.10986328125,6894.8701171875,6824.31005859375,6858.47021484375,4184120000,0.0018929140261155547,0.0056681686857038395
2026-01-05,6892.18994140625,6920.3798828125,6891.56005859375,6902.0498046875,5771930000,0.006334024511051582,0.005836984967145729
2026-01-06,6908.02978515625,6948.68994140625,6904.02001953125,6944.81982421875,5509680000,0.0061775920038938375,0.005974004071656462
2026-01-07,6945.06982421875,6965.68994140625,6919.18994140625,6920.93017578125,5214480000,-0.0034458535710101927,0.0059726823694222385
2026-01-08,6914.10986328125,6931.27978515625,6899.330078125,6921.4599609375,5333200000,7.654532942294603e-05,0.005964574738300838
2026-01-09,6927.830078125,6978.35986328125,6917.64013671875,6966.27978515625,5163900000,0.006454611138321038,0.005950119724554228
2026-01-12,6944.1201171875,6986.330078125,6934.06982421875,6977.27001953125,5019040000,0.0015763900591805138,0.0059445146784263565
2026-01-13,6977.41015625,6985.830078125,6938.77001953125,6963.740234375,5091730000,-0.0019410055882070072,0.005364271046846336
2026-01-14,6937.41015625,6941.2998046875,6885.740234375,6926.60009765625,5530830000,-0.005347633584135448,0.005522621205543312
2026-01-15,6969.4599609375,6979.33984375,6937.93017578125,6944.47021484375,5114050000,0.002576603920444464,0.0054832087414076365
2026-01-16,6960.5400390625,6967.2998046875,6925.08984375,6940.009765625,5356550000,-0.0006425086684515026,0.0046255450719043965
2026-01-20,6865.240234375,6871.169921875,6789.0498046875,6796.85986328125,5769500000,-0.020842460953261224,0.006606002034099289
2026-01-21,6810.7099609375,6910.39013671875,6804.9599609375,6875.6201171875,5835520000,0.01152111763356032,0.006819227378790584
2026-01-22,6914.43994140625,6934.75,6893.6201171875,6913.35009765625,5307580000,0.0054725007079021405,0.006777833968956423
2026-01-23,6907.85009765625,6932.9599609375,6895.5,6915.60986328125,4871930000,0.0003268164274822459,0.006702625259711928
2026-01-26,6923.22998046875,6964.66015625,6921.60009765625,6950.22998046875,4968050000,0.00499359426016032,0.006758473525410565
2026-01-27,6965.9599609375,6988.81982421875,6958.830078125,6978.60009765625,5331720000,0.004073587840441241,0.006814299016461115
2026-01-28,7002.0,7002.27978515625,6963.4599609375,6978.02978515625,5507670000,-8.172639170147053e-05,0.0067553259230458485
2026-01-29,6977.740234375,6992.83984375,6870.7998046875,6969.009765625,6877780000,-0.0012934674424623016,0.006754122319298264
2026-01-30,6947.27001953125,6964.08984375,6893.47998046875,6939.02978515625,6697340000,-0.0043111794144580756,0.006597832338925516
2026-02-02,6916.64013671875,6991.919921875,6914.33984375,6976.43994140625,5772050000,0.005376785277364613,0.006677095547328027
2026-02-03,6985.4501953125,6993.080078125,6862.0498046875,6917.81005859375,7017660000,-0.008439495590663714,0.006853643373744696
2026-02-04,6924.5,6936.08984375,6838.7998046875,6882.72021484375,7475750000,-0.005085300155013826,0.00679163562826321
2026-02-05,6837.39013671875,6857.85009765625,6780.1298828125,6798.39990234375,6989120000,-0.01232667785383289,0.007271258406241018
2026-02-06,6816.740234375,6944.89013671875,6816.740234375,6932.2998046875,6283680000,0.019504344282200718,0.008586397088886508
2026-02-09,6917.259765625,6980.10009765625,6905.8701171875,6964.81982421875,5650260000,0.004680117860123293,0.008525996873455082
2026-02-10,6974.490234375,6986.830078125,6937.52978515625,6941.81005859375,5595950000,-0.0033091822845107053,0.008548098193046314
2026-02-11,6976.47998046875,6993.47998046875,6911.97021484375,6941.47021484375,6175510000,-4.89572699497733e-05,0.00853891896322394
2026-02-12,6957.5400390625,6973.22021484375,6824.0400390625,6832.759765625,7118700000,-0.01578494138611745,0.009168385978769735
2026-02-13,6834.27001953125,6881.9599609375,6794.5498046875,6836.169921875,5718360000,0.0004989646444475858,0.009141251173199597
2026-02-17,6819.85986328125,6866.990234375,6775.5,6843.22021484375,5418480000,0.0010307906306565179,0.009150285603605575
2026-02-18,6855.47998046875,6909.1201171875,6849.66015625,6881.31005859375,5098160000,0.005550636821134019,0.007912238729573032
2026-02-19,6861.33984375,6879.1201171875,6833.06005859375,6861.89013671875,5151690000,-0.0028261153915347848,0.007511892218175722
2026-02-20,6843.259765625,6915.85986328125,6836.330078125,6909.509765625,5432480000,0.006915755702175204,0.007574909156368501
2026-02-23,6901.25,6916.9599609375,6819.81982421875,6837.75,5638350000,-0.01043995947145646,0.007922975391890234
2026-02-24,6837.3701171875,6899.169921875,6815.43017578125,6890.06982421875,5266090000,0.007622488962383376,0.008040995580299975
2026-02-25,6915.14990234375,6952.509765625,6915.14990234375,6946.1298828125,5328060000,0.0081034339701294,0.008208652331294463
2026-02-26,6944.740234375,6947.25,6859.72998046875,6908.85986328125,5889550000,-0.005380026995566101,0.008288612798640307
2026-02-27,6856.5400390625,6882.9599609375,6831.740234375,6878.8798828125,6665660000,-0.004348795128037643,0.00833208584859275
2026-03-02,6824.35986328125,6901.009765625,6796.85009765625,6881.6201171875,6079080000,0.0003982754131349892,0.008289636170534484
2026-03-03,6800.259765625,6840.0498046875,6710.419921875,6816.6298828125,6442080000,-0.009488908731312503,0.00840855832062817
2026-03-04,6831.68994140625,6885.93994140625,6811.64013671875,6869.5,5252170000,0.00772612574014956,0.008448719185646159
2026-03-05,6851.080078125,6870.43017578125,6770.77978515625,6830.7099609375,5989300000,-0.005662707772703004,0.008466717906638228
2026-03-06,6769.02978515625,6773.419921875,6711.56005859375,6740.02001953125,5793120000,-0.013365720432496335,0.008546696180557074
2026-03-09,6699.7998046875,6810.43994140625,6636.0400390625,6795.990234375,6709410000,0.008269871665388671,0.007468692276681671
2026-03-10,6796.56005859375,6845.080078125,6759.740234375,6781.47998046875,5944950000,-0.002137402505887721,0.007350790023618314
2026-03-11,6790.08984375,6811.14990234375,6745.58984375,6775.7998046875,5511090000,-0.0008379521856348736,0.007336594071429279
2026-03-12,6740.8798828125,6740.8798828125,6670.39990234375,6672.6201171875,6292170000,-0.015344808189494536,0.00797834371617693
2026-03-13,6673.490234375,6733.2998046875,6623.919921875,6632.18994140625,5337120000,-0.006077546398501344,0.007365749671154978
2026-03-16,6674.3701171875,6729.7900390625,6674.3701171875,6699.3798828125,5176290000,0.010079909746818997,0.0078006142462154066
2026-03-17,6722.35009765625,6754.2998046875,6710.7998046875,6716.08984375,5063390000,0.002491149384952951,0.007827517271235523
2026-03-18,6697.16015625,6705.18017578125,6621.66015625,6624.7001953125,5275480000,-0.013700999383730839,0.00816412501675602
2026-03-19,6583.1201171875,6636.740234375,6557.81982421875,6606.490234375,5973390000,-0.002752582623899739,0.008163702637983782
2026-03-20,6594.66015625,6594.66015625,6473.52001953125,6506.47998046875,10025820000,-0.015253934307770224,0.00840571338388229
2026-03-23,6574.9599609375,6651.6201171875,6565.5498046875,6581.0,6020650000,0.0113881090950741,0.008797500438558259
2026-03-24,6552.08984375,6595.75,6525.10986328125,6556.3701171875,5278580000,-0.0037495954593205535,0.008511576986890756
2026-03-25,6598.35009765625,6633.93994140625,6568.41015625,6591.89990234375,4936720000,0.005404493759949214,0.00835486609835327
2026-03-26,6555.85986328125,6573.22021484375,6473.7900390625,6477.16015625,4845560000,-0.017559440961209507,0.008986813648114383
2026-03-27,6453.89013671875,6453.89013671875,6356.080078125,6368.85009765625,5303490000,-0.01686323194605131,0.009490641827157522
2026-03-30,6403.3701171875,6427.31005859375,6316.91015625,6343.72021484375,5458640000,-0.003953553833355896,0.009437811034980542
2026-03-31,6395.8798828125,6539.0498046875,6395.8798828125,6528.52001953125,6396100000,0.028714893309798716,0.011842915548286816
2026-04-01,6556.56005859375,6609.669921875,6554.2900390625,6575.31982421875,5637260000,0.0071429450037592815,0.011817986966444075
2026-04-02,6512.60986328125,6601.91015625,6474.93994140625,6582.68994140625,4740740000,0.0011202481362370179,0.011810360052568128
2026-04-06,6587.66015625,6618.1298828125,6579.72021484375,6611.830078125,3906440000,0.004417013131605809,0.01156454070360959
2026-04-07,6601.93017578125,6618.259765625,6534.5498046875,6616.85009765625,4555680000,0.0007589600331270599,0.011369338316686739
2026-04-08,6754.35986328125,6793.5,6740.27978515625,6782.81005859375,5904880000,0.024772038357183543,0.012774849433847223
2026-04-09,6783.68994140625,6835.31005859375,6761.5498046875,6824.66015625,4912410000,0.006151066869514015,0.012845832538580442
2026-04-10,6839.240234375,6845.77001953125,6808.4599609375,6816.89013671875,4393220000,-0.0011391696991393636,0.012313515207072138
2026-04-13,6806.47021484375,6887.0,6790.02001953125,6886.240234375,4785840000,0.010121875493741075,0.012351376215186931
2026-04-14,6910.2001953125,6969.419921875,6905.169921875,6967.3798828125,5032380000,0.011713988916143619,0.012413723949393995
2026-04-15,6978.169921875,7026.240234375,6967.1298828125,7022.9501953125,5278610000,0.00794414491156507,0.01248565109062428
2026-04-16,7037.77978515625,7051.22998046875,7008.52001953125,7041.27978515625,5173650000,0.002606555815286028,0.01190943988373379
2026-04-17,7074.5498046875,7147.52001953125,7074.5498046875,7126.06005859375,6145300000,0.011968553928737802,0.011986654410848587
2026-04-20,7117.0498046875,7122.64990234375,7084.41015625,7109.14013671875,4661130000,-0.0023771959102520377,0.011232263771830283
2026-04-21,7122.64013671875,7137.27001953125,7050.2001953125,7064.009765625,5160270000,-0.00636845358085314,0.011354357059137931
2026-04-22,7102.91015625,7138.64013671875,7102.91015625,7137.89990234375,4919460000,0.010405756011537825,0.01131708482170071
2026-04-23,7118.7998046875,7147.77978515625,7046.5498046875,7108.39990234375,5307260000,-0.004141432170939999,0.011466108273044343
2026-04-24,7136.47998046875,7168.58984375,7112.81982421875,7165.080078125,4608830000,0.007942067917632457,0.010330881663331236
2026-04-27,7152.72021484375,7178.740234375,7146.72021484375,7173.91015625,4783750000,0.0012316180005498539,0.00902029349379182
2026-04-28,7133.740234375,7152.52001953125,7115.169921875,7138.7998046875,4900650000,-0.0049061878687959495,0.009077683165381163
2026-04-29,7131.60986328125,7145.6298828125,7107.85986328125,7135.9501953125,5123100000,-0.00039925174351248426,0.007408006625932354
2026-04-30,7161.75,7219.830078125,7126.14990234375,7209.009765625,5723790000,0.010186184168105012,0.007496989150996217
2026-05-01,7234.5400390625,7272.52001953125,7229.31982421875,7230.1201171875,4847390000,0.00292404968652147,0.0074636946543570224
2026-05-04,7228.3798828125,7244.5400390625,7174.1201171875,7200.75,5215480000,-0.004070462487840939,0.0077170613397136234
2026-05-05,7233.6201171875,7273.259765625,7233.6201171875,7259.22021484375,5279760000,0.008087227380575185,0.007715744340354257
2026-05-06,7294.14013671875,7369.22021484375,7294.14013671875,7365.1201171875,6579640000,0.014482944327746904,0.006558488028489299
2026-05-07,7376.77978515625,7385.02001953125,7321.25,7337.10986328125,6237040000,-0.0038103454826786936,0.0067707933864800274
2026-05-08,7362.97021484375,7401.5,7362.97021484375,7398.93017578125,5302740000,0.008390405429031966,0.006753530455524205
2026-05-11,7385.31005859375,7428.97021484375,7384.2001953125,7412.83984375,5821910000,0.0018781917406753333,0.0066166170726441025
2026-05-12,7390.6298828125,7409.56982421875,7338.5400390625,7400.9599609375,5624790000,-0.0016038944114079717,0.006433615440689696
2026-05-13,7409.1201171875,7460.0400390625,7375.1298828125,7444.25,5716600000,0.005832206062995343,0.006365485863627876
2026-05-14,7454.39990234375,7517.1201171875,7454.39990234375,7501.240234375,5267050000,0.007626449143738461,0.006451161699406512
2026-05-15,7445.10986328125,7454.85009765625,7397.5,7408.5,5582070000,-0.012440381787730354,0.006984626653403311
2026-05-18,7415.06982421875,7434.06005859375,7353.169921875,7403.0498046875,5489500000,-0.0007359385925655567,0.006940694470722256
2026-05-19,7375.75,7395.31982421875,7333.68017578125,7353.60986328125,5441140000,-0.006700720556670582,0.006962208241564589
2026-05-20,7369.18994140625,7435.68994140625,7357.4599609375,7432.97021484375,5384150000,0.010734208066325955,0.006983412408185543
2026-05-21,7410.77978515625,7465.9599609375,7389.47998046875,7445.72021484375,5440620000,0.0017138609316666425,0.006832378662684824
2026-05-22,7468.81982421875,7506.31982421875,7463.2900390625,7473.47021484375,4952440000,0.003720045284340991,0.006713661736679046
2026-05-26,7511.7900390625,7539.08984375,7501.10009765625,7519.1201171875,5496060000,0.006089680623147164,0.006767986314655405
2026-05-27,7526.009765625,7530.72021484375,7499.72021484375,7520.35986328125,5524250000,0.00016486555361860245,0.0065740510009901325
2026-05-28,7519.81982421875,7568.72021484375,7508.0400390625,7563.6298828125,5494860000,0.0057372272122164095,0.006569731667398961
2026-05-29,7579.330078125,7599.3798828125,7563.5498046875,7580.06005859375,7858290000,0.0021699047314878454,0.006343096574387486
2026-06-01,7582.2900390625,7617.66015625,7562.60986328125,7599.9599609375,6583960000,0.0026218560604907887,0.0063424169428474945
2026-06-02,7595.39990234375,7620.89990234375,7582.990234375,7609.77978515625,5904410000,0.0012912549125880068,0.006161048690864355
2026-06-03,7605.31005859375,7605.35009765625,7551.22021484375,7553.68017578125,5753860000,-0.007399348892067432,0.006424169702663688
2026-06-04,7516.5400390625,7598.18994140625,7516.5400390625,7584.31005859375,5398910000,0.0040467623691873905,0.005743650604931005
2026-06-05,7537.35986328125,7541.81005859375,7368.6298828125,7383.740234375,5591290000,-0.026801330315360895,0.008496402499177207
2026-06-08,7440.56982421875,7466.81005859375,7395.1298828125,7405.72998046875,4898180000,0.0029737052076611974,0.008309781441451943
2026-06-09,7438.66015625,7483.14990234375,7237.85009765625,7386.64990234375,6006390000,-0.0025797185926219454,0.008317831464607791
2026-06-10,7350.5400390625,7396.56005859375,7265.93017578125,7266.990234375,5247300000,-0.016332095868206012,0.009068877388953032
2026-06-11,7287.669921875,7412.68017578125,7257.330078125,7394.2998046875,5658920000,0.01736719891346488,0.009853318784441631
2026-06-12,7410.85009765625,7456.39990234375,7363.009765625,7431.4599609375,4950530000,0.005012928127161434,0.009759032443545654
2026-06-15,7516.75,7577.919921875,7516.75,7554.2900390625,5674670000,0.01639328413858115,0.010023370773179033
2026-06-16,7548.77978515625,7564.9599609375,7508.68017578125,7511.35009765625,5286210000,-0.005700396039273383,0.010128870773108187
2026-06-17,7524.5,7532.169921875,7402.60986328125,7420.10009765625,5883740000,-0.012222675603360274,0.010413239582369185
2026-06-18,7487.35986328125,7511.06982421875,7468.31982421875,7500.580078125,9061110000,0.010787813962926182,0.010416032493417587
2026-06-22,7500.43994140625,7530.009765625,7460.009765625,7472.7900390625,5976740000,-0.003711932684976348,0.010452053558615058
2026-06-23,7366.509765625,7424.169921875,7347.60009765625,7365.4599609375,5640530000,-0.014466928386098657,0.010909141828780259
2026-06-24,7370.8798828125,7428.06005859375,7336.81982421875,7358.22021484375,5994860000,-0.000983415367731934,0.010790499283068699
2026-06-25,7404.91015625,7419.080078125,7323.5,7357.490234375,5565760000,-9.921104004703284e-05,0.010789055299814583
2026-06-26,7312.740234375,7392.9501953125,7294.18017578125,7354.02001953125,9105600000,-0.0004717686829183932,0.010670804019028368
2026-06-29,7391.8798828125,7444.31982421875,7348.8798828125,7440.43017578125,5794570000,0.01168156135934559,0.011043963785495063
2026-06-30,7441.27001953125,7508.2900390625,7438.0400390625,7499.35986328125,6037540000,0.007888998838148293,0.011194880248722196
2026-07-01,7478.83984375,7521.81005859375,7449.6298828125,7483.22998046875,5782730000,-0.0021531509855513085,0.011189673990614036
2026-07-02,7495.14013671875,7540.75,7427.5498046875,7483.240234375,5463520000,1.370250446897007e-06,0.011083152649548542
2026-07-06,7506.9599609375,7551.31005859375,7500.97021484375,7537.43017578125,4971110000,0.0072154138304445295,0.01117337479895141
2026-07-07,7516.6298828125,7536.06005859375,7478.6298828125,7503.85009765625,5049590000,-0.004465063253185491,0.009354343461737689
2026-07-08,7476.5400390625,7488.509765625,7421.81982421875,7482.7099609375,5102020000,-0.0028212145626126694,0.009373419865957253
2026-07-09,7491.60009765625,7546.89013671875,7481.72998046875,7543.64013671875,4442950000,0.008109821657156896,0.009491563826645384
2026-07-10,7547.64013671875,7579.93017578125,7508.16015625,7575.39013671875,4006370000,0.004200010992571727,0.008578891270890902
2026-07-13,7547.52978515625,7565.3701171875,7506.41015625,7515.33984375,4729990000,-0.007958609028043705,0.008056579276532357
2026-07-14,7536.7001953125,7557.43994140625,7513.22998046875,7543.58984375,4836950000,0.003751931076883282,0.00802685104503284
2026-07-15,7571.72021484375,7581.5,7526.9501953125,7572.39990234375,5236550000,0.003811869942054222,0.007185123996015453
2026-07-16,7558.7998046875,7570.740234375,7504.02001953125,7533.77001953125,5365300000,-0.005114462132765812,0.0071612990380892855
2026-07-17,7447.52001953125,7498.47021484375,7431.259765625,7457.68994140625,5303290000,-0.010149876192112738,0.006985675073443659
2026-07-20,7489.18017578125,7513.22998046875,7440.52978515625,7443.27978515625,5152910000,-0.0019341238867804414,0.0065409382338866996
2026-07-21,7489.9501953125,7515.31005859375,7467.85986328125,7509.2001953125,5149030000,0.008817378432212827,0.006800234414620217
2026-07-22,7497.47021484375,7525.93994140625,7485.85009765625,7498.9599609375,4890390000,-0.0013646224263997142,0.005876979224411939
2026-07-23,7418.2900390625,7450.1201171875,7376.0,7408.2998046875,5515210000,-0.012163372131276511,0.006557647731237035
2026-07-24,7406.2998046875,7460.97998046875,7396.52978515625,7411.97998046875,4860620000,0.0004966405371888175,0.006556904876032164
2026-07-27,7464.2001953125,7480.56982421875,7382.740234375,7413.18017578125,5038290000,0.00016191330177520104,0.006554159085489365
2026-07-28,7395.5498046875,7452.08984375,7382.9501953125,7428.77978515625,5590890000,0.0021020963754603476,0.00601415049098978
2026-07-29,7418.16015625,7450.83984375,7313.919921875,7316.14990234375,5836350000,-0.015277397157074194,0.006601149397050961
2026-07-30,7390.4501953125,7448.75,7370.97998046875,7437.6298828125,5594430000,0.016468013977056842,0.007688702876191509
2026-07-31,7462.1298828125,7512.0400390625,7399.830078125,7489.72021484375,5391020000,0.006979208383378553,0.007859780274492268
2026-08-03,7504.77978515625,7610.0400390625,7504.77978515625,7600.5,5201470000,0.014682592263996739,0.00837863456736385
2026-08-04,7630.6201171875,7758.2099609375,7629.10009765625,7736.52001953125,5906940000,0.01773794201518698,0.009134598120044765
2026-08-05,7771.6201171875,7793.68017578125,7720.169921875,7723.5498046875,5615640000,-0.0016778990048803989,0.009109498540689204
2026-08-06,7713.7900390625,7742.85009765625,7698.14990234375,7709.9599609375,5330830000,-0.0017610831844068816,0.009004112726541011
2026-08-07,7735.18017578125,7763.080078125,7719.18994140625,7745.8798828125,1382787000,0.004648079548942957,0.009012810275005468
