Date,PEP,KO,Spread,Z_Score,Signal
2016-08-08,79.61746215820312,31.79154396057129,-13.051419035286358,,0
2016-08-09,79.72052764892578,31.813486099243164,-12.987374581455214,,0
2016-08-10,80.11809539794922,31.91595458984375,-12.77203276818652,,0
2016-08-11,79.8677749633789,32.0184211730957,-13.204575746557751,,0
2016-08-12,79.94876098632812,32.223331451416016,-13.487994107764365,,0
2016-08-15,80.04447174072266,32.37702178955078,-13.665600209302056,,0
2016-08-16,79.51435852050781,32.07696533203125,-13.662104820370075,,0
2016-08-17,79.86041259765625,32.24529266357422,-13.615397452866091,,0
2016-08-18,79.72052764892578,32.27456283569336,-13.807335325113343,,0
2016-08-19,79.63953399658203,32.14283752441406,-13.654073861862372,,0
2016-08-22,79.48492431640625,32.01109313964844,-13.574394506905122,,0
2016-08-23,79.42604064941406,32.091590881347656,-13.776432193453061,,0
2016-08-24,79.59537506103516,32.091590881347656,-13.607097781831968,,0
2016-08-25,79.42604064941406,31.959869384765625,-13.54218386176602,,0
2016-08-26,79.10945129394531,31.70370864868164,-13.403227033593978,,0
2016-08-29,79.50701141357422,31.864728927612305,-13.29201904847639,,0
2016-08-30,78.93275451660156,31.645183563232422,-13.475845099534808,,0
2016-08-31,79.14998626708984,31.784225463867188,-13.505879999543524,,0
2016-09-01,79.55036926269531,31.725675582885742,-13.00137419713532,,0
2016-09-02,79.98041534423828,31.952547073364258,-12.974787456178035,,0
2016-09-06,80.0174789428711,32.04768371582031,-13.106911122767016,,0
2016-09-07,79.49105072021484,31.937904357910156,-13.438112050627737,,0
2016-09-08,79.24639129638672,31.93058967590332,-13.669763331507426,,0
2016-09-09,77.14806365966797,30.93527603149414,-13.998064307748592,,0
2016-09-12,78.60870361328125,31.60857582092285,-13.734794232943898,,0
2016-09-13,77.54845428466797,31.195388793945312,-14.060247994730759,,0
2016-09-14,77.8895263671875,31.069961547851562,-13.49612102817214,,0
2016-09-15,78.2083511352539,31.254423141479492,-13.505335507221076,,0
2016-09-16,78.06005096435547,31.09208869934082,-13.364946487417456,,0
2016-09-19,78.34921264648438,31.062576293945312,-13.02330110363502,1.3426612260814788,0
2016-09-20,78.81633758544922,31.239660263061523,-12.871095334360575,1.7523415232006965,0
2016-09-21,79.4317398071289,31.37984848022461,-12.504998327431338,2.563070339677478,-1
2016-09-22,79.94335174560547,31.697126388549805,-12.557620949257142,2.2992107331801552,-1
2016-09-23,79.5874252319336,31.5347957611084,-12.62486505613461,1.9363477515812237,0
2016-09-26,79.35758209228516,31.025705337524414,-11.949361798294092,2.9188995463183995,-1
2016-09-27,79.69866180419922,31.424121856689453,-12.316810362725931,1.9318727055300873,0
2016-09-28,79.6170883178711,31.099475860595703,-11.82104617109593,2.4799216689432915,-1
2016-09-29,79.89885711669922,31.01093292236328,-11.381816091445671,2.700868917418721,-1
2016-09-30,80.647705078125,31.224912643432617,-11.01350125465028,2.7199616427518656,-1
2016-10-03,80.26216125488281,31.01093292236328,-11.018511953262077,2.3517669014867724,-1
2016-10-04,79.40950012207031,30.870756149291992,-11.621888223047137,1.5025599516468962,0
2016-10-05,78.601318359375,30.848615646362305,-12.390696185652331,0.5673326284579887,0
2016-10-06,78.89049530029297,30.774831771850586,-11.970304902669767,0.9906667979492919,0
2016-10-07,78.58647155761719,30.78958511352539,-12.300565408241567,0.5619172600794997,0
2016-10-10,78.75700378417969,30.78958511352539,-12.130033181679067,0.7124580708092177,0
2016-10-11,78.27507781982422,30.64938735961914,-12.362636971514917,0.405133080077123,0
2016-10-12,78.6532211303711,30.82648468017578,-12.299436574335289,0.43839495234933556,0
2016-10-13,78.5345687866211,30.811717987060547,-12.391828411512435,0.288748385829218,0
2016-10-14,79.20929718017578,30.745325088500977,-11.599029496994902,1.1679692072851187,0
2016-10-17,79.22413635253906,30.69367027282715,-11.492329430934134,1.2080073936267866,0
2016-10-18,79.29828643798828,30.966670989990234,-11.903673089514712,0.6840740842483545,0
2016-10-19,78.78668212890625,31.025705337524414,-12.520261761672998,-0.06765024829200512,0
2016-10-20,78.49752044677734,30.937149047851562,-12.651938419302951,-0.2736678323300177,0
2016-10-21,78.31214141845703,31.084735870361328,-13.099780051290793,-0.9104681643432546,0
2016-10-24,79.56520080566406,31.401992797851562,-12.410917912893964,-0.07669930237905155,0
2016-10-25,79.50587463378906,31.38723373413086,-12.44399714601144,-0.21879307756905186,0
2016-10-26,79.38725280761719,31.313440322875977,-12.431387670349551,-0.2702321544740708,0
2016-10-27,79.06102752685547,31.077342987060547,-12.337746729836766,-0.19564911423997391,0
2016-10-28,79.38725280761719,31.15849494934082,-12.155838908795417,0.058614728368708034,0
2016-10-31,79.48361206054688,31.283937454223633,-12.282561675535476,-0.24111913730637613,0
2016-11-01,79.12032318115234,31.077342987060547,-12.278451075539891,-0.2822867126119423,0
2016-11-02,79.12032318115234,31.025705337524414,-12.186620709426904,-0.11524718913115138,0
2016-11-03,79.06102752685547,31.01093292236328,-12.219645681289421,-0.21071817385846386,0
2016-11-04,78.45301818847656,30.76007652282715,-12.381541859636314,-0.5796516392755912,0
2016-11-07,79.30570220947266,31.328203201293945,-12.53919199115927,-0.8666274247560101,0
2016-11-08,80.61064910888672,31.63809585571289,-11.785346006807316,0.6951791117667918,0
2016-11-09,79.5207290649414,31.18801498413086,-12.07485992094007,0.10151750486168437,0
2016-11-10,76.5549087524414,30.20670509338379,-13.29555729800228,-2.2411795685848865,1
2016-11-11,76.51042175292969,30.273109436035156,-13.458135170199824,-2.397822022282682,1
2016-11-14,75.17579650878906,30.37640380859375,-14.976455066104762,-3.9404912313552796,1
2016-11-15,75.5168685913086,30.575611114501953,-14.989645425781276,-3.134027997233387,1
2016-11-16,75.41307067871094,30.442798614501953,-14.857254809099572,-2.5189166027235084,1
2016-11-17,75.34637451171875,30.339513778686523,-14.740273284096617,-2.114071405167081,1
2016-11-18,75.11649322509766,30.1845703125,-14.694609201117402,-1.8632091977755356,0
2016-11-21,75.82086944580078,30.51659393310547,-14.580690735797333,-1.6061731423287324,0
2016-11-22,76.2879867553711,30.523962020874023,-14.12667654388278,-1.1096876781036626,0
2016-11-23,75.27961730957031,30.339513778686523,-14.807030486245054,-1.5854072925327474,0
2016-11-25,75.75413513183594,30.64202308654785,-14.870483325755103,-1.5108301621526739,0
2016-11-28,76.21382904052734,30.804346084594727,-14.69945825604276,-1.2778415271294488,0
2016-11-29,76.02847290039062,30.618322372436523,-14.553997138875147,-1.0868001940987069,0
2016-11-30,74.76839447021484,30.023080825805664,-14.75552140084605,-1.1772080445683188,0
2016-12-01,73.96917724609375,29.889137268066406,-15.316538667065004,-1.5234809259070257,0
2016-12-02,75.141845703125,30.030515670776367,-14.395292003975811,-0.7160771258714422,0
2016-12-05,75.22401428222656,30.223966598510742,-14.657148950403155,-0.8783913527415904,0
2016-12-06,75.85142517089844,30.186767578125,-13.963584786131918,-0.27651622421655353,0
2016-12-07,76.79259490966797,30.722501754760742,-13.975143647940484,-0.24793025544980649,0
2016-12-08,76.29961395263672,30.491830825805664,-14.057908492351302,-0.2769713793357809,0
2016-12-09,77.3602523803711,31.250778198242188,-14.346952238329578,-0.47709710075769446,0
2016-12-12,78.21924591064453,31.176374435424805,-13.355641980995898,0.4387275858049268,0
2016-12-13,78.8989486694336,31.072206497192383,-12.490691055587149,1.2379094563339617,0
2016-12-14,78.03250122070312,30.662967681884766,-12.629364281924921,1.138232746375175,0
2016-12-15,78.65248107910156,30.91594696044922,-12.459272828174306,1.3205290259106304,0
2016-12-16,79.07823181152344,31.057331085205078,-12.284954065555993,1.4906953581470925,0
2016-12-19,78.73463439941406,31.0052490234375,-12.53593078630935,1.2680588985585128,0
2016-12-20,78.35371398925781,30.9977970123291,-12.903598832841197,0.9440000055101432,0
2016-12-21,78.20426940917969,30.930835723876953,-12.933962089714328,1.0102489185660977,0
2016-12-22,78.68981170654297,30.91594696044922,-12.4219422007329,1.5766134451607958,0
2016-12-23,78.49560546875,30.953153610229492,-12.68231528194056,1.2578183121481976,0
2016-12-27,78.52547454833984,30.960599899291992,-12.66568839011363,1.2190875091165982,0
2016-12-28,78.14456176757812,30.79690933227539,-12.755500300998236,1.0570341733096218,0
2016-12-29,78.42091369628906,30.953153610229492,-12.757007054401498,0.9885113903477899,0
2016-12-30,78.15200805664062,30.84898567199707,-12.840664527430249,0.8454974242731969,0
2017-01-03,78.16694641113281,31.101964950561523,-13.275614577585884,0.3621737759843469,0
2017-01-04,78.31633758544922,30.99036979675293,-12.927766968425217,0.6698560728734234,0
2017-01-05,78.2117691040039,31.06476593017578,-13.164638609115428,0.37915877673558346,0
2017-01-06,78.0997543334961,31.057331085205078,-13.263431543583337,0.24474984439283043,0
2017-01-09,77.27811431884766,30.74481773376465,-13.529310098603531,-0.08940467440304906,0
2017-01-10,76.1651611328125,30.53648567199707,-14.271773735306965,-0.9663185168294567,0
2017-01-11,76.04562377929688,30.543928146362305,-14.404546492677824,-1.1472635408077585,0
2017-01-12,76.06805419921875,30.46951675415039,-14.24978577788039,-0.9929268435445736,0
2017-01-13,75.85142517089844,30.417428970336914,-14.37378393898318,-1.1798446117623178,0
2017-01-17,76.32949829101562,30.670413970947266,-14.34560939937532,-1.278867781541583,0
2017-01-18,76.74030303955078,30.722501754760742,-14.027435518057672,-0.896969698291387,0
2017-01-19,76.45647430419922,30.610883712768555,-14.11276711511897,-1.0719413476607684,0
2017-01-20,77.11376953125,30.74481773376465,-13.693654886201188,-0.5122872444043018,0
2017-01-23,77.68891143798828,30.82666778564453,-13.264071894286047,0.05180616285110853,0
2017-01-24,78.2117691040039,31.176374435424805,-13.363118787636523,-0.12280639139179227,0
2017-01-25,78.13706970214844,31.340072631835938,-13.728932627184449,-0.70257114088491,0
2017-01-26,77.78602600097656,31.109418869018555,-13.669790743320377,-0.5953469078063055,0
2017-01-27,77.29304504394531,30.84154510498047,-13.686395528224153,-0.5712914173280216,0
2017-01-30,77.44989013671875,30.78944969177246,-13.436906000417878,-0.15751088027591223,0
2017-01-31,77.51710510253906,30.930835723876953,-13.621126396354953,-0.3927524968893101,0
2017-02-01,76.9419937133789,30.700166702270508,-13.786025064848502,-0.6037217911296476,0
2017-02-02,77.7038345336914,30.804349899291992,-13.209459546786363,0.40773747682565686,0
2017-02-03,78.51055145263672,30.90850257873535,-12.587963658830091,1.430989891612041,0
2017-02-06,78.10720825195312,30.923397064208984,-13.017794626993322,0.7122905586219138,0
2017-02-07,78.8840103149414,31.176374435424805,-12.690877576699023,1.313280183620048,0
2017-02-08,78.94376373291016,31.26566505432129,-12.789915085454822,1.156716187838411,0
2017-02-09,79.15290832519531,30.692726135253906,-11.561878441130688,2.8358296448685976,-1
2017-02-10,79.25000762939453,30.194202423095703,-10.578224163675713,3.3425105283349392,-1
2017-02-13,79.56371307373047,30.223966598510742,-10.317450158899248,2.9723572636817384,-1
2017-02-14,79.86249542236328,30.157007217407227,-9.899589879015267,2.8042573883904387,-1
2017-02-15,79.7205810546875,30.09004020690918,-9.922412747624549,2.39752682539231,-1
2017-02-16,80.75883483886719,30.65552520751953,-9.889795259905611,2.1443199157295267,-1
2017-02-17,80.7812271118164,30.677852630615234,-9.907109198522107,1.9173035638772014,0
2017-02-21,81.6850357055664,30.84898567199707,-9.307636878504468,2.0520477982197525,-1
2017-02-22,81.72238159179688,30.953153610229492,-9.455539158893686,1.7792779611509044,0
2017-02-23,81.81948852539062,30.9977970123291,-9.437824296708385,1.6415548037051277,0
2017-02-24,82.03609466552734,31.087093353271484,-9.380019259157706,1.5458739847965877,0
2017-02-27,81.6177978515625,31.0052490234375,-9.652767334160913,1.3029967953873036,0
2017-02-28,82.44691467285156,31.221027374267578,-9.207382249966486,1.433490647817674,0
2017-03-01,82.52436065673828,31.369842529296875,-9.394583288015554,1.2492823377248983,0
2017-03-02,82.81016540527344,31.600496292114258,-9.518964124516344,1.1084119850891603,0
2017-03-03,83.14857482910156,31.60794448852539,-9.193800280404957,1.2017980075356067,0
2017-03-06,82.44915008544922,31.384723663330078,-9.496257883107432,0.9741800023781704,0
2017-03-07,82.21600341796875,31.243349075317383,-9.477989540553523,0.9206076672503976,0
2017-03-08,82.20098114013672,31.243349075317383,-9.493011818385554,0.8531849647148554,0
2017-03-09,81.99038696289062,31.27310562133789,-9.756523867375762,0.6565400410795844,0
2017-03-10,82.4190673828125,31.466567993164062,-9.671889324705802,0.6533975954798228,0
2017-03-13,82.2837142944336,31.54912757873535,-9.954063134733616,0.4354187480334737,0
2017-03-14,82.23106384277344,31.504098892211914,-9.92663634031112,0.40062354810707146,0
2017-03-15,83.56222534179688,31.61669158935547,-8.795705267986463,1.098492079283567,0
2017-03-16,83.58477783203125,31.714275360107422,-8.946691919741255,0.9690595892730418,0
2017-03-17,83.77281188964844,31.54912757873535,-8.464965539518772,1.3071521254145866,0
2017-03-20,83.59230041503906,31.661727905273438,-8.845721008642258,0.9540143682051065,0
2017-03-21,84.0585708618164,31.90192985534668,-8.806616267787405,0.9893313766867076,0
2017-03-22,84.24661254882812,31.811859130859375,-8.458396344933561,1.3840767003087822,0
2017-03-23,84.06607818603516,31.654218673706055,-8.358589115406772,1.7312330230452186,0
2017-03-24,84.32180786132812,31.61669158935547,-8.036122748455213,2.2791473389045325,-1
2017-03-27,84.10370635986328,31.766820907592773,-8.521208328046598,1.4013432262676317,0
2017-03-28,84.56999206542969,31.849382400512695,-8.201746736082924,1.8310230584574299,0
2017-03-29,84.55496215820312,31.84187889099121,-8.2034326969316,1.6794615359138538,0
2017-03-30,84.36689758300781,31.97699737548828,-8.631786673590028,0.8891990070359317,0
2017-03-31,84.12626647949219,31.85689926147461,-8.658840012075146,0.7864931406755484,0
2017-04-03,84.12626647949219,31.834373474121094,-8.618781037310825,0.8014333577605717,0
2017-04-04,84.2917251586914,32.037052154541016,-8.813758156283171,0.419644394662253,0
2017-04-05,84.18645477294922,31.95447540283203,-8.772177292791952,0.4564124668650408,0
2017-04-06,83.91567993164062,32.02953338623047,-9.176432301325406,-0.2969878780361186,0
2017-04-07,83.93824005126953,31.984500885009766,-9.073788151706196,-0.1284582740230534,0
2017-04-10,84.24661254882812,32.04454040527344,-8.87218757689368,0.20115006682899533,0
2017-04-11,84.02850341796875,32.02203369140625,-9.050271652527059,-0.14690202670177913,0
2017-04-12,85.44237518310547,32.232215881347656,-8.010179631939792,1.6733926820422989,0
2017-04-13,84.74297332763672,32.1196174621582,-8.509340884848271,0.7093875118340712,0
2017-04-17,85.22428894042969,32.32978820800781,-8.40178466488176,0.8528388622435851,0
2017-04-18,85.94628143310547,32.637542724609375,-8.227090707021603,1.0982126328111266,0
2017-04-19,85.44989013671875,32.44989776611328,-8.389781585346185,0.7446092253907879,0
2017-04-20,85.4273452758789,32.34480667114258,-8.22543657391131,0.9867300664592838,0
2017-04-21,85.30701446533203,32.32978820800781,-8.319059139979416,0.7626060641833011,0
2017-04-24,85.97637176513672,32.48741912841797,-7.9300264727253165,1.4766755985886448,0
2017-04-25,85.85604095458984,32.35981369018555,-7.823428787956146,1.7131252863474389,0
2017-04-26,85.23180389404297,32.45740509033203,-8.621218558307532,-0.2718790216296918,0
2017-04-27,84.71287536621094,32.28475570678711,-8.833114209110192,-0.8675169237361542,0
2017-04-28,85.19419860839844,32.389835357666016,-8.53866048747443,-0.07417297243159891,0
2017-05-01,84.44215393066406,32.442378997802734,-9.384146709392326,-2.217887746807733,1
2017-05-02,84.44967651367188,32.56998825073242,-9.603559405608223,-2.4486505298742864,1
2017-05-03,84.07359313964844,32.5174446105957,-9.88620123544814,-2.6426763018686876,1
2017-05-04,84.95354461669922,32.77267074584961,-9.460133884660124,-1.616653802120257,0
2017-05-05,85.14907836914062,32.795188903808594,-9.304645539167694,-1.2216339265985705,0
2017-05-08,85.14907836914062,32.94530487060547,-9.571605873617415,-1.6032373113545342,0
2017-05-09,84.7730484008789,32.660072326660156,-9.440389497920165,-1.2638057882847196,0
2017-05-10,84.86329650878906,32.705101013183594,-9.430218636092647,-1.162752840316852,0
2017-05-11,85.01373291015625,32.780174255371094,-9.41328953758098,-1.0589839385679924,0
2017-05-12,84.91593933105469,32.72012710571289,-9.40429762612112,-0.980712159958539,0
2017-05-15,85.6905517578125,32.8252067565918,-8.816554719915047,0.08557759627167248,0
2017-05-16,85.57774353027344,32.915283203125,-9.089551359157724,-0.3783705694556696,0
2017-05-17,85.54014587402344,32.975337982177734,-9.233948073784475,-0.6095935439002744,0
2017-05-18,85.75824737548828,32.87774658203125,-8.84229386251512,0.09645826725980054,0
2017-05-19,85.50257873535156,32.952816009521484,-9.231463021599694,-0.59695601117779,0
2017-05-22,86.26213836669922,33.162994384765625,-8.845676350893825,0.08003097061155538,0
2017-05-23,86.52537536621094,33.32064437866211,-8.862797903471034,0.04877456013092116,0
2017-05-24,87.28495788574219,33.80104446411133,-8.9575400118771,-0.12675928792579522,0
2017-05-25,88.39048767089844,34.086273193359375,-8.359249786772168,0.9956611310786317,0
2017-05-26,88.67630004882812,34.07126235961914,-8.046742732179041,1.4951337465832055,0
2017-05-30,88.75148010253906,34.101287841796875,-8.024958815702647,1.4716220465283292,0
2017-05-31,88.49781036376953,34.131309509277344,-8.332017907799042,0.949519706477588,0
2017-06-01,88.77042388916016,34.371524810791016,-8.486593832007742,0.6874864426865015,0
2017-06-02,89.10358428955078,34.44656753540039,-8.286886463211317,1.04678277173824,0
2017-06-05,89.26263427734375,34.521636962890625,-8.261336994366204,1.084568779514137,0
2017-06-06,89.12630462646484,34.51412582397461,-8.384309131051893,0.9281380928784428,0
2017-06-07,88.63411712646484,34.16133499145508,-8.249107282338286,1.2551644646166868,0
2017-06-08,87.7557144165039,33.876094818115234,-8.620250080524912,0.5467280367873031,0
2017-06-09,87.79358673095703,34.018714904785156,-8.836007721958936,0.13513922586268423,0
2017-06-12,88.01319885253906,34.0262336730957,-8.629766682385451,0.5365533230793272,0
2017-06-13,88.08132934570312,34.07920455932617,-8.65583753106344,0.44514822024206724,0
2017-06-14,88.87643432617188,34.28354263305664,-8.224119348600723,1.203637462982215,0
2017-06-15,88.7552719116211,34.245697021484375,-8.27797861520284,1.0555915770297015,0
2017-06-16,88.490234375,34.29111099243164,-8.62377857258079,0.28900459111113475,0
2017-06-19,88.81584930419922,34.344093322753906,-8.392385336946631,0.7327748512415261,0
2017-06-20,89.31563568115234,34.518157958984375,-8.202148666766732,1.0946422856090832,0
2017-06-21,88.91425323486328,34.22298812866211,-8.0786126896284,1.3052214068020702,0
2017-06-22,87.95259857177734,34.10947799682617,-8.838405396222015,-0.5501186973703682,0
2017-06-23,88.56596374511719,34.245697021484375,-8.467286781706747,0.31570966826540114,0
2017-06-26,88.6871109008789,34.38193130493164,-8.588413320400264,-0.08868112256315704,0
2017-06-27,87.79358673095703,34.09434127807617,-8.970498691425945,-1.1773433156059578,0
2017-06-28,88.12676239013672,34.298667907714844,-9.000689478529281,-1.2892694875292536,0
2017-06-29,87.21807098388672,33.927852630615234,-9.24993757234654,-2.0110490282060467,1
2017-06-30,87.45283508300781,33.94297409057617,-9.042064883211197,-1.3551770893593766,0
2017-07-03,87.41494750976562,33.87487030029297,-8.958839352902586,-1.1931606464691664,0
2017-07-05,87.3089599609375,33.920265197753906,-9.145555402949242,-1.6553745018719401,0
2017-07-06,87.18022155761719,33.6024169921875,-8.709045051771213,-0.42201107954172695,0
2017-07-07,87.46797180175781,33.594844818115234,-8.407828750914717,0.4057502329800939,0
2017-07-10,86.52901458740234,33.58728790283203,-9.33334704418499,-2.0688946516523385,1
2017-07-11,86.1276626586914,33.5494499206543,-9.667409392762607,-2.576046678855051,1
2017-07-12,86.9076156616211,33.68566131591797,-9.129689380842166,-1.1674204654222415,0
2017-07-13,86.3396987915039,33.62511444091797,-9.589932068493766,-2.0748728741939564,1
2017-07-14,87.02880096435547,33.814308166503906,-9.237284580216496,-1.1610171392085515,0
2017-07-17,87.02880096435547,33.85216522216797,-9.30460807988814,-1.228276080055857,0
2017-07-18,87.08935546875,33.80675506591797,-9.163297938644433,-0.845123533646629,0
2017-07-19,87.3392333984375,33.927852630615234,-9.128775157795758,-0.7128203197895143,0
2017-07-20,87.46797180175781,33.920265197753906,-8.98654356212893,-0.33283210601204477,0
2017-07-21,88.31607055664062,34.07920455932617,-8.42109632012594,1.0032768228677988,0
2017-07-24,87.93743133544922,33.9354133605957,-8.544022925776915,0.6813849697986725,0
2017-07-25,88.17977905273438,34.23812484741211,-8.840005417373703,-0.0016395800388255054,0
2017-07-26,88.74011993408203,34.616539001464844,-8.9526213925283,-0.2460021175241467,0
2017-07-27,88.85372161865234,34.90411376953125,-9.350431371223536,-1.1231065310542936,0
2017-07-28,88.30093383789062,34.82088851928711,-9.755214638448734,-1.924683242609516,0
2017-07-31,88.30093383789062,34.692222595214844,-9.52640021680169,-1.2892288230203557,0
2017-08-01,87.7784423828125,34.58626937866211,-9.860468636472703,-1.878092523042559,0
2017-08-02,87.543701171875,34.503021240234375,-9.947164630427693,-1.9240869616891505,0
2017-08-03,88.06616973876953,34.563560485839844,-9.532356678183419,-0.9760740609233168,0
2017-08-04,88.11920166015625,34.43490982055664,-9.250537470780316,-0.27554173150260064,0
2017-08-07,88.56596374511719,34.540863037109375,-8.99219842122649,0.4021101696803461,0
2017-08-08,88.37665557861328,34.510581970214844,-9.127655928682273,0.11213945168544528,0
2017-08-09,88.31607055664062,34.503021240234375,-9.174795245662068,0.0074749120499335315,0
2017-08-10,88.12676239013672,34.616539001464844,-9.565978936473613,-0.951793163394159,0
2017-08-11,88.22522735595703,34.503021240234375,-9.265638446345662,-0.17670913851620715,0
2017-08-14,89.23231506347656,34.661949157714844,-8.54118189998296,1.5759979323080107,0
2017-08-15,90.08800506591797,34.95710372924805,-8.210383185338287,2.142320438904172,-1
2017-08-16,90.18643188476562,34.96466827392578,-8.125408855391171,2.0769211978361755,-1
2017-08-17,89.64879608154297,34.707366943359375,-8.205470086581073,1.788495878993854,0
2017-08-18,89.05059814453125,34.563560485839844,-8.5479282724217,1.1302546016981512,0
2017-08-21,89.55036163330078,34.571128845214844,-8.06162405646036,1.8966569513827052,0
2017-08-22,89.29290008544922,34.510581970214844,-8.211411421846336,1.4951476247254316,0
2017-08-23,88.81584930419922,34.46517562866211,-8.60771335015481,0.7223399112373237,0
2017-08-24,88.00560760498047,34.36678695678711,-9.242984502866989,-0.4740061656768296,0
2017-08-25,87.72542572021484,34.48788070678711,-9.738514752563788,-1.330139076588403,0
2017-08-28,87.4906997680664,34.374351501464844,-9.771344828681578,-1.3251397396692763,0
2017-08-29,87.71785736083984,34.39706802368164,-9.584585406055737,-0.9553565078517987,0
2017-08-30,87.80553436279297,34.35166549682617,-9.416166335068752,-0.6411032819240097,0
2017-08-31,88.24781799316406,34.47273254394531,-9.189183582275177,-0.23689776941811658,0
2017-09-01,88.33170318603516,34.64680480957031,-9.414861663992639,-0.5784232122309276,0
2017-09-05,88.35456848144531,34.752769470214844,-9.58043975571259,-0.8118851351422917,0
2017-09-06,88.72058868408203,34.78303146362305,-9.26823629258567,-0.23739393749111545,0
2017-09-07,89.2085952758789,35.02521514892578,-9.210919646743477,-0.12102656397066536,0
2017-09-08,87.72167205810547,35.04035568237305,-10.72476819404099,-2.4244759769096356,1
2017-09-11,88.21732330322266,35.20685577392578,-10.525214166796502,-1.9514550361614065,0
2017-09-12,87.69117736816406,35.358211517333984,-11.320525206296054,-2.648027193776842,1
2017-09-13,87.27176666259766,35.471736907958984,-11.941825003985443,-2.8592481821574065,1
2017-09-14,87.07352447509766,35.17422866821289,-11.610990232659134,-2.2261843027006853,1
2017-09-15,87.57678985595703,35.227622985839844,-11.202679207392677,-1.6700167523416236,0
2017-09-18,87.68354034423828,35.17422866821289,-11.000974363518509,-1.3738469938172184,0
2017-09-19,87.30227661132812,35.07506561279297,-11.205890416665994,-1.4441694562059364,0
2017-09-20,86.60838317871094,34.922489166259766,-11.628447894389282,-1.6632241081716648,0
2017-09-21,86.01359558105469,34.63261795043945,-11.707739916365398,-1.5875474612728204,0
2017-09-22,85.2891845703125,34.701271057128906,-12.554240913362207,-2.0280226467313085,1
2017-09-25,85.35783386230469,34.85383224487305,-12.75690044063326,-1.9521829339706094,0
2017-09-26,85.25870513916016,34.76229476928711,-12.6932425154383,-1.7413186204445301,0
2017-09-27,84.71730041503906,34.0528564453125,-11.973010011482444,-1.1771063547176033,0
2017-09-28,85.12905883789062,34.25883102416992,-11.927548683025378,-1.0782402907696769,0
2017-09-29,84.96893310546875,34.33511734008789,-12.22333900094037,-1.2066553558064115,0
2017-10-02,83.20748901367188,34.17491912841797,-13.699892890327817,-2.02443756586742,1
2017-10-03,83.21512603759766,34.4724235534668,-14.22132604132068,-2.160598750826158,1
2017-10-04,83.375244140625,34.708885192871094,-14.481722022749892,-2.124134338954197,1
2017-10-05,84.22164154052734,34.724151611328125,-13.662473821324568,-1.5102913427117342,0
2017-10-06,84.18353271484375,34.701271057128906,-13.659892768830957,-1.40579492844718,0
2017-10-09,83.88613891601562,34.64024353027344,-13.848757612827654,-1.412845329317695,0
2017-10-10,84.4732894897461,34.991146087646484,-13.885638353516413,-1.3357799699282515,0
2017-10-11,85.02991485595703,35.166595458984375,-13.64102525256125,-1.1138482315694678,0
2017-10-12,85.7467041015625,35.17422866821289,-12.93781060619429,-0.635631844506779,0
2017-10-13,85.87635803222656,35.227622985839844,-12.903111031123146,-0.5635928488981562,0
2017-10-16,86.60075378417969,35.56325912475586,-12.775597395112229,-0.42813618538566844,0
2017-10-17,85.5484619140625,35.48698043823242,-13.692238247551614,-1.0113238468022512,0
2017-10-18,85.3654556274414,35.395450592041016,-13.712471453648561,-0.9915048752601706,0
2017-10-19,85.91447448730469,35.540382385253906,-13.42119359771769,-0.7371229725325085,0
2017-10-20,85.10619354248047,35.38018798828125,-13.944591124040159,-1.1338418201237044,0
2017-10-23,85.16719818115234,35.33441925048828,-13.802193161198545,-0.9593207663692205,0
2017-10-24,84.45039367675781,35.227622985839844,-14.329075386591896,-1.3716551954190468,0
2017-10-25,83.931884765625,35.128456115722656,-14.671229834054373,-1.5648524065652352,0
2017-10-26,84.4351577758789,35.2657585144043,-14.41213001240203,-1.239167105320315,0
2017-10-27,84.33602142333984,35.14372253417969,-14.294242374816562,-1.0722772656866086,0
2017-10-30,83.61163330078125,34.983524322509766,-14.733740294965742,-1.4468390766635748,0
2017-10-31,84.05389404296875,35.07506561279297,-14.45427298502537,-1.1244463651693961,0
2017-11-01,83.97763061523438,34.93775177001953,-14.286342872435199,-0.8960838179011693,0
2017-11-02,83.91663360595703,34.998775482177734,-14.45586205263632,-1.0510153345782773,0
2017-11-03,84.0462646484375,35.06742858886719,-14.448320996410445,-0.9768878154532936,0
2017-11-06,83.31424713134766,34.686012268066406,-14.502042721665362,-0.9772637777915258,0
2017-11-07,84.23690795898438,35.04453659057617,-14.216967455963385,-0.5698641880066592,0
2017-11-08,85.403564453125,35.227622985839844,-13.375904610224708,0.6317136894025785,0
2017-11-09,85.0070571899414,35.2657585144043,-13.84023059833953,0.0729022464303995,0
2017-11-10,85.97550201416016,35.50225067138672,-13.292354129838657,1.1787220306154091,0
2017-11-13,86.9591293334961,35.63956069946289,-12.552913566919614,2.2629194428675885,-1
2017-11-14,88.27069091796875,36.18117141723633,-12.204531192783648,2.446149449170907,-1
2017-11-15,87.7674331665039,35.70820236206055,-11.866679368443414,2.5301198821002475,-1
2017-11-16,87.86656951904297,35.509864807128906,-11.41482730465603,2.638341112233655,-1
2017-11-17,87.44718170166016,34.86909484863281,-10.694695015847145,2.843497616088546,-1
2017-11-20,87.62254333496094,34.67839431762695,-10.180199054444216,2.7627211572424613,-1
2017-11-21,88.4918441772461,34.922489166259766,-9.744986895854126,2.625434425668929,-1
2017-11-22,87.75218200683594,34.968265533447266,-10.566055958249365,1.8252054010216434,0
2017-11-24,88.37745666503906,34.998775482177734,-9.995038993554289,1.996200593077394,0
2017-11-27,88.33934020996094,35.014034271240234,-10.060291079294103,1.7829934378763552,0
2017-11-28,89.04086303710938,34.96064758300781,-9.263827464368063,2.0284920479005537,-1
2017-11-29,89.09422302246094,34.708885192871094,-8.762743140913955,2.0516937796829735,-1
2017-11-30,89.46660614013672,35.20111083984375,-9.26571476493831,1.6375744284233995,0
2017-12-01,89.66627502441406,35.35493469238281,-9.339600173361461,1.4772991063454766,0
2017-12-04,90.18839263916016,35.55488967895508,-9.173074646713815,1.438608428415369,0
2017-12-05,90.28819274902344,35.577972412109375,-9.114323962134009,1.358938312339158,0
2017-12-06,91.29403686523438,35.72408676147461,-8.368323861231758,1.5632062474405575,0
2017-12-07,89.62788391113281,35.208805084228516,-9.118120135703364,1.1544941072074744,0
2017-12-08,89.5050048828125,34.847347259521484,-8.59819677709423,1.2918600570857275,0
2017-12-11,90.1346206665039,34.86271286010742,-7.995906573479147,1.44674587381579,0
2017-12-12,90.1423110961914,34.831947326660156,-7.933503928470003,1.382643329668621,0
2017-12-13,90.44941711425781,35.30109786987305,-8.460716794635601,1.0850634201797789,0
2017-12-14,90.61835479736328,35.40107727050781,-8.469578547533189,1.0183058660507933,0
2017-12-15,91.53974914550781,35.524139404296875,-7.767033060675203,1.267811278542039,0
2017-12-18,90.64139556884766,35.32416915893555,-8.309767413606238,0.964590885046138,0
2017-12-19,91.07137298583984,35.47798538208008,-8.153330721499216,0.9998713678503173,0
2017-12-20,91.38616180419922,35.43953323364258,-7.770160113872379,1.1625905552143012,0
2017-12-21,90.80264282226562,35.07036590576172,-7.697166431484703,1.1536063920444914,0
2017-12-22,91.0636978149414,35.06268310546875,-7.422448648770768,1.299884360404238,0
2017-12-26,91.28636169433594,35.231876373291016,-7.50067142606072,1.2365427259745567,0
2017-12-27,91.60118865966797,35.32416915893555,-7.3499743227859256,1.3148814019171446,0
2017-12-28,91.63955688476562,35.162662506103516,-7.024389014949605,1.5305891771197313,0
2017-12-29,92.07722473144531,35.28571701049805,-6.805556461741119,1.6715492765449171,0
2018-01-02,90.6490707397461,35.02423095703125,-7.768693934698604,0.8080464773658881,0
2018-01-03,90.41105651855469,34.94731140136719,-7.869917441724439,0.6655285950712152,0
2018-01-04,90.85639190673828,35.43953323364258,-8.299930011333316,0.1764102741318202,0
2018-01-05,91.11743927001953,35.431846618652344,-8.025213074106233,0.42071489880221835,0
2018-01-08,90.59532928466797,35.377994537353516,-8.45155463494504,-0.1396168993514716,0
2018-01-09,90.66443634033203,35.55488967895508,-8.69703094554194,-0.5324572544207268,0
2018-01-10,90.20372009277344,35.431846618652344,-8.938932251352327,-0.987412169520984,0
2018-01-11,89.7430191040039,35.40876770019531,-9.358590598746062,-1.5792945865262926,0
2018-01-12,90.12694549560547,35.493370056152344,-9.125117711348238,-1.2052691230191415,0
2018-01-16,90.4955062866211,35.785621643066406,-9.276285654395963,-1.4174128230995902,0
2018-01-17,91.50901794433594,36.00864791870117,-8.659395158340061,-0.5991762688036318,0
2018-01-18,91.40921783447266,36.0548095703125,-8.841287334862614,-0.8986026073994886,0
2018-01-19,92.2691650390625,36.2701530456543,-8.364298501893543,-0.23113031048356178,0
2018-01-22,93.29805755615234,36.43935012817383,-7.636299425395848,0.8411665468336805,0
2018-01-23,93.13681030273438,36.49318313598633,-7.893281183788261,0.40186641024668157,0
2018-01-24,93.01396179199219,36.785430908203125,-8.535851644686147,-0.6133413901014617,0
2018-01-25,92.8296890258789,36.79313278198242,-8.733821120375907,-0.875297276698741,0
2018-01-26,93.49002075195312,37.32379913330078,-9.017205573546292,-1.22866772954231,0
2018-01-29,91.88523864746094,36.685455322265625,-9.486782137121992,-1.7835595191064755,0
2018-01-30,92.0541763305664,36.46242141723633,-8.921209724542265,-0.938564727704943,0
2018-01-31,92.36901092529297,36.600860595703125,-8.852569922901552,-0.7884493678659081,0
2018-02-01,92.36901092529297,36.49318313598633,-8.661080561229667,-0.4999521918420588,0
2018-02-02,91.11743927001953,35.93943786621094,-8.927893395882705,-0.8282880698764962,0
2018-02-05,87.88490295410156,34.52430725097656,-9.643817052974185,-1.664304141168487,0
2018-02-06,87.19388580322266,34.35511779785156,-10.033954331076274,-1.961894113736582,0
2018-02-07,87.14777374267578,34.2705192565918,-9.92961967132706,-1.688869815029119,0
2018-02-08,84.57560729980469,33.14765167236328,-10.504922541158024,-2.142917762487617,1
2018-02-09,85.36647033691406,33.17072677612305,-9.755095361516794,-1.2008544763548539,0
2018-02-12,85.94231414794922,33.81676483154297,-10.328140233159274,-1.7777267102141,0
2018-02-13,86.10356140136719,33.985958099365234,-10.467779636425803,-1.8935911630718103,0
2018-02-14,83.7770767211914,33.91674041748047,-12.671170312012492,-3.498625195590115,1
2018-02-15,85.2052230834961,34.43971252441406,-12.173056987191245,-2.575278216818572,1
2018-02-16,85.27430725097656,34.59354782104492,-12.377547464134267,-2.3855024120383512,1
2018-02-20,84.0611572265625,33.8321418762207,-12.23664308634531,-2.038480570901069,1
2018-02-21,82.92477416992188,33.33222579956055,-12.483995043432316,-1.9928141148948417,0
2018-02-22,83.89225769042969,33.470664978027344,-11.762706316010352,-1.3708090529903458,0
2018-02-23,84.21470642089844,33.87059020996094,-12.15146889736917,-1.510466686399335,0
2018-02-26,85.18215942382812,33.86289978027344,-11.170339536585999,-0.8060417074424462,0
2018-02-27,85.1437759399414,33.547576904296875,-10.647965212848874,-0.42712601005704137,0
2018-02-28,84.25311279296875,33.239952087402344,-10.991560477866528,-0.6157396361163295,0
2018-03-01,83.63045501708984,33.401451110839844,-11.901421768668769,-1.1377253854983682,0
2018-03-02,84.34207916259766,33.624488830566406,-11.586439136542879,-0.8706766405766845,0
2018-03-05,84.64373016357422,33.7552375793457,-11.51730657079868,-0.7697881275929138,0
2018-03-06,84.75975799560547,33.78599166870117,-11.455970602366065,-0.6799932964362813,0
2018-03-07,84.96084594726562,33.70140075683594,-11.104449498225165,-0.37847964165928066,0
2018-03-08,86.69349670410156,34.185916900634766,-10.23344320569754,0.33295013831965053,0
2018-03-09,87.0492935180664,34.47047805786133,-10.383698767942562,0.26902097957016163,0
2018-03-12,87.21173858642578,34.24745178222656,-9.82463253792426,0.7671340420308609,0
2018-03-13,87.86920166015625,34.27821350097656,-9.221874895607755,1.2540516710796836,0
2018-03-14,87.10343933105469,33.967857360839844,-9.435712064865868,1.1120587756369154,0
2018-03-15,86.62388610839844,33.882511138916016,-9.763488921323614,0.8897035452775617,0
2018-03-16,86.35315704345703,33.719573974609375,-9.744456938151828,0.9841716813924509,0
2018-03-19,85.36309814453125,33.56439971923828,-10.45856004106355,0.39499367434492966,0
2018-03-20,85.00727844238281,33.486812591552734,-10.676401845204964,0.22236068068347276,0
2018-03-21,84.11001586914062,33.3626708984375,-11.352895711291296,-0.41150404881198566,0
2018-03-22,83.49122619628906,33.176456451416016,-11.640528931455265,-0.6507526580194747,0
2018-03-23,82.10665130615234,32.84284973144531,-12.431830744527772,-1.3504946667013384,0
2018-03-26,82.61717987060547,33.12214660644531,-12.417992763706224,-1.2516856130931397,0
2018-03-27,83.25917053222656,33.27732849121094,-12.051971465914534,-0.8320331055469288,0
2018-03-28,84.45034790039062,33.6109504699707,-11.454094310445328,-0.20967340188274586,0
2018-03-29,84.42715454101562,33.6963005065918,-11.629070819926483,-0.4336811484419913,0
2018-04-02,82.80281066894531,33.10663604736328,-12.204778596798775,-1.0263203767192806,0
2018-04-03,83.68460083007812,33.65751266479492,-12.302645757721976,-1.1334451227607096,0
2018-04-04,85.2238540649414,34.32475662231445,-11.949992948248422,-0.7856501807069453,0
2018-04-05,85.52552795410156,34.44889450073242,-11.869080982336442,-0.7396344842591104,0
2018-04-06,84.54318237304688,34.07649230957031,-12.189161145369582,-1.0530055885664433,0
2018-04-09,84.60506439208984,34.006649017333984,-12.003072560880383,-0.8660973029671204,0
2018-04-10,84.6205062866211,34.13078689575195,-12.208392589597324,-1.0274148601473234,0
2018-04-11,84.06359100341797,34.13078689575195,-12.765307872800449,-1.4820110819306713,0
2018-04-12,83.77740478515625,34.16183090209961,-13.106701531643381,-1.6679530898895787,0
2018-04-13,84.51223754882812,34.53425598144531,-13.034174889439043,-1.5051452186034902,0
2018-04-16,85.02271270751953,34.6661491394043,-12.758253338279616,-1.1847398321944853,0
2018-04-17,84.21057891845703,34.82132339477539,-13.84634292335619,-1.946281315567195,0
2018-04-18,82.74866485595703,34.53425598144531,-14.797747582310137,-2.3685852860535643,1
2018-04-19,81.65802764892578,34.37907791137695,-15.612422209419663,-2.5252272574958705,1
2018-04-20,79.26791381835938,33.93681335449219,-17.21603013697998,-2.915921167571409,1
2018-04-23,79.34525299072266,34.1230354309082,-17.469860985119624,-2.5904372879987556,1
2018-04-24,78.4635009765625,33.4169921875,-17.096013449025037,-2.1448902984305236,1
2018-04-25,78.23918151855469,32.92042541503906,-16.437258078409457,-1.7060549898053086,0
2018-04-26,79.87124633789062,33.16870880126953,-15.24673067338523,-1.0916864135299,0
2018-04-27,78.6723403930664,33.60319900512695,-17.21831691739341,-1.8556784503067898,0
2018-04-30,78.07673645019531,33.52561569213867,-17.675949746165145,-1.9005317644461592,0
2018-05-01,76.67672729492188,33.04456329345703,-18.22047422529046,-1.9492396495526585,0
2018-05-02,75.20706176757812,32.633358001708984,-18.95886842583998,-2.044469507155361,1
2018-05-03,75.49327087402344,32.501461029052734,-18.438098927955025,-1.6794850723062673,0
2018-05-04,76.56842041015625,32.866119384765625,-18.01144347728294,-1.401147518917706,0
2018-05-07,75.98057556152344,32.69541549682617,-18.29571524179576,-1.399832087463079,0
2018-05-08,74.86673736572266,32.439395904541016,-18.95425825853937,-1.5205369046023123,0
2018-05-09,74.37944030761719,32.416114807128906,-19.40015312816277,-1.5539655503769108,0
2018-05-10,75.2380142211914,32.72645950317383,-19.093484022709006,-1.3490092106309242,0
2018-05-11,75.36178588867188,32.69541549682617,-18.914504914647324,-1.2048229088552844,0
2018-05-14,75.14519500732422,32.617828369140625,-18.993117897987958,-1.154722737119653,0
2018-05-15,74.87446594238281,32.36955642700195,-18.822329900340662,-1.0248356445225844,0
2018-05-16,75.1761245727539,32.23765563964844,-18.28610409462226,-0.7746408752529198,0
2018-05-17,75.74076843261719,32.819557189941406,-18.756291077857867,-0.897211284652077,0
2018-05-18,75.42364501953125,32.72645950317383,-18.907853224369163,-0.9022438893056891,0
2018-05-21,76.97062683105469,32.904911041259766,-17.6782226134342,-0.34893658645171804,0
2018-05-22,77.2955093383789,32.78076934814453,-17.132571398954127,-0.04433384390851804,0
2018-05-23,77.69772338867188,32.89714431762695,-16.937314019810202,0.1216931326730529,0
2018-05-24,77.4888687133789,32.835079193115234,-17.035794517386748,0.14999364243739566,0
2018-05-25,77.5894546508789,32.89714431762695,-17.04558275760317,0.24336591525000845,0
2018-05-29,78.20049285888672,33.114402770996094,-16.82090844286418,0.5502273305662878,0
2018-05-30,78.76516723632812,33.46354675292969,-16.87713799840823,0.6732565061182112,0
2018-05-31,78.2562026977539,33.3626708984375,-17.206708882678015,0.5189698400921798,0
2018-06-01,78.2562026977539,33.455780029296875,-17.37229050097565,0.45095706875667324,0
2018-06-04,78.15471649169922,33.742862701416016,-17.98431324620705,-0.14418116013130514,0
2018-06-05,78.22496032714844,33.44802474975586,-17.389741187297318,0.4588586203473384,0
2018-06-06,78.7089614868164,33.719573974609375,-17.388652494792453,0.4728964897296228,0
2018-06-07,78.96656036376953,33.70405960083008,-17.103463465364058,0.8095851483871229,0
2018-06-08,80.00475311279297,34.099754333496094,-16.768958674567244,1.3760709821927049,0
2018-06-11,80.56680297851562,34.239418029785156,-16.45528123629103,1.6546168634684058,0
2018-06-12,81.55818176269531,34.456661224365234,-15.850239209749503,2.0953060847258884,-1
2018-06-13,82.17485809326172,34.27821350097656,-14.916218462502286,2.592322141286265,-1
2018-06-14,82.06558990478516,34.11383056640625,-14.733154501860469,2.4011182030982385,-1
2018-06-15,84.00153350830078,34.53653335571289,-13.548928922842649,2.7951401216594256,-1
2018-06-18,82.2607421875,34.09033203125,-14.496213347926613,1.8984119401926531,0
2018-06-19,82.71348571777344,34.12948226928711,-14.11309306202341,1.9357826211296683,0
2018-06-20,82.59639739990234,33.86332702636719,-13.756861358170312,1.952490924314953,0
2018-06-21,83.71266174316406,33.73027038574219,-12.403974315538647,2.428491142711797,-1
2018-06-22,84.59476470947266,33.85551452636719,-11.744600605701208,2.4360424273850056,-1
2018-06-25,85.0787353515625,34.11383056640625,-11.720009055083125,2.1791584826544144,-1
2018-06-26,84.34497833251953,33.91813278198242,-12.105744826982232,1.825163558305575,0
2018-06-27,84.51668548583984,33.714603424072266,-11.57208906408097,1.8881361105781191,0
2018-06-28,84.83673858642578,34.02771759033203,-11.808865888580584,1.6395485006702544,0
2018-06-29,84.98506927490234,34.33300018310547,-12.203437762752458,1.3736624656806464,0
2018-07-02,85.50025939941406,34.24689865112305,-11.535128058324489,1.5551559466005334,0
2018-07-03,84.930419921875,34.43477249145508,-12.439074988385613,1.0885422493557049,0
2018-07-05,85.5158920288086,34.959224700927734,-12.786268075109646,0.8771780871820872,0
2018-07-06,85.52368927001953,34.94357681274414,-12.750643244655151,0.8344985345346767,0
2018-07-09,84.11859130859375,34.75570297241211,-13.82163375355887,0.3264602590074187,0
2018-07-10,88.12311553955078,35.201904296875,-10.610616418318642,1.6129317860035175,0
2018-07-11,87.84989929199219,35.06100082397461,-10.633255468439529,1.4840006057794433,0
2018-07-12,87.06149291992188,34.967063903808594,-11.25460811424881,1.142320199364337,0
2018-07-13,87.96701049804688,35.021854400634766,-10.446527801922272,1.3887950131032554,0
2018-07-16,88.17778015136719,35.0140380859375,-10.221857921795504,1.3949366279922921,0
2018-07-17,89.67654418945312,35.42107391357422,-9.446950399425504,1.6376567773163435,0
2018-07-18,89.63748931884766,35.319305419921875,-9.305024181332811,1.606156283899725,0
2018-07-19,90.37126922607422,35.31147766113281,-8.557323695576812,1.8276697927341197,0
2018-07-20,90.55863952636719,35.44455337524414,-8.606610014192114,1.715375153428288,0
2018-07-23,89.29401397705078,35.186241149902344,-9.411863255944425,1.295059845218351,0
2018-07-24,89.5672378540039,35.42890167236328,-9.570177313404159,1.176389141208004,0
2018-07-25,89.93412780761719,36.07862091064453,-10.358722513365649,0.7302662006645212,0
2018-07-26,89.77021026611328,36.1960334777832,-10.731441948903594,0.47573598695872754,0
2018-07-27,89.20819091796875,36.17254638671875,-11.251692777552122,0.11597039231222632,0
2018-07-30,89.13008117675781,36.188201904296875,-11.357643675821961,0.006181377310625442,0
2018-07-31,89.77021026611328,36.501319885253906,-11.27435129545971,-0.00980561862259913,0
2018-08-01,88.68517303466797,36.313453674316406,-12.02529464219829,-0.6096080051491702,0
2018-08-02,89.52822875976562,36.14906692504883,-10.889899984074574,0.1599279314952085,0
2018-08-03,90.78501892089844,36.49348831176758,-10.245615278237437,0.6139968288892086,0
2018-08-06,91.62804412841797,36.51697540283203,-9.444358590213909,1.1641011887857753,0
2018-08-07,89.16133117675781,36.39955520629883,-11.702256080024696,-0.5866265463160152,0
2018-08-08,88.59147644042969,36.125579833984375,-11.784883783914509,-0.6634314926395651,0
2018-08-09,88.75540161132812,36.282142639160156,-11.899383751420345,-0.740252071607707,0
2018-08-10,88.10751342773438,36.0707893371582,-12.171409530811346,-0.9347662565208783,0
2018-08-13,88.22457122802734,35.87508773803711,-11.706323699466878,-0.5953851881228895,0
2018-08-14,88.28704833984375,35.92206954956055,-11.727397194457808,-0.6051322214174072,0
2018-08-15,88.5602798461914,36.0707893371582,-11.718643112354314,-0.6278112087307367,0
2018-08-16,89.18473815917969,36.18037796020508,-11.2890728987783,-0.3406817174711903,0
2018-08-17,89.73898315429688,36.47783660888672,-11.263816671687763,-0.37596453226093407,0
2018-08-20,89.64530181884766,36.5796012878418,-11.538472311927464,-0.7645299720466765,0
2018-08-21,88.7710189819336,36.18037796020508,-11.702792076024394,-0.8763009230233856,0
2018-08-22,87.61572265625,35.953372955322266,-12.454391624354031,-1.4753894605062203,0
2018-08-23,87.37374114990234,35.77334213256836,-12.376213392339722,-1.3289324123212634,0
2018-08-24,87.54545593261719,35.718536376953125,-12.107034208195756,-1.0233093924048993,0
2018-08-27,87.74842071533203,35.765506744384766,-11.987599680565268,-0.8617361911307465,0
2018-08-28,86.78045654296875,35.5150146484375,-12.51009855607856,-1.2342675707569069,0
2018-08-29,87.46737670898438,35.48370361328125,-11.76749607594516,-0.5343167099893723,0
2018-08-30,87.39713287353516,35.186241149902344,-11.30874435946005,-0.03671458206201961,0
2018-08-31,87.43618774414062,34.88878631591797,-10.740707504735582,0.7116808325750035,0
2018-09-04,86.64774322509766,35.03751754760742,-11.793649799745708,-0.4820653031880064,0
2018-09-05,88.30265808105469,35.52284622192383,-11.001824380429738,0.6804475137591587,0
2018-09-06,89.3321533203125,35.82813262939453,-10.515238487728027,1.4103427959654273,0
2018-09-07,88.73397064208984,35.78899002075195,-11.043811489395779,0.6590596489334479,0
2018-09-10,89.38725280761719,36.05513000488281,-10.863822209961981,0.8965280790179481,0
2018-09-11,89.1983413696289,36.02382278442383,-10.997058117740139,0.6777485193217054,0
2018-09-12,89.60762023925781,36.1960334777832,-10.894031975759063,0.8012735677818381,0
2018-09-13,90.50489044189453,36.180240631103516,-9.968676395387504,1.9229481976350085,0
2018-09-14,90.17430114746094,36.30656051635742,-10.523908008253898,1.1325212145991896,0
2018-09-17,90.82758331298828,36.56707763671875,-10.333919248921262,1.399594281909857,0
2018-09-18,89.70994567871094,36.259193420410156,-10.904027695522345,0.7900354408965327,0
2018-09-19,89.54462432861328,36.28287124633789,-11.11145676049928,0.4421336749342177,0
2018-09-20,90.68590545654297,36.81969451904297,-10.924841038786184,0.682521515409633,0
2018-09-21,90.44190979003906,36.7723274230957,-11.084600923808537,0.4004526504751721,0
2018-09-24,88.3640365600586,36.36970901489258,-12.446473403149653,-1.6495269799460708,0
2018-09-25,88.12791442871094,36.061824798583984,-12.135066346821048,-1.136722902799617,0
2018-09-26,87.75799560546875,36.19603729248047,-12.74366339345579,-1.869624919449501,0
2018-09-27,87.4038314819336,36.32234191894531,-13.3224426997931,-2.3414501577812135,1
2018-09-28,87.994140625,36.46444320678711,-12.984840901171339,-1.7453400635618344,0
2018-10-01,87.13622283935547,36.49601745605469,-13.898909090562583,-2.425342089108417,1
2018-10-02,85.56995391845703,36.717079162597656,-15.858305460672256,-3.356721049716097,1
2018-10-03,84.62547302246094,36.21181869506836,-15.904251002475462,-2.7883253446418568,1
2018-10-04,83.90926361083984,36.19603729248047,-16.592395388084697,-2.7253368080047666,1
2018-10-05,83.81481170654297,36.219722747802734,-16.72896857507618,-2.4211233141869584,1
2018-10-08,85.15283203125,36.693382263183594,-16.233285713461683,-1.9400993845038463,0
2018-10-09,85.09771728515625,36.62233352661133,-16.162050179286936,-1.7355253758226972,0
2018-10-10,84.48379516601562,36.061824798583984,-15.779185609516361,-1.4485561340530968,0
2018-10-11,82.68929290771484,35.240806579589844,-16.113621340526564,-1.4761142913355731,0
2018-10-12,82.8624496459961,35.272377014160156,-15.996608222084348,-1.3234556871660839,0
2018-10-15,83.13790130615234,35.453956604003906,-16.04407056680222,-1.2508643943326618,0
2018-10-16,84.52316284179688,35.911834716796875,-15.473081468238362,-0.9517779309096696,0
2018-10-17,85.24726867675781,36.203922271728516,-15.268412659311167,-0.8112691502238094,0
2018-10-18,84.94817352294922,36.00656509399414,-15.21653556614146,-0.7358212691990856,0
2018-10-19,86.80564880371094,36.57497024536133,-14.36988966315836,-0.34209311661142,0
2018-10-22,86.10516357421875,36.290771484375,-14.564966987668896,-0.3804985457422692,0
2018-10-23,86.6797103881836,36.598663330078125,-14.537962929195643,-0.3250687731764795,0
2018-10-24,88.90713500976562,36.8907470703125,-12.82996854973969,0.47236504739950846,0
2018-10-25,88.8205337524414,36.717079162597656,-12.60772562668788,0.6462092639320406,0
2018-10-26,86.93157958984375,36.25129699707031,-13.668351095522112,0.1979359869288715,0
2018-10-29,88.85203552246094,36.6776008605957,-12.506017196238886,0.8650432705822676,0
2018-10-30,89.54462432861328,37.60124588012695,-13.456002385299982,0.42713067607441463,0
2018-10-31,88.45063781738281,37.79860305786133,-14.900961143508752,-0.328915111246575,0
2018-11-01,87.7658920288086,37.68809509277344,-15.38918391092335,-0.5699640007908215,0
2018-11-02,87.4982681274414,37.89333724975586,-16.021802396413264,-0.9365743696942672,0
2018-11-05,90.0326156616211,38.43806076049805,-14.456169741225267,0.19301805894994328,0
2018-11-06,90.67803192138672,38.76962661743164,-14.400397167922833,0.3060588236311729,0
2018-11-07,90.99285888671875,38.974876403808594,-14.450578354528872,0.3252650871039444,0
2018-11-08,91.34703063964844,38.94331359863281,-14.04027654957548,0.684992296522378,0
2018-11-09,92.46466064453125,39.219608306884766,-13.413998192991556,1.2269007909997287,0
2018-11-12,92.0632553100586,39.369606018066406,-14.082153560776291,0.6815488095780857,0
2018-11-13,92.19705200195312,39.361717224121094,-13.93432774782967,0.7520051724686244,0
2018-11-14,91.81140899658203,39.28275680541992,-14.179550648434187,0.5049860608847688,0
2018-11-15,91.92945861816406,39.266971588134766,-14.033429216932632,0.5771375530784517,0
2018-11-16,93.1494140625,39.6064338684082,-13.41716014792732,1.0588185738725333,0
2018-11-19,93.66887664794922,39.87485122680664,-13.375040441447894,1.0332120520527406,0
2018-11-20,91.2998046875,38.98277282714844,-14.157675242615042,0.2567611900218777,0
2018-11-21,90.73312377929688,38.469642639160156,-13.811825595111515,0.5423254587756419,0
2018-11-23,90.83544921875,38.69856643676758,-14.11660923856806,0.18324085028687148,0
2018-11-26,91.18962097167969,38.58015060424805,-13.551851423888337,0.7285292429045401,0
2018-11-27,91.64610290527344,38.974876403808594,-13.797334335974185,0.4033119152323584,0
2018-11-28,93.26748657226562,39.2432861328125,-12.65327998013646,1.654541305135649,0
2018-11-29,93.0864486694336,38.97275924682617,-12.353223503059723,1.8493028310173367,0
2018-11-30,95.9749984741211,40.10263442993164,-11.473999309793726,2.5028767028030305,-1
2018-12-03,93.6452865600586,39.53770446777344,-12.799061985960805,1.0193461342083103,0
2018-12-04,92.71652221679688,39.450172424316406,-13.57216278393173,0.17157758423460967,0
2018-12-06,92.69115447998047,39.29103469848633,-13.314526244669707,0.4072089632704212,0
2018-12-07,91.8819580078125,39.06028366088867,-13.713364142156266,0.009022580620644762,0
2018-12-10,92.1755142211914,39.17964172363281,-13.632069615720766,0.13916760344964638,0
2018-12-11,93.04812622070312,39.4183464050293,-13.183960638372866,0.6210270746573181,0
2018-12-12,92.81807708740234,39.16371536254883,-12.961183935006687,0.9051485805698964,0
2018-12-13,93.88904571533203,39.36264419555664,-12.243982524013461,1.6018214632337968,0
2018-12-14,90.39847564697266,39.25920486450195,-15.55060015211724,-1.9023383828401303,0
2018-12-17,89.54167938232422,38.45556640625,-14.978237372798759,-1.3475336162225036,0
2018-12-18,88.72455596923828,38.44760513305664,-15.781202770586958,-2.265425812774211,1
2018-12-19,87.29660034179688,38.11341857910156,-16.614854166999024,-2.6991828794013393,1
2018-12-20,87.43145751953125,37.826961517333984,-15.970573010945074,-1.9092838719367828,0
2018-12-21,86.80474090576172,37.85084915161133,-16.639770454515485,-2.2282913996310105,1
2018-12-24,84.11538696289062,36.56978225708008,-17.050925389553697,-2.2477959098619533,1
2018-12-26,85.94001007080078,37.349552154541016,-16.613014415347905,-1.7477154377955901,0
2018-12-27,86.80474090576172,37.81901168823242,-16.583151961139862,-1.591268839659166,0
2018-12-28,87.5504379272461,37.556427001953125,-15.370484655506118,-0.7419378039754891,0
2018-12-31,87.6456527709961,37.67578125,-15.48752471479186,-0.7819204731395937,0
2019-01-02,86.69365692138672,37.34160232543945,-15.845229901187224,-0.9608822205902409,0
2019-01-03,85.88450622558594,37.11083984375,-16.2440016705836,-1.137483756567922,0
2019-01-04,87.6456527709961,37.85084915161133,-15.79885858928111,-0.8017371098035456,0
2019-01-07,86.8919906616211,37.357513427734375,-15.675191839825331,-0.6865702022510645,0
2019-01-08,87.72499084472656,37.77922439575195,-15.592145865224666,-0.5960222654352428,0
2019-01-09,85.27362060546875,37.05515670776367,-16.755862590508613,-1.2358382219430795,0
2019-01-10,85.79723358154297,37.452999114990234,-16.939756912676643,-1.2541631541395755,0
2019-01-11,85.80514526367188,37.6678352355957,-17.313901342449014,-1.369210634146841,0
2019-01-14,85.1387710571289,37.51665115356445,-17.711415720395948,-1.4898568736778188,0
2019-01-15,86.46360778808594,37.85084915161133,-16.980903572191266,-1.0091533044876433,0
2019-01-16,85.94796752929688,37.33365249633789,-16.576781629702324,-0.7319797919958133,0
2019-01-17,86.64608001708984,37.44504165649414,-16.076759245739694,-0.35476733906622804,0
2019-01-18,87.32040405273438,37.88267135620117,-16.18069866528778,-0.3781938864910992,0
2019-01-22,87.1934585571289,37.97019577026367,-16.46329413836871,-0.527582178568095,0
2019-01-23,87.84396362304688,38.40782928466797,-16.591059311551007,-0.571660224006331,0
2019-01-24,86.8681869506836,37.94631576538086,-16.746098482828472,-0.6405078438935968,0
2019-01-25,86.74919891357422,37.69169998168945,-16.412287818901547,-0.3136619450252071,0
2019-01-28,86.32875061035156,37.53257369995117,-16.54975219776877,-0.3842611589436203,0
2019-01-29,86.47151947021484,37.715576171875,-16.732427740338807,-0.6482896838522985,0
2019-01-30,87.91539001464844,38.08158493041992,-15.939452784679517,0.6556167130261373,0
2019-01-31,89.38300323486328,38.296417236328125,-14.853888892458272,2.384832852663111,-1
2019-02-01,89.00223541259766,38.74996566772461,-16.04122941660431,0.49368101836660794,0
2019-02-04,89.7162094116211,39.18759536743164,-16.105518872773487,0.36202302841142014,0
2019-02-05,89.56547546386719,39.19554901123047,-16.270397268009802,0.11071400219388726,0
2019-02-06,89.68449401855469,39.19554901123047,-16.151378713322302,0.279651977577002,0
2019-02-07,89.7162094116211,39.32286071777344,-16.34606945468171,-0.0804952956686001,0
2019-02-08,89.66068267822266,39.38651657104492,-16.514799255293056,-0.3711962840639734,0
2019-02-11,89.62100219726562,39.474037170410156,-16.71012292981787,-0.6909173381939688,0
2019-02-12,90.27153015136719,39.51382827758789,-16.130357916574326,0.34107965495943204,0
2019-02-13,90.5333251953125,39.61727523803711,-16.052528880699953,0.5290829786774243,0
2019-02-14,89.31956481933594,36.27537536621094,-11.323185891214067,4.562199334099204,-1
2019-02-15,91.953369140625,35.996891021728516,-8.194135958626163,4.274316775443334,-1
2019-02-19,91.96922302246094,35.670654296875,-7.598115509335628,3.4079917150839085,-1
2019-02-20,91.8899154663086,35.885494232177734,-8.0594859612969,2.6786038342042287,-1
2019-02-21,92.10409545898438,36.49021530151367,-8.920718147374572,2.0965994205552985,-1
2019-02-22,92.62769317626953,36.02872085571289,-7.5764168485419106,2.2287405873579935,-1
2019-02-25,92.07238006591797,35.758182525634766,-7.65061522726171,1.9734378235749603,0
2019-02-26,92.00094604492188,35.559261322021484,-7.3682955991366725,1.8557050689168055,0
2019-02-27,91.52495574951172,35.758182525634766,-8.19803954366796,1.5056772639655622,0
2019-02-28,92.48306274414062,36.07645797729492,-7.805941101195927,1.484550568624061,0
2019-03-01,92.91494750976562,36.1082878112793,-7.430661261131206,1.459510589476734,0
2019-03-04,92.90694427490234,36.32311248779297,-7.820700256172756,1.2672909667255954,0
2019-03-05,92.79496765136719,36.28333282470703,-7.86193429057289,1.1725981819159974,0
2019-03-06,93.29881286621094,36.16399002075195,-7.145854524416393,1.2518125962397406,0
2019-03-07,92.85096740722656,36.02872085571289,-7.353142617584879,1.1237047215249656,0
2019-03-08,92.15518188476562,35.67861557006836,-7.426314662328679,1.035468910744587,0
2019-03-11,93.24285125732422,36.744834899902344,-8.23476783397868,0.7885620603542762,0
2019-03-12,93.22681427001953,36.641395568847656,-8.066852381027772,0.7728920213633061,0
2019-03-13,93.23483276367188,36.77665710449219,-8.299377685375987,0.664622606942293,0
2019-03-14,92.37110137939453,36.68033981323242,-8.99182218500907,0.44629299379055765,0
2019-03-15,92.49908447265625,36.35928726196289,-8.292891854810051,0.5760731028430618,0
2019-03-18,93.78668212890625,36.44757843017578,-7.162307741476269,0.8111542337715,0
2019-03-19,94.44244384765625,36.56797790527344,-6.720659716462336,0.8717852210027128,0
2019-03-20,94.62638854980469,36.54388427734375,-6.493867853499083,0.8812948081231051,0
2019-03-21,95.52210235595703,36.52784729003906,-5.5696344995213,1.0908892005014612,0
2019-03-22,96.54579162597656,36.86495590209961,-5.145445933802833,1.1756211606556835,0
2019-03-25,96.6497802734375,36.9452018737793,-5.1841635679917175,1.1452736498855478,0
2019-03-26,97.58546447753906,37.4348258972168,-5.11920748056248,1.1943313265998359,0
2019-03-27,97.48152160644531,37.4107551574707,-5.180343894287418,1.250665732561722,0
2019-03-28,97.44151306152344,37.38665771484375,-5.177498494486812,1.595989542970698,0
2019-03-29,98.00933837890625,37.611392974853516,-5.00933352939704,1.754714852360647,0
2019-04-01,97.5694808959961,37.49903106689453,-5.249371012022181,1.4419213277437097,0
2019-04-02,97.31355285644531,37.37863540649414,-5.29119214174456,1.3100912035260421,0
2019-04-03,97.21758270263672,37.065616607666016,-4.83050196815924,1.5325828214101973,0
2019-04-04,97.1456069946289,37.30638885498047,-5.3306575762855175,1.0932035262720003,0
2019-04-05,97.26558685302734,37.29837417602539,-5.196424727882032,1.117069592004459,0
2019-04-08,97.5694808959961,37.36258316040039,-5.006717418737679,1.174450902374561,0
2019-04-09,97.70543670654297,37.45889663696289,-5.0420417089273855,1.074671696257387,0
2019-04-10,97.60147094726562,37.4348258972168,-5.103201010835917,0.965178406226354,0
2019-04-11,97.3055648803711,37.49101257324219,-5.499027253734454,0.6255411939345449,0
2019-04-12,97.75341796875,37.51508712768555,-5.0939874066320385,0.8670023925011073,0
2019-04-15,98.89706420898438,37.72376251220703,-4.321441267419274,1.3414634538541745,0
2019-04-16,97.89738464355469,37.68363952636719,-5.249767692024037,0.6087482084411899,0
2019-04-17,101.57622528076172,37.94850540161133,-2.0419541157503005,2.561760522102329,-1
2019-04-18,101.64019775390625,38.10903549194336,-2.2634620449820773,2.1412994201830764,-1
2019-04-22,101.120361328125,38.04481887817383,-2.6690981691236004,1.7284052188924457,0
2019-04-23,101.64019775390625,38.6949577331543,-3.3054431267603235,1.2726013242123102,0
2019-04-24,101.50428009033203,38.51034164428711,-3.1130467949587484,1.3122688437577614,0
2019-04-25,100.8724594116211,38.397987365722656,-3.5450610412000003,0.995977644473596,0
2019-04-26,101.08837890625,38.7350959777832,-3.9286422508721586,0.7193053439867486,0
2019-04-29,101.3203125,38.863502502441406,-3.9250617730479433,0.6910842881387854,0
2019-04-30,102.4079818725586,39.377193450927734,-3.7509201906228213,0.7909474603411345,0
2019-05-01,101.76013946533203,38.99995803833008,-3.7279019688157433,0.7628406027023695,0
2019-05-02,101.43225860595703,38.83942794799805,-3.7703024258144353,0.6743683209505279,0
2019-05-03,102.10404968261719,39.10430145263672,-3.56955197790289,0.8146119016880782,0
2019-05-06,101.78416442871094,38.90364074707031,-3.5325901207925767,0.7969203049280086,0
2019-05-07,100.75249481201172,38.52640151977539,-3.89339232455049,0.39947811553984763,0
2019-05-08,100.78446960449219,38.40601348876953,-3.647324190056949,0.6008865522536573,0
2019-05-09,100.80848693847656,38.04481887817383,-2.980972558772038,1.188513628318509,0
2019-05-10,102.37596893310547,38.67889404296875,-2.5411049123820106,1.504741348786755,0
2019-05-13,101.6961898803711,38.566532135009766,-3.02106396483137,0.9689019831280916,0
2019-05-14,101.8961181640625,39.08021545410156,-3.7346499034581058,0.22965585658469215,0
2019-05-15,103.44763946533203,39.47350311279297,-2.8825359146783,1.0156174531621152,0
2019-05-16,104.18341827392578,39.794559478759766,-2.7177111269295153,1.105194742950796,0
2019-05-17,104.37535858154297,39.48956298828125,-1.9833770497387917,1.7131607336056367,0
2019-05-20,103.95947265625,39.20863723754883,-1.8996756628270504,1.6685083418877327,0
2019-05-21,103.20771789550781,39.00798416137695,-2.2945968803680046,1.2014158497220253,0
2019-05-22,104.02346801757812,39.850738525390625,-2.977567991465847,0.4715309836392467,0
2019-05-23,103.94348907470703,40.01126480102539,-3.343020552805598,0.034106064478222814,0
2019-05-24,103.567626953125,39.818641662597656,-3.3763292568221033,-0.08899913402110708,0
2019-05-28,102.07206726074219,39.40929412841797,-4.143921385443761,-1.1408288648844576,0
2019-05-29,102.50394439697266,39.01601028442383,-3.0126437206312175,0.29133907851851,0
2019-05-30,102.8558349609375,39.529685974121094,-3.5742538111691857,-0.6302811246804452,0
2019-05-31,102.36798858642578,39.43336868286133,-3.890813301036644,-1.070428330380069,0
2019-06-03,103.15172576904297,40.1156120300293,-4.320350868749628,-1.6512305665995086,0
2019-06-04,103.2237319946289,40.13167190551758,-4.27690489443512,-1.4634364016228742,0
2019-06-05,105.07913970947266,40.757720947265625,-3.534838186102192,-0.27168701348090146,0
2019-06-06,106.32379150390625,41.2553596496582,-3.175167498345971,0.30285142995839914,0
2019-06-07,107.52413940429688,41.32759094238281,-2.1032728896001203,1.815511728681318,0
2019-06-10,107.62079620361328,41.23930740356445,-1.8496161151828403,1.9704528168213844,0
2019-06-11,107.30663299560547,41.19916534423828,-2.092392262827417,1.5034717399689654,0
2019-06-12,107.25827026367188,41.44799041748047,-2.5832557239611873,0.7759480219306102,0
2019-06-13,107.09716796875,41.359004974365234,-2.586109804771752,0.721252725207024,0
2019-06-14,106.92801666259766,41.504608154296875,-3.014196082605608,0.0990167824812677,0
2019-06-17,106.75879669189453,41.14869689941406,-2.550477468124811,0.6987139333642057,0
2019-06-18,106.38824462890625,40.96263885498047,-2.5901512186397753,0.6004907756940524,0
2019-06-19,107.024658203125,41.350921630859375,-2.644244470053721,0.47764703691278904,0
2019-06-20,108.08001708984375,41.787723541259766,-2.3656769305641916,0.8187829051042477,0
2019-06-21,107.91887664794922,41.69875717163086,-2.368603077885737,0.7768020063067687,0
2019-06-24,108.06388092041016,41.99803161621094,-2.755816713500195,0.2373957228049469,0
2019-06-25,107.79804992675781,41.86860656738281,-2.7914832878800837,0.17551952304130983,0
2019-06-26,106.59770965576172,41.350921630859375,-3.071193017417002,-0.26143890876107473,0
2019-06-27,106.09017944335938,41.31856155395508,-3.521175341093567,-0.8758517282225453,0
2019-06-28,105.63902282714844,41.189144134521484,-3.7421811058473793,-1.120867357906521,0
2019-07-01,106.23516845703125,41.73918914794922,-4.124213906149521,-1.5433383735482644,0
2019-07-02,106.68630981445312,42.046573638916016,-4.219713044499727,-1.568244650493915,0
2019-07-03,107.94306945800781,42.14363479614258,-3.135563147584051,-0.015796402071117998,0
2019-07-05,107.1616439819336,42.151737213134766,-3.9313976435396256,-1.0845807030221761,0
2019-07-08,106.79104614257812,42.06275177001953,-4.143747268783784,-1.304515109469652,0
2019-07-09,106.13044738769531,41.731101989746094,-4.214553091234762,-1.3212316564700297,0
2019-07-10,108.28141021728516,41.917144775390625,-2.3944414384875756,1.007355792514125,0
2019-07-11,108.23307037353516,42.095123291015625,-2.7592912782755263,0.5093160790275593,0
2019-07-12,107.3710708618164,42.159820556640625,-3.736345863999844,-0.7726507094737414,0
2019-07-15,108.07194519042969,42.16790771484375,-3.049853419637259,0.0960268660013587,0
2019-07-16,107.78999328613281,42.17599105834961,-3.346180424277165,-0.36059184832374164,0
2019-07-17,106.96827697753906,42.20834732055664,-4.225437837689029,-1.6026499737540933,0
2019-07-18,107.04884338378906,42.08701705932617,-3.9291024642325993,-1.1472758986724318,0
2019-07-19,104.80120086669922,41.5693244934082,-5.256100872047938,-2.536122339293651,1
2019-07-22,104.9542465209961,41.43180465698242,-4.858495346412582,-1.8726792354200592,0
2019-07-23,105.3248519897461,43.947486877441406,-8.96168024968648,-4.164823539873337,1
2019-07-24,104.0922622680664,43.502586364746094,-9.403076388163257,-3.3871245321168795,1
2019-07-25,103.91504669189453,42.92826461791992,-8.558940745767444,-2.4660987904562277,1
2019-07-26,105.71154022216797,43.81806182861328,-8.34482759799215,-2.086758155862346,1
2019-07-29,105.96128845214844,43.67246627807617,-7.8361579641454995,-1.6742148387832623,0
2019-07-30,105.11537170410156,43.45405197143555,-8.29365529490093,-1.7230135440616015,0
2019-07-31,102.96441650390625,42.57236099243164,-8.876645916387119,-1.8027566644654436,0
2019-08-01,102.42464447021484,42.08701705932617,-8.553301377806818,-1.53239615560694,0
2019-08-02,103.05302429199219,42.329689025878906,-8.356479842165328,-1.3485375182155648,0
2019-08-05,100.2173080444336,41.779632568359375,-10.213997307815987,-1.9155633683690267,0
2019-08-06,101.8687973022461,42.281150817871094,-9.454388390776586,-1.4942729823239587,0
2019-08-07,102.94025421142578,43.017250061035156,-9.691981440347504,-1.4689199342628523,0
2019-08-08,104.30171966552734,43.42977523803711,-9.0641345450924,-1.1505556354735322,0
2019-08-09,103.6008529663086,43.21139144897461,-9.37663609828104,-1.1830983436825222,0
2019-08-12,103.39945220947266,43.03342819213867,-9.261553994709686,-1.0658088229498675,0
2019-08-13,104.67229461669922,43.276100158691406,-8.420269873618977,-0.7036034158722612,0
2019-08-14,104.01974487304688,42.86355972290039,-8.339173922794203,-0.6262807921328727,0
2019-08-15,105.3087387084961,43.57538986206055,-8.316070825528172,-0.5677733217808368,0
2019-08-16,106.14655303955078,44.01219940185547,-8.25506140951802,-0.49797862123669384,0
2019-08-19,106.79911804199219,44.23868942260742,-8.005277356895746,-0.3569582058490769,0
2019-08-20,106.38824462890625,43.58346939086914,-7.2509332215533675,-0.01553689443682702,0
2019-08-21,106.61380767822266,43.76143264770508,-7.341853032644266,0.015901306745503264,0
2019-08-22,106.87159729003906,44.07691955566406,-7.645112936481297,-0.04987737836684784,0
2019-08-23,104.94621276855469,43.47023391723633,-8.491591566764527,-0.40205804559624175,0
2019-08-26,107.74163055419922,44.117347717285156,-6.846975525759291,0.5518216460622253,0
2019-08-27,108.56336975097656,44.26295471191406,-6.284178084571124,1.0314796212435018,0
2019-08-28,108.9097671508789,44.57843017578125,-6.498809848599237,1.0309274747574397,0
2019-08-29,109.57842254638672,44.52988815307617,-5.743829228048924,1.7663730917585303,0
2019-08-30,110.15040588378906,44.52180480957031,-5.157470790303549,2.1986640851328283,-1
2019-09-03,110.73853302001953,44.732120513916016,-4.94336083539082,2.375836828003426,-1
2019-09-04,112.09996795654297,45.112300872802734,-4.258023704618722,2.476958633146613,-1
2019-09-05,110.30323028564453,44.58651351928711,-5.119721814176643,1.7283768935413792,0
2019-09-06,111.4307632446289,44.675506591796875,-4.150450637118908,2.0924032123737732,-1
2019-09-09,110.64393615722656,44.101173400878906,-3.915906154230555,1.9939712273121617,0
2019-09-10,110.20588684082031,44.00410461425781,-4.181332156182464,1.6853356960741033,0
2019-09-11,110.6114730834961,44.30339050292969,-4.307984173305073,1.491237345571227,0
2019-09-12,111.36589050292969,44.57843017578125,-4.0426864965484555,1.5011059962059525,0
2019-09-13,110.67636108398438,44.21176528930664,-4.0801534946010065,1.3736330537164703,0
2019-09-16,109.41094207763672,43.967315673828125,-4.910852913840728,0.9077667395470618,0
2019-09-17,110.07610321044922,44.19546127319336,-4.651416946774148,0.9766537751478458,0
2019-09-18,109.91387939453125,44.187313079833984,-4.799150335918782,0.8457061892523616,0
2019-09-19,109.89763641357422,44.423614501953125,-5.235622477210413,0.5710205836086015,0
2019-09-20,109.27307891845703,43.92656707763672,-4.976250371338367,0.658946547270264,0
2019-09-23,109.86519622802734,44.113983154296875,-4.717426445370265,0.7536393455646281,0
2019-09-24,109.80030822753906,44.244354248046875,-5.014161274232023,0.5301278246443996,0
2019-09-25,109.5812759399414,44.13842010498047,-5.044804445960892,0.46051406470268835,0
2019-09-26,110.09233093261719,44.31768798828125,-4.8525524101139865,0.5354368222828747,0
2019-09-27,109.9949722290039,44.252498626708984,-4.833980915632864,0.49747325302481354,0
2019-09-30,111.21172332763672,44.358428955078125,-3.805612148961174,1.1951418042804982,0
2019-10-01,111.4307632446289,44.529537200927734,-3.8908644103015035,1.084959360547341,0
2019-10-02,108.64842987060547,43.25029373168945,-4.398241484356149,0.6241573108903768,0
2019-10-03,111.885009765625,43.869544982910156,-2.262913672387654,2.214683451572139,-1
2019-10-04,113.79131317138672,44.439910888671875,-1.3709265729445974,2.6406356462009937,-1
2019-10-07,112.21761322021484,43.893978118896484,-1.9737611463948497,2.1823184983486446,-1
2019-10-08,111.32530975341797,43.657691955566406,-2.4458625884877847,1.689739044364258,0
2019-10-09,111.82012939453125,43.861385345458984,-2.313283264985074,1.6846163120153077,0
2019-10-10,111.85259246826172,43.722862243652344,-2.0344761522001136,1.8132042528599164,0
2019-10-11,111.64976501464844,43.42954635620117,-1.7156821615113813,1.9110437100408961,0
2019-10-14,111.49565124511719,43.42954635620117,-1.8697959310426313,1.635019333896583,0
2019-10-15,110.5871353149414,43.60066223144531,-3.0826176073662737,0.5976840358518641,0
2019-10-16,110.6601333618164,43.5843505859375,-2.980611571313929,0.6433927145988755,0
2019-10-17,111.09820556640625,43.82880401611328,-2.9772657377396996,0.5971253796965426,0
2019-10-18,110.52223205566406,44.63546371459961,-4.987771147319805,-1.035652301050672,0
2019-10-21,110.41680908203125,44.187313079833984,-4.296220648418782,-0.4577275074721611,0
2019-10-22,110.85482025146484,43.877685546875,-3.30758004550583,0.32520119985353896,0
2019-10-23,111.49565124511719,44.52138900756836,-3.811485983039887,-0.10000397029676004,0
2019-10-24,111.85259246826172,44.496952056884766,-3.4110870473906516,0.21104888485200599,0
2019-10-25,110.83861541748047,43.79621124267578,-3.1788941795721115,0.37665650992032995,0
2019-10-28,110.78181457519531,43.6495361328125,-2.9748537721217616,0.4986073635555306,0
2019-10-29,110.38436126708984,43.519168853759766,-3.140467035761418,0.322896880117037,0
2019-10-30,111.04950714111328,43.951019287109375,-3.2433069968174806,0.19643732776001638,0
2019-10-31,111.26852416992188,44.35027313232422,-3.7343073120873385,-0.28047788506241916,0
2019-11-01,111.07386016845703,43.91842269897461,-3.160985478472682,0.18588651571531992,0
2019-11-04,109.63805389404297,43.29916763305664,-3.495532885928043,-0.16751077552642293,0
2019-11-05,108.70520782470703,42.71250915527344,-3.3850885793062986,-0.11953345838317149,0
2019-11-06,109.05403137207031,43.02214050292969,-3.5869012493300403,-0.3929401843426223,0
2019-11-07,108.14553833007812,42.60658645629883,-3.7563893097894265,-0.6432038597298936,0
2019-11-08,107.99139404296875,42.54140090942383,-3.794610182712063,-0.7651321765617767,0
2019-11-11,107.39112854003906,42.23991394042969,-3.8587231111203977,-0.8372409399946517,0
2019-11-12,107.05854034423828,42.13398742675781,-4.0029357588677215,-0.9984696471232491,0
2019-11-13,108.12117004394531,42.704345703125,-3.9546087976640223,-0.9806683751600801,0
2019-11-14,108.15361022949219,42.88362503051758,-4.240991920669003,-1.2351682232932177,0
2019-11-15,108.5429916381836,42.91621398925781,-3.9095654351633016,-0.8027658526974856,0
2019-11-18,108.74578094482422,43.20954132080078,-4.228417924547685,-1.1511536985517745,0
2019-11-19,109.15948486328125,43.25029373168945,-3.8871864916803673,-0.6461686954936269,0
2019-11-20,108.4862060546875,43.364356994628906,-4.763310923377915,-1.7008175887409278,0
2019-11-21,108.62410736083984,43.15250778198242,-4.248665305026336,-0.965966065543335,0
2019-11-22,108.7538833618164,43.20954132080078,-4.2203155075554974,-0.9153580730554504,0
2019-11-25,108.55921173095703,43.364356994628906,-4.690305247108384,-1.7068256678115585,0
2019-11-26,110.07610321044922,43.91842269897461,-4.158742436480495,-0.6956164894114663,0
2019-11-27,110.24644470214844,43.95915985107422,-4.06084629474033,-0.46644060101630075,0
2019-11-29,110.1815414428711,43.836029052734375,-3.9067785823931587,-0.12005922184359674,0
2019-12-02,110.22212219238281,44.123355865478516,-4.377168542148738,-1.1856780795512003,0
2019-12-03,109.88143920898438,44.16439437866211,-4.790832804211789,-1.934917420937079,0
2019-12-04,111.37399291992188,44.566627502441406,-4.013594669239453,-0.3068274951146981,0
2019-12-05,111.3698959350586,44.48453903198242,-3.8717087450504977,-0.007229307902180711,0
2019-12-06,112.20307922363281,44.67335891723633,-3.374315318099363,1.0234088223302371,0
2019-12-09,112.03971862792969,44.38603210449219,-3.0267052045351903,1.7057447036874993,0
2019-12-10,111.31270599365234,44.139766693115234,-3.315769111655854,1.1812160383973587,0
2019-12-11,111.99070739746094,44.28751754760742,-2.900522019544411,1.982491579358959,0
2019-12-12,112.05606842041016,44.4434928894043,-3.1125414132189917,1.5181861204805789,0
2019-12-13,112.67687225341797,44.67335891723633,-2.9005222883142068,1.7834433247204016,0
2019-12-16,111.9580307006836,44.67335891723633,-3.6193638410485818,0.4499157097026458,0
2019-12-17,111.23102569580078,44.67335891723633,-4.346368845931394,-0.9162693871117836,0
2019-12-18,111.06768798828125,44.25469207763672,-3.7651659032631386,0.24635210662876952,0
2019-12-19,111.4760971069336,44.59126663208008,-3.955307741838695,-0.10683022469819074,0
2019-12-20,112.66053009033203,45.124847412109375,-3.7197738431412404,0.360189634992613,0
2019-12-23,111.9416732788086,45.07558059692383,-4.351016487165737,-0.850275447367428,0
2019-12-24,111.81916809082031,44.91142272949219,-4.181589776587899,-0.493545459607403,0
2019-12-26,111.6557846069336,45.1659049987793,-4.797534524742616,-1.575034749551323,0
2019-12-27,112.3501205444336,45.4367790222168,-4.584910302748952,-1.1122123508234159,0
2019-12-30,111.75379943847656,45.37111282348633,-5.064453222153389,-1.8281121267735612,0
2019-12-31,111.63947296142578,45.4367790222168,-5.2955578857567644,-1.9905457473666552,0
2020-01-02,110.94515228271484,45.141273498535156,-5.464363157165735,-2.0298638988135953,1
2020-01-03,110.78995513916016,44.894996643066406,-5.181591221840733,-1.4878146397490588,0
2020-01-06,111.21466827392578,44.87857437133789,-4.727673364575466,-0.845308406800825,0
2020-01-07,109.46662139892578,44.5338020324707,-5.862590664774572,-2.1754354279868715,1
2020-01-08,110.0302505493164,44.61589050292969,-5.4449444234361835,-1.5139560683135735,0
2020-01-09,110.10377502441406,45.42857360839844,-6.816663637380145,-2.7083315610055654,1
2020-01-10,109.89140319824219,45.58455276489258,-7.306422664083485,-2.690376779613663,1
2020-01-13,111.52508544921875,46.07708740234375,-6.548644651327962,-1.8003428347744581,0
2020-01-14,111.7864761352539,45.97037887573242,-6.097487716167947,-1.3069600599183784,0
2020-01-15,113.70611572265625,46.545005798339844,-5.19974205994653,-0.517983838670968,0
2020-01-16,114.04100036621094,46.64350509643555,-5.040024696220726,-0.3749840555832537,0
2020-01-17,115.38882446289062,46.74201202392578,-3.867381447185238,0.610286310670753,0
2020-01-21,115.87892150878906,46.930824279785156,-3.713060695094555,0.7336482418092207,0
2020-01-22,117.12056732177734,47.292015075683594,-3.1137423954991448,1.2196883781716916,0
2020-01-23,117.34107971191406,47.47262191772461,-3.2144141137818565,1.1485722482899556,0
2020-01-24,116.74478912353516,47.3494758605957,-3.5917065949056024,0.8462491818764093,0
2020-01-27,116.10765075683594,47.185302734375,-3.936885927408028,0.6022823318509155,0
2020-01-28,116.35270690917969,46.79948043823242,-3.0056985698757615,1.4052440009625649,0
2020-01-29,115.77273559570312,46.79948043823242,-3.585669883352324,0.9451498083482127,0
2020-01-30,117.48814392089844,48.31814956665039,-4.571003038838398,0.0970985156883311,0
2020-01-31,116.00962829589844,47.94053649902344,-5.377986427945885,-0.5986504223508922,0
2020-02-03,116.40989685058594,48.088287353515625,-5.240472184955536,-0.4348642312809757,0
2020-02-04,116.98985290527344,48.301727294921875,-5.040089331963756,-0.22184905226939144,0
2020-02-05,117.87203979492188,48.309932708740234,-4.172494627703642,0.5941213367434025,0
2020-02-06,117.89653778076172,48.424861907958984,-4.3523822120076545,0.4273615171864839,0
2020-02-07,118.7461166381836,48.58903884887695,-3.7947691726902377,0.9238553959970106,0
2020-02-10,118.98296356201172,49.04874038696289,-4.375437393806848,0.37649478926889196,0
2020-02-11,119.3260498046875,48.91740417480469,-3.7987879941182428,0.8694949764986607,0
2020-02-12,119.3260498046875,48.76963424682617,-3.535999762882767,1.0417737832991991,0
2020-02-13,119.64462280273438,48.933815002441406,-3.5093993668480152,0.99917551672563,0
2020-02-14,120.06939697265625,49.21293258666992,-3.580996936897435,0.8772487261705978,0
2020-02-18,118.93399047851562,48.86815643310547,-4.103267072329501,0.39119913141701984,0
2020-02-19,118.87679290771484,49.06516647338867,-4.510819554511045,0.028690744216861717,0
2020-02-20,118.57457733154297,49.02412796020508,-4.740053852018292,-0.2093262396325797,0
2020-02-21,119.13817596435547,49.360687255859375,-4.774979040803032,-0.263599483878849,0
2020-02-24,116.51609802246094,48.145755767822266,-5.236470582060122,-0.7864098858567911,0
2020-02-25,115.25812530517578,47.46440887451172,-5.282762767316484,-1.0380793416990997,0
2020-02-26,115.97693634033203,47.28379821777344,-4.242760839833139,0.05634070347481941,0
2020-02-27,111.3943862915039,45.09200668334961,-4.927514980877746,-0.9488134124385631,0
2020-02-28,107.8492660522461,43.909915924072266,-6.370451480589736,-2.613411915434219,1
2020-03-02,112.38279724121094,45.90471267700195,-5.384388423658322,-1.3393639309347853,0
2020-03-03,110.74909210205078,46.01962661743164,-7.2224519973316745,-2.9115569638656615,1
2020-03-04,116.3118667602539,48.367401123046875,-5.834867231351211,-1.3669724094775355,0
2020-03-05,113.56925964355469,46.57783508300781,-5.394980448416717,-0.864611941913296,0
2020-03-06,112.87849426269531,45.362918853759766,-3.9251865642693105,0.694686620049049,0
2020-03-09,107.0396499633789,42.57185363769531,-4.800510197194967,-0.1939672028064858,0
2020-03-10,110.31266784667969,44.049461364746094,-4.1552118124649695,0.5137227910765195,0
2020-03-11,106.70248413085938,42.859169006347656,-5.648626387258801,-1.0522079004289473,0
2020-03-12,94.85212707519531,38.713623046875,-10.12670746567818,-3.9810053349939567,1
2020-03-13,104.81100463867188,40.1379508972168,-2.7007985624094317,1.5900836855891933,0
2020-03-16,93.00179290771484,37.47975540161133,-9.782779914870048,-2.9181841335803975,1
2020-03-17,105.0330581665039,39.069705963134766,-0.5790202353984597,2.352092298949843,-1
2020-03-18,99.44095611572266,37.140228271484375,-2.739815005101292,1.0994549750314049,0
2020-03-19,96.49686431884766,34.63937759399414,-1.236492262955565,1.7531360629828823,0
2020-03-20,85.46888732910156,31.71619415283203,-7.065994728226656,-1.134723452950884,0
2020-03-23,86.49684143066406,31.103403091430664,-4.948277091244506,-0.06499213323761398,0
2020-03-24,93.61858367919922,32.66850280761719,-0.6098466555404229,1.9005386349918998,0
2020-03-25,92.51658630371094,34.457191467285156,-4.892777631899364,-0.07656255641634141,0
2020-03-26,98.89818572998047,36.6765022277832,-2.4579132233117207,1.0293639976048254,0
2020-03-27,99.06266021728516,35.45091247558594,-0.11389809735240419,1.9261315766469023,0
2020-03-30,103.19094848632812,37.264442443847656,0.7892797641026874,2.0788293959020794,-1
2020-03-31,98.76659393310547,36.643375396728516,-2.530593566020187,0.7298742951209504,0
2020-04-01,97.13829803466797,34.87952423095703,-1.0221258863965943,1.243139033767418,0
2020-04-02,101.85871124267578,36.39493942260742,1.0033325141684344,1.8275981940355979,0
2020-04-03,102.45906066894531,36.295570373535156,1.7803959512145582,1.896243718297833,0
2020-04-06,107.86203002929688,38.64737319946289,3.001011612848785,2.049774362564074,-1
2020-04-07,107.30280303955078,38.514869689941406,2.6774236558611335,1.7681051154198764,0
2020-04-08,109.05443572998047,39.599693298339844,2.4998486843979464,1.5766803361825714,0
2020-04-09,109.89327239990234,40.57683563232422,1.600973838006496,1.2330221657214206,0
2020-04-13,107.63998413085938,38.8626823425293,2.396068397959496,1.3488938048492254,0
2020-04-14,113.81599426269531,40.510589599609375,5.6415050413172025,1.9929533796013252,0
2020-04-15,111.04459381103516,39.42578887939453,4.799271548103931,1.6428208635714554,0
2020-04-16,111.54622650146484,39.003448486328125,6.0519777918032105,1.779654219445842,0
2020-04-17,113.11698913574219,39.79842758178711,6.208980852514145,1.6643576220074103,0
2020-04-20,110.64986419677734,38.53142547607422,5.995042653819766,1.4888482746574008,0
2020-04-21,107.68109893798828,37.579132080078125,4.719798536811467,1.1255281458503847,0
2020-04-22,109.06266784667969,37.827552795410156,5.659585810515225,1.241015364611535,0
2020-04-23,107.12187957763672,37.322418212890625,4.6171090267121855,0.9503699191591582,0
2020-04-24,110.49361419677734,37.62053298950195,7.458688045707703,1.5338535256688204,0
2020-04-27,110.57584381103516,38.738468170166016,5.552825679536767,1.0193065820818163,0
2020-04-28,112.10546875,38.70534133911133,7.141362072668144,1.3808353930703376,0
2020-04-29,109.67123413085938,39.020023345947266,4.147509342391473,0.5792090594513374,0
2020-04-30,108.7912826538086,38.0014533996582,5.078942618900513,0.7609913261736709,0
2020-05-01,107.023193359375,37.76130294799805,3.7379274476359257,0.3761235793615332,0
2020-05-04,107.66465759277344,37.38037872314453,5.056812348780468,0.6873946908819168,0
2020-05-05,108.28144073486328,37.595699310302734,5.290677822695542,0.7168338411929861,0
2020-05-06,107.54952239990234,37.05742263793945,5.516009562771714,0.7345683635980873,0
2020-05-07,108.18274688720703,36.93321228027344,6.370124867570226,1.00682747918826,0
2020-05-08,110.38668060302734,38.18364334106445,6.350341138018678,0.9667474804554789,0
2020-05-11,110.51002502441406,37.711612701416016,7.313126293924782,1.273605410391601,0
2020-05-12,109.32585144042969,37.11539077758789,7.189250342415306,1.1489550308021212,0
2020-05-13,109.34228515625,36.386661529541016,8.501627507376625,1.7160283282567343,0
2020-05-14,109.44097900390625,36.18791961669922,8.953756160493725,1.9045070499381864,0
2020-05-15,111.80117797851562,35.82356262207031,11.961913291858266,2.896105500783481,-1
2020-05-18,111.44758605957031,37.23960494995117,9.090087360154442,1.5219477054012887,0
2020-05-19,108.33075714111328,36.883522033691406,6.60650230272627,0.3665089256601429,0
2020-05-20,107.94426727294922,38.0014533996582,4.231927238041138,-0.7653819839286031,0
2020-05-21,107.08078002929688,37.40523147583008,4.428737626863679,-0.7295725256981429,0
2020-05-22,107.30280303955078,37.2892951965332,4.856937158885117,-0.6209465501959303,0
2020-05-26,106.70248413085938,38.16707992553711,2.6956003929339687,-1.7876342247537746,0
2020-05-27,107.57418060302734,38.69706726074219,2.6247882214217952,-1.6813936514892311,0
2020-05-28,108.7912826538086,38.99517822265625,3.3117414559655884,-1.2769109107769476,0
2020-05-29,108.18274688720703,38.6556510925293,3.3070073911249693,-1.2018753325846907,0
2020-06-01,109.36697387695312,38.91237258911133,4.034690962803452,-0.8070149762015946,0
2020-06-02,109.07089233398438,38.83784484863281,3.871146623894063,-0.8406984879215182,0
2020-06-03,109.22716522216797,39.66593551635742,2.5547756199753877,-1.3821110937403558,0
2020-06-04,108.21028137207031,39.6824951171875,1.5084428267021366,-1.7011981035932742,0
2020-06-05,109.76004791259766,40.651371002197266,1.335198578827118,-1.646805301822692,0
2020-06-08,109.56945037841797,41.28071975708008,0.02539195800601135,-1.9624385469103844,0
2020-06-09,110.19928741455078,40.57683563232422,1.9069888526549335,-1.1579456629044693,0
2020-06-10,111.16065216064453,40.262168884277344,3.42794457425407,-0.5392554995908914,0
2020-06-11,105.94778442382812,37.711612701416016,2.7508856933388444,-0.7721867860558835,0
2020-06-12,106.90913391113281,38.10435485839844,3.0137979669499515,-0.6422971561703449,0
2020-06-15,108.13568878173828,38.689292907714844,3.20012200395486,-0.5639098348959285,0
2020-06-16,109.12191009521484,39.08204650878906,3.487885752014847,-0.43551566928697105,0
2020-06-17,109.19648742675781,38.923274993896484,3.8448161045003673,-0.28450248641728465,0
2020-06-18,110.04181671142578,39.2658805847168,4.080869073921406,-0.1790804413064367,0
2020-06-19,108.79867553710938,38.455326080322266,4.279186168169318,-0.0798010741820017,0
2020-06-22,108.60807800292969,38.22134780883789,4.504686394555989,0.02831906728113233,0
2020-06-23,108.86500549316406,38.137786865234375,4.910215382201443,0.21693696411910474,0
2020-06-24,107.37322998046875,37.31052017211914,4.88961843755267,0.24369826166492045,0
2020-06-25,108.90640258789062,37.544498443603516,6.006693284408186,0.7493457213123185,0
2020-06-26,106.85111236572266,36.40804672241211,5.972424130476924,0.8256749212129362,0
2020-06-29,108.63294982910156,37.06819152832031,6.580286020631448,1.483238889705214,0
2020-06-30,109.61082458496094,37.335594177246094,7.082622416960035,1.9872504048092658,0
2020-07-01,109.6937255859375,37.452579498291016,6.957481321561076,1.8783389448448744,0
2020-07-02,110.09984588623047,37.50271224975586,7.27444750731506,1.8797547330120832,0
2020-07-06,110.47277069091797,37.795188903808594,7.1272433273869495,1.6595199838693622,0
2020-07-07,110.69654083251953,37.778472900390625,7.380740552378398,1.6673710188325026,0
2020-07-08,111.23524475097656,37.66148376464844,8.127493351118602,1.8520221437034876,0
2020-07-09,109.98380279541016,36.69215774536133,8.59986268505908,1.8782141738734968,0
2020-07-10,111.43412017822266,37.728336334228516,8.207480796528174,1.5594473843792234,0
2020-07-13,111.80706787109375,37.81190490722656,8.431813424172844,1.525862426392542,0
2020-07-14,112.31262969970703,38.32998275756836,8.016045968837432,1.2581356097453882,0
2020-07-15,110.79597473144531,38.77286148071289,5.7117928884354825,0.2789581896634331,0
2020-07-16,110.95345306396484,38.56394577026367,6.240798708159545,0.45464514873939205,0
2020-07-17,111.59989166259766,39.12383270263672,5.891556394830616,0.25655879282019933,0
2020-07-20,110.31532287597656,38.53888702392578,5.6472320096254265,0.09077964956787782,0
2020-07-21,111.40925598144531,39.44136428833008,5.136235023516164,-0.25819552219393077,0
2020-07-22,112.71868896484375,40.510963439941406,4.543534920514432,-0.6619434480806773,0
2020-07-23,113.60546875,40.343841552734375,5.7275177004928395,-0.03508495967984469,0
2020-07-24,112.7601089477539,40.51931381225586,4.570104929544968,-0.7845928747532401,0
2020-07-27,114.09441375732422,40.510963439941406,5.919259712994901,-0.016732598236984683,0
2020-07-28,113.85406494140625,40.26027297973633,6.124728957125498,0.056773218094239256,0
2020-07-29,114.30989074707031,40.1265754699707,6.8183171586472895,0.48469506272241325,0
2020-07-30,114.11099243164062,39.85081481933594,7.10982074444334,0.6468006770405871,0
2020-07-31,114.08612823486328,39.47477722167969,7.753687029692699,1.0775577943572536,0
2020-08-03,113.29052734375,38.689292907714844,8.354960565966579,1.4612734031360317,0
2020-08-04,113.92870330810547,39.01520538330078,8.413546595019,1.4196120911326784,0
2020-08-05,112.91757202148438,39.45807647705078,6.614830764073005,-0.07758941481282246,0
2020-08-06,112.59436798095703,39.67533493041992,5.905262830276854,-0.7222398133067771,0
2020-08-07,113.32369232177734,39.94272994995117,6.159062379381709,-0.5087693855042018,0
2020-08-10,112.69385528564453,39.87588882446289,5.648092973362424,-0.9345536758110324,0
2020-08-11,111.9810791015625,40.05137252807617,4.62324346885562,-1.669772252075088,0
2020-08-12,114.20216369628906,40.46916961669922,6.101334144342104,-0.4370058355356346,0
2020-08-13,114.45077514648438,40.427398681640625,6.424229383473801,-0.15967661455594123,0
2020-08-14,114.00325012207031,40.48588562011719,5.872693486733482,-0.5706912421045534,0
2020-08-17,114.30158996582031,40.28534698486328,6.527663356454738,-0.02106271911333374,0
2020-08-18,114.45906829833984,40.46080780029297,6.373109071995501,-0.12089918053231619,0
2020-08-19,113.08333587646484,39.58342742919922,6.557675413167686,0.07671648739723465,0
2020-08-20,113.30712127685547,39.56670379638672,6.811201464763528,0.3644276121341644,0
2020-08-21,113.09163665771484,39.50821304321289,6.699734501856824,0.32420834372864327,0
2020-08-24,114.06954193115234,40.08478927612305,6.652279267296365,0.3604333831273388,0
2020-08-25,113.78778076171875,40.0346565246582,6.459672212401756,0.229831272966182,0
2020-08-26,114.75740051269531,40.24355697631836,7.057791611804447,0.8210340437754238,0
2020-08-27,114.69942474365234,40.30204391479492,6.895804970435222,0.6198722098263751,0
2020-08-28,115.97571563720703,41.6390380859375,5.794437985874268,-0.5474083930297617,0
2020-08-31,116.07513427734375,41.38835144042969,6.339667902151902,0.007162346263536404,0
2020-09-01,115.35411834716797,41.04575729370117,6.227907935500056,-0.15615896728722878,0
2020-09-02,118.75201416015625,42.77549743652344,6.54970187277145,0.13539500725925455,0
2020-09-03,116.33382415771484,42.18220138549805,5.186606245625555,-1.43327720410152,0
2020-09-04,115.82467651367188,42.65015411376953,3.845269864357533,-2.7673362014732836,1
2020-09-08,113.14525604248047,41.62233352661133,2.993685122814597,-2.9788281521651414,1
2020-09-09,114.44740295410156,41.93986892700195,3.731139560365918,-2.0650987078332865,1
2020-09-10,112.48583221435547,41.78110122680664,2.0519150576547105,-2.82680671894312,1
2020-09-11,113.36226654052734,42.66686248779297,1.3531463756384596,-2.748834717883038,1
2020-09-14,114.08013153076172,42.717403411865234,1.9811313732136426,-2.1127208891941867,1
2020-09-15,113.20367431640625,43.00381088256836,0.5953383713382436,-2.5307972222269695,1
2020-09-16,112.66947174072266,42.784793853759766,0.4506270703572284,-2.3224476957068374,1
2020-09-17,111.18368530273438,42.582618713378906,-0.6756190452713184,-2.464935837206265,1
2020-09-18,109.7396011352539,42.49838638305664,-1.9699077475915914,-2.564129157585278,1
2020-09-21,109.54765319824219,41.352745056152344,-0.12449218280060848,-1.6858902939538638,0
2020-09-22,110.30722045898438,41.8328971862793,-0.21880859599750124,-1.5791097865779409,0
2020-09-23,109.34733581542969,40.6114501953125,0.9934800753778035,-1.0837341277806303,0
2020-09-24,109.83143615722656,41.024208068847656,0.7435480399606291,-1.09383777021991,0
2020-09-25,111.47583770751953,41.04104995727539,2.357998637910754,-0.49914110141467366,0
2020-09-28,115.165283203125,41.512794494628906,5.208512192071737,0.49495698060042054,0
2020-09-29,114.48914337158203,41.20953369140625,5.071679452114537,0.47016381298835747,0
2020-09-30,115.69111633300781,41.588619232177734,5.599501589288948,0.6696328933896788,0
2020-10-01,117.52750396728516,41.42855453491211,7.720541989207419,1.3830506863888317,0
2020-10-02,115.24036407470703,41.58018493652344,5.1637485508364165,0.5206182526189606,0
2020-10-05,115.1318588256836,41.59703826904297,5.02527199774714,0.4993838308744412,0
2020-10-06,113.27046203613281,41.226375579833984,3.8230471643224746,0.10348354850339009,0
2020-10-07,114.36393737792969,41.748661041259766,3.9877105720156862,0.19811673916021996,0
2020-10-08,115.06509399414062,42.506805419921875,3.340613027077538,0.002261335626019231,0
2020-10-09,115.55758666992188,42.801631927490234,3.308797831121268,0.03753757385539057,0
2020-10-12,118.63764953613281,43.037513732910156,5.9693777668408075,1.0994659361646737,0
2020-10-13,119.8145980834961,42.30463790893555,8.449643870977411,1.9707697669393012,0
2020-10-14,118.96324157714844,42.220394134521484,7.7481031815129455,1.637993085330376,0
2020-10-15,118.05335235595703,42.11089324951172,7.032946029857484,1.3554387320011827,0
2020-10-16,118.30377197265625,42.14458465576172,7.223450174055699,1.3644675136650546,0
2020-10-19,116.59259796142578,41.79920196533203,6.126491162852588,0.9287450577498025,0
2020-10-20,116.61768341064453,42.32990646362305,5.207792593750085,0.5744332668348368,0
2020-10-21,116.52586364746094,42.11089324951172,5.505457321361391,0.653395320348761,0
2020-10-22,116.5341567993164,42.692134857177734,4.480093246144094,0.26805394483288936,0
2020-10-23,116.492431640625,42.55734634399414,4.678070680902721,0.3018613500514857,0
2020-10-26,115.24036407470703,41.950843811035156,4.504583378617966,0.21197170349672204,0
2020-10-27,116.12519073486328,42.035064697265625,5.239634925337015,0.4286271353372309,0
2020-10-28,111.99333953857422,40.400840759277344,4.0140233407303185,-0.06427443350455965,0
2020-10-29,111.84312438964844,40.45138931274414,3.7739146313300154,-0.22438933642736944,0
2020-10-30,111.25878143310547,40.485084533691406,3.129649418378378,-0.6232393961160756,0
2020-11-02,112.81137084960938,40.95682144165039,3.8433204612531284,-0.390402834480752,0
2020-11-03,114.38896942138672,41.57175827026367,4.3273395495490234,-0.25358901003126205,0
2020-11-04,115.07344818115234,41.420127868652344,5.281471855107526,0.21140629236238134,0
2020-11-05,115.23200225830078,41.64757537841797,5.0355422216128005,-0.025303026270378993,0
2020-11-06,115.50749969482422,41.65599822998047,5.2960607900109835,0.09144613372469136,0
2020-11-09,115.5658950805664,44.28424835205078,0.6804794724303207,-2.714357972746626,1
2020-11-10,118.29544830322266,45.472007751464844,1.2977680687499458,-2.0704342392190442,1
2020-11-11,120.1150894165039,45.13506317138672,3.716618178302639,-0.6388346478174459,0
2020-11-12,120.06502532958984,44.654884338378906,4.520485252681311,-0.12302550937341647,0
2020-11-13,120.7912368774414,45.02554702758789,4.587524844406758,-0.07106962922990055,0
2020-11-16,121.66765594482422,45.36249923706055,4.864721347702783,0.09965817417330128,0
2020-11-17,121.23362731933594,45.21928405761719,4.685380967697469,-0.026232706800375732,0
2020-11-18,119.68107604980469,44.31793975830078,4.735744969167598,-0.010825744464587039,0
2020-11-19,119.6309814453125,44.755985260009766,3.906647463547273,-0.532172832733001,0
2020-11-20,119.71442413330078,44.36847686767578,4.679219843912165,-0.08658988904693278,0
2020-11-23,119.38054656982422,44.37690353393555,4.330356628402697,-0.27225959872460925,0
2020-11-24,120.22364044189453,44.83179473876953,4.364489863094363,-0.18361486238407257,0
2020-11-25,120.3321304321289,44.58750915527344,4.907407732407066,0.2870432418143949,0
2020-11-27,120.69940948486328,44.393760681152344,5.619241455468256,0.9171609243675555,0
2020-11-30,120.39055633544922,43.807952880859375,6.352165870602477,1.6085489775879451,0
2020-12-01,121.92642211914062,44.18151092529297,7.223710712249712,2.189495485218542,-1
2020-12-02,120.71611022949219,44.24094009399414,5.907712325081647,1.0978354198110543,0
2020-12-03,121.43318176269531,44.809757232666016,5.61322181847828,0.8605763239308157,0
2020-12-04,122.610107421875,45.718177795410156,5.174648057937233,0.49497836657738775,0
2020-12-07,122.20659637451172,44.98804473876953,6.069576937735832,1.1333067034571003,0
2020-12-08,122.3326644897461,45.14936065673828,5.908767165614819,0.9583212978025072,0
2020-12-09,122.47562408447266,45.27670669555664,5.8252595707465815,0.871925374635987,0
2020-12-10,121.61813354492188,45.03898239135742,5.390528589089598,0.5132852654819249,0
2020-12-11,121.87030029296875,45.29368591308594,5.189740606223879,0.33070668251439844,0
2020-12-14,121.24823760986328,45.22575759887695,4.688478966916591,-0.08653286363350216,0
2020-12-15,121.7021713256836,45.70969772338867,4.281792588486056,-0.4139215306165455,0
2020-12-16,121.80307006835938,45.0474739074707,5.5603641340638745,0.5444826102070872,0
2020-12-17,122.49239349365234,45.22575759887695,5.932634850705654,0.8076802720889187,0
2020-12-18,123.51800537109375,45.62479782104492,6.24860928289786,1.0006409470789186,0
2020-12-21,122.23180389404297,44.835235595703125,6.366534230528586,1.0431925378079128,0
2020-12-22,121.07173919677734,44.792781829833984,5.281967641671443,0.16027340361703354,0
2020-12-23,121.3995590209961,45.064456939697266,5.126651129774132,-0.13331002883601759,0
2020-12-24,121.94599151611328,45.37009048461914,5.129556942737665,-0.20017646295762812,0
2020-12-28,123.50120544433594,45.98136901855469,5.597697154930003,0.37152612436122207,0
2020-12-29,123.92991638183594,45.95590591430664,6.071690676096708,0.9372649765995296,0
2020-12-30,123.83743286132812,46.219085693359375,5.511178581843723,0.16343979308741013,0
2020-12-31,124.66970825195312,46.558685302734375,5.739523376462145,0.42815521021244674,0
2021-01-04,121.28187561035156,44.792781829833984,5.492104055245662,0.0585299079782605,0
2021-01-05,121.64332580566406,44.300357818603516,6.729261755456903,1.6940698045038103,0
2021-01-06,120.15536499023438,42.89104461669922,7.747568139663926,2.6677115093092842,-1
2021-01-07,119.76869201660156,42.41560363769531,8.206400714003394,2.7711853086324707,-1
2021-01-08,121.2061996459961,43.36647033691406,7.952924383084039,2.23261645049728,-1
2021-01-11,119.4491958618164,42.61936569213867,7.524542131269698,1.6260246293721072,0
2021-01-12,118.89437866210938,42.54295349121094,7.105613386008741,1.1098994002690317,0
2021-01-13,119.86956024169922,42.585411071777344,8.005290073282438,1.8600235728737926,0
2021-01-14,119.17180633544922,41.79584503173828,8.711669375621597,2.2994166778357075,-1
2021-01-15,118.86076354980469,41.34586715698242,9.200849554282655,2.3626988569728513,-1
2021-01-19,119.42396545410156,41.184566497802734,10.050902210304258,2.5687242524111142,-1
2021-01-20,118.8103256225586,41.328895568847656,9.180593232240028,1.7787044853857203,0
2021-01-21,117.3643569946289,41.55812072753906,7.326979592695096,0.5063649561036611,0
2021-01-22,116.50688171386719,41.1675910949707,7.164006859181015,0.3698323587146601,0
2021-01-25,117.84356689453125,41.41379165649414,8.062858639118701,0.9121720644688208,0
2021-01-26,119.20543670654297,41.846778869628906,8.654721011566622,1.215355838979296,0
2021-01-27,116.04454803466797,41.2015495300293,6.641282833944203,-0.13452339263492757,0
2021-01-28,117.01130676269531,41.7279167175293,6.671970846665872,-0.1642118583106229,0
2021-01-29,114.80877685546875,40.878929138183594,5.979247077732765,-0.72021718827161,0
2021-02-01,115.15347290039062,41.15911102294922,5.825678672444681,-0.8440513240870561,0
2021-02-02,116.33039093017578,41.566612243652344,6.277912549778733,-0.5232484233829269,0
2021-02-03,116.02774810791016,41.405311584472656,6.262120479237836,-0.5353471976412718,0
2021-02-04,117.42321014404297,41.60905838012695,7.295247223052769,0.20576922661227223,0
2021-02-05,118.49927520751953,42.15242004394531,7.4050192625742,0.2416714265188096,0
2021-02-08,118.02850341796875,42.381649017333984,6.526595677500509,-0.482115052259328,0
2021-02-09,117.35600280761719,42.19486618041992,6.186262322078704,-0.8078135534580705,0
2021-02-10,115.75872802734375,42.10996627807617,4.7399701908069005,-1.8979338608885528,0
2021-02-11,113.4637451171875,42.70426559448242,1.3881087376391434,-3.4203853833493754,1
2021-02-12,112.53901672363281,43.03536605834961,-0.12543570564356799,-3.3346247021133784,1
2021-02-16,112.96772003173828,42.67878341674805,0.9374001553949398,-2.4463188780753566,1
2021-02-17,113.03499603271484,42.559940338134766,1.2160220157800836,-2.0905276940944715,1
2021-02-18,113.79996490478516,43.10328674316406,1.0147249995259244,-1.9481507989191806,0
2021-02-19,111.39570617675781,42.54295349121094,-0.3930590993428211,-2.169775954202962,1
2021-02-22,110.95855712890625,42.98442459106445,-1.6153029974060757,-2.257704669325072,1
2021-02-23,111.62268829345703,42.90802001953125,-0.8152969462245494,-1.8195285071141272,0
2021-02-24,111.04264831542969,43.052345275878906,-1.6519992868654896,-1.8612288432848767,0
2021-02-25,109.28562927246094,42.59388732910156,-2.593714738788421,-1.905669127886059,0
2021-02-26,108.60472106933594,41.592079162597656,-1.4930466786354657,-1.4954879842310107,0
2021-03-01,109.8068618774414,42.36466979980469,-1.6648506900080378,-1.4272292686771688,0
2021-03-02,110.1851806640625,42.534461975097656,-1.5884836335748957,-1.3156528131258958,0
2021-03-03,108.56269073486328,42.43257522583008,-3.0297821729383543,-1.5614024831166415,0
2021-03-04,109.16686248779297,42.398624420166016,-2.3652336417864035,-1.312270664817577,0
2021-03-05,112.725830078125,43.120262145996094,-0.08959821624534925,-0.6971778423408115,0
2021-03-08,111.96318817138672,43.8419075012207,-2.1355858555899516,-1.131391246877271,0
2021-03-09,112.06488037109375,43.179691314697266,-0.8562344207962269,-0.7569409725718471,0
2021-03-10,113.19185638427734,43.672115325927734,-0.6049659125113749,-0.6419579817328968,0
2021-03-11,112.88682556152344,43.19667434692383,-0.06449118729300096,-0.44853258515004824,0
2021-03-12,112.7342758178711,43.11107635498047,-0.06481682684092505,-0.39991199210509104,0
2021-03-15,112.725830078125,43.684627532958984,-1.0932434358063006,-0.6432404129967911,0
2021-03-16,113.5562515258789,43.84728240966797,-0.5520810269983514,-0.43547797647666725,0
2021-03-17,113.22576141357422,43.86439895629883,-0.913010532997788,-0.49452198232024186,0
2021-03-18,112.30213165283203,43.290836334228516,-0.8166390727976989,-0.4118319347084015,0
2021-03-19,113.97146606445312,43.49629592895508,0.48731407196373766,0.11544634944830029,0
2021-03-22,116.76777648925781,43.658939361572266,2.994385809545463,1.2545042044303925,0
2021-03-23,118.17445373535156,43.99280548095703,3.807328672853771,1.8016245442136067,0
2021-03-24,117.62360382080078,44.10409927368164,3.058558252164289,1.7017358737790313,0
2021-03-25,118.3184814453125,44.53213119506836,2.992240733169595,1.826724488983081,0
2021-03-26,120.9198989868164,45.40530776977539,4.040835377873606,2.192557763363981,-1
2021-03-29,122.70787048339844,46.09871292114258,4.5956824102964475,2.1869541051593,-1
2021-03-30,120.78429412841797,45.499481201171875,3.7377561909388817,1.6510847052136135,0
2021-03-31,119.86070251464844,45.12281036376953,3.484021187868507,1.4499831134659311,0
2021-04-01,119.7166519165039,44.95159912109375,3.6444459335634747,1.4302930486302499,0
2021-04-05,121.3096923828125,45.20842361450195,4.78075981629749,1.7404988473618597,0
2021-04-06,121.74188232421875,45.53371047973633,4.63447238325783,1.5473370564047741,0
2021-04-07,121.52153015136719,45.61075973510742,4.27709884338006,1.3081530801257575,0
2021-04-08,120.78429412841797,45.473785400390625,3.7834525929731626,1.047870464947399,0
2021-04-09,120.80972290039062,45.5251579284668,3.7175224804155818,0.960139284187059,0
2021-04-12,121.19105529785156,45.67068099975586,3.840062368255971,0.9424501713693895,0
2021-04-13,121.21651458740234,45.44810485839844,4.261342318361159,1.0353051375393132,0
2021-04-14,120.41996002197266,45.439552307128906,3.4799972739173484,0.6791631102009995,0
2021-04-15,120.58943176269531,45.653564453125,3.2688782267944703,0.5458919476786592,0
2021-04-16,122.15707397460938,45.953182220458984,4.303691978943249,0.9333969757954762,0
2021-04-19,122.65699768066406,46.22712326049805,4.316449707728609,0.8781054025383646,0
2021-04-20,123.4704818725586,46.372642517089844,4.871148173910271,1.0796767247884382,0
2021-04-21,124.54666137695312,46.74932098388672,5.277457499790316,1.201768604727616,0
2021-04-22,123.77554321289062,46.603782653808594,4.76515898097901,0.8997749752824117,0
2021-04-23,123.57218933105469,46.62947082519531,4.516122264924121,0.7226883545633734,0
2021-04-26,121.47914123535156,45.93606185913086,3.6562054172878504,0.22554896383620218,0
2021-04-27,121.08088684082031,45.86758804321289,3.379722165350941,-0.00603116577222735,0
2021-04-28,120.18269348144531,45.87614059448242,2.466319284990064,-0.688985224522287,0
2021-04-29,121.97063446044922,46.4496955871582,3.2342726108670234,-0.3195050181593629,0
2021-04-30,122.15707397460938,46.209999084472656,3.846978963184,0.06964580969519979,0
2021-05-03,123.53828430175781,46.638023376464844,4.467007714641369,0.8286574312104286,0
2021-05-04,121.98759460449219,46.34696578979492,3.433923388339821,-0.7678363813073975,0
2021-05-05,121.9282455444336,46.22712326049805,3.58769757149814,-0.5169975711300586,0
2021-05-06,123.34336853027344,46.68938446044922,4.1807534103497375,0.34769162244821694,0
2021-05-07,123.34336853027344,46.66371536254883,4.226402325030378,0.36988066663416913,0
2021-05-10,124.32634735107422,47.006126403808594,4.600450809875156,0.9418426210085826,0
2021-05-11,123.41962432861328,46.501060485839844,4.5919171623161645,0.9283543488211135,0
2021-05-12,122.21638488769531,46.2613639831543,3.8149445595550304,-0.3399448204238164,0
2021-05-13,124.02974700927734,46.66371536254883,4.912780804034284,1.3446076838083834,0
2021-05-14,124.21615600585938,46.852046966552734,4.764268279174402,1.036047394379484,0
2021-05-17,123.86029815673828,46.774993896484375,4.545438580987167,0.7107604603260056,0
2021-05-18,123.3010025024414,46.51818084716797,4.4428491585418755,0.561198340086686,0
2021-05-19,123.23323059082031,46.372642517089844,4.63389689217199,0.8402225277772296,0
2021-05-20,124.75846099853516,46.78355407714844,5.428378333982835,1.8934935317120134,0
2021-05-21,124.6483154296875,46.75787353515625,5.363902031538814,1.64337734502555,0
2021-05-24,125.28386688232422,46.91196823120117,5.7254175340307825,1.9373579633586864,0
2021-05-25,125.6651840209961,46.90340805053711,6.1219577615038645,2.1748497418968755,-1
2021-05-26,125.6651840209961,47.108856201171875,5.756596846367202,1.5920416842132525,0
2021-05-27,124.14838409423828,47.50264358520508,3.539500915215484,-1.067388654583065,0
2021-05-28,125.36014556884766,47.33143997192383,5.055724165849028,0.7220735306093777,0
2021-06-01,125.09745025634766,47.32288360595703,4.8082451582425705,0.40609322377670376,0
2021-06-02,125.59739685058594,47.51120376586914,4.973290582761933,0.5972029898532009,0
2021-06-03,126.0455093383789,47.631046295166016,5.208279827337975,0.8814029315442663,0
2021-06-04,126.19060516357422,48.14468765258789,4.4399360531994745,-0.020894414093215314,0
2021-06-07,126.1137924194336,47.973480224609375,4.667591868990684,0.24460058620459083,0
2021-06-08,124.93587493896484,47.639625549316406,4.083388419584381,-0.4750932701191177,0
2021-06-09,124.7054443359375,47.49407958984375,4.111791029623575,-0.48368603510021324,0
2021-06-10,125.98577880859375,47.86219024658203,4.737491980381876,0.22694032733982036,0
2021-06-11,126.06258392333984,48.07619857788086,4.4337130911901,-0.27665269271717785,0
2021-06-14,126.8137435913086,47.912330627441406,5.476289080742404,1.2137754746248701,0
2021-06-15,126.82223510742188,47.79158020019531,5.699518410096971,1.4350715024539862,0
2021-06-16,125.5589599609375,47.153324127197266,5.571292774652775,1.1915380142923269,0
2021-06-17,126.77105712890625,47.39482498168945,6.353914316138955,2.1698623626456044,-1
2021-06-18,124.12499237060547,46.377071380615234,5.517782555157581,0.8813926813874043,0
2021-06-21,125.09809112548828,46.88594436645508,5.5859215952883545,0.9185021967365462,0
2021-06-22,125.28584289550781,47.05843734741211,5.466918628492806,0.6971012129757793,0
2021-06-23,123.63846588134766,46.67893600463867,4.494431884519557,-0.7304983464928864,0
2021-06-24,124.3384017944336,46.91181564331055,4.78022380244677,-0.37733705513437016,0
2021-06-25,124.97004699707031,46.8514518737793,5.5192175599811435,0.7314934499201413,0
2021-06-28,125.50775146484375,46.79969787597656,6.14895930305137,1.5616653069533701,0
2021-06-29,125.42240905761719,46.454689025878906,6.677167072900957,2.07995533632745,-1
2021-06-30,126.47228240966797,46.67032241821289,7.343566476348386,2.5516975068770344,-1
2021-07-01,126.49788665771484,46.54094314575195,7.5992537367757365,2.4561143565551404,-1
2021-07-02,127.10391998291016,46.730690002441406,7.8678487107852675,2.377958576150521,-1
2021-07-06,127.2917251586914,46.47193908691406,8.515806343512125,2.5498366194861983,-1
2021-07-07,127.8550796508789,46.8514518737793,8.404250213789737,2.1697253720982834,-1
2021-07-08,127.9148178100586,46.687564849853516,8.755438614091304,2.1723926276465417,-1
2021-07-09,127.5904541015625,46.97219467163086,7.9249004190473755,1.466610145769777,0
2021-07-12,127.61607360839844,46.989444732666016,7.919843095420262,1.376101796576617,0
2021-07-13,130.5608367919922,47.455204010009766,10.036318288696577,2.4396992597066576,-1
2021-07-14,131.90948486328125,48.524715423583984,9.482989303461778,1.8898998720120417,0
2021-07-15,132.51553344726562,48.679954528808594,9.812966765001775,1.8785708547743583,0
2021-07-16,133.00205993652344,48.64546203613281,10.360833347370345,1.9551896879854296,0
2021-07-19,132.9849853515625,48.06758499145508,11.371432582921273,2.1965262495741706,-1
2021-07-20,133.00205993652344,48.153831481933594,11.235129799474677,1.924103297514469,0
2021-07-21,132.50701904296875,48.77483367919922,9.635723009250512,1.117577611482658,0
2021-07-22,132.46432495117188,48.705833435058594,9.715736239305798,1.0866134227442454,0
2021-07-23,134.1629180908203,49.17159652709961,10.586034604729136,1.396194603975414,0
2021-07-26,134.0690155029297,49.2147216796875,10.415439940680912,1.2387549389742865,0
2021-07-27,134.8115997314453,49.3872184753418,10.851262648473792,1.3458906252012426,0
2021-07-28,133.57394409179688,48.938716888427734,10.411204600864423,1.065621338896742,0
2021-07-29,133.84707641601562,49.206092834472656,10.20884605290604,0.9085012762235605,0
2021-07-30,133.9665985107422,49.18883514404297,10.359058545910969,0.9167469459308627,0
2021-08-02,133.4288330078125,49.05946350097656,10.051362487546427,0.7169570223425664,0
2021-08-03,133.72760009765625,49.09396743774414,10.288769132556425,0.7785838610325362,0
2021-08-04,131.49122619628906,48.38671112060547,9.310152064081578,0.233087158708145,0
2021-08-05,131.7132110595703,48.73170471191406,8.918613885917338,-0.0578217502301073,0
2021-08-06,131.73023986816406,48.85246658325195,8.720884529546808,-0.2844248087131402,0
2021-08-09,131.747314453125,48.86109161376953,8.722620699276234,-0.39703458350938514,0
2021-08-10,131.81558227539062,48.99046325683594,8.560819076976713,-0.6376754350233881,0
2021-08-11,132.33627319335938,48.930084228515625,9.188885685473778,-0.20804084771158315,0
2021-08-12,132.36190795898438,49.02496337890625,9.045791099644376,-0.4141987825368663,0
2021-08-13,133.5995330810547,49.36133575439453,9.68522481159306,0.14311421653441508,0
2021-08-16,134.90550231933594,49.57695770263672,10.607740452993966,1.031048806155361,0
2021-08-17,134.77745056152344,49.40446472167969,10.786443431996545,1.142817433932531,0
2021-08-18,133.39468383789062,48.73170471191406,10.60008666423765,0.8855742717834094,0
2021-08-19,135.63954162597656,49.04221725463867,12.292741152265862,2.3755559093600738,-1
2021-08-20,135.16156005859375,48.85246658325195,12.152204719976496,2.076496498659979,-1
2021-08-23,134.73477172851562,48.679954528808594,12.032205046251775,1.8586128884757727,0
2021-08-24,133.06179809570312,48.3090934753418,11.018756132763997,0.7989505097800954,0
2021-08-25,132.47280883789062,48.36082458496094,10.337770303100697,0.09518433342370225,0
2021-08-26,131.98631286621094,47.90370559692383,10.664196770876273,0.394200114497279,0
2021-08-27,132.25086975097656,47.99858474731445,10.760024304187496,0.4751179662332694,0
2021-08-30,133.15567016601562,48.45570755004883,10.851895495863644,0.5931489479513028,0
2021-08-31,133.4885711669922,48.567840576171875,10.985383531015117,0.7426060239279502,0
2021-09-01,134.78599548339844,48.895591735839844,11.699948068623584,1.3651484312168127,0
2021-09-02,134.88485717773438,48.96458435058594,11.67611600892269,1.2487079168085877,0
2021-09-03,135.00515747070312,48.930084228515625,11.857769962817528,1.3400150873322532,0
2021-09-07,132.80502319335938,48.01581954956055,11.283528051737932,0.7636923973188121,0
2021-09-08,134.6871795654297,48.66271209716797,12.015276145813559,1.3652036587376717,0
2021-09-09,133.83636474609375,48.17970657348633,12.023419363350428,1.2846317073190356,0
2021-09-10,133.60430908203125,47.96408462524414,12.174817296168271,1.3191532089195732,0
2021-09-13,133.8621063232422,48.36082458496094,11.72706778845226,0.8879759065469564,0
2021-09-14,133.33787536621094,48.39559555053711,11.141001513050682,0.36699978451233384,0
2021-09-15,134.0855712890625,48.560699462890625,11.595083128235089,0.7072023715048991,0
2021-09-16,133.69021606445312,48.10012435913086,12.018796563425852,0.9938801386728212,0
2021-09-17,132.4612579345703,47.30931854248047,12.196176412123464,1.0806628048473577,0
2021-09-20,132.01438903808594,46.97909927368164,12.336556482696395,1.1505052772943045,0
2021-09-21,131.95423889160156,46.97040557861328,12.291866861781514,1.0716093032011413,0
2021-09-22,132.358154296875,47.03992462158203,12.5721523337603,1.3394233085894076,0
2021-09-23,132.4612579345703,46.96171569824219,12.814339646412094,1.5562738107319531,0
2021-09-24,132.52142333984375,46.831356048583984,13.106331528336028,1.8871243025215292,0
2021-09-27,131.24949645996094,46.58803939819336,12.267109414984532,0.820502038168179,0
2021-09-28,129.8142547607422,45.745094299316406,12.330928144317198,0.8501289944005792,0
2021-09-29,130.88853454589844,46.02317428588867,12.910681412387135,1.5385839488396058,0
2021-09-30,129.2642364501953,45.597354888916016,12.04364379374448,0.29489553408875474,0
2021-10-01,129.72836303710938,46.0753173828125,11.657780669719415,-0.23286940065003023,0
2021-10-04,129.08377075195312,46.04924392700195,11.059556393456333,-1.033123605914656,0
2021-10-05,129.8486785888672,46.12746047973633,11.68536698759857,-0.12148959906279055,0
2021-10-06,133.1746368408203,46.67494201660156,14.037705595317902,2.7216297361426114,-1
2021-10-07,134.403564453125,46.82266616821289,15.003926383279108,3.1990224825175413,-1
2021-10-08,134.09413146972656,47.03123092651367,14.323590032181357,2.2098447397046947,-1
2021-10-11,134.27464294433594,47.126827239990234,14.334096780695234,2.0143789516037467,-1
2021-10-12,134.86761474609375,47.126827239990234,14.927068582453046,2.295941840445634,-1
2021-10-13,135.7786407470703,47.13552474975586,15.822627273952449,2.646775256887563,-1
2021-10-14,136.87005615234375,47.45706558227539,16.342227102107415,2.5899072801043603,-1
2021-10-15,136.48333740234375,47.34408187866211,16.156434129341903,2.16621186638371,-1
2021-10-18,135.8645477294922,46.874813079833984,16.372173641859973,2.052721186086675,-1
2021-10-19,137.5919952392578,47.05730438232422,17.77508579281944,2.5005012202690535,-1
2021-10-20,138.63185119628906,47.47443389892578,18.073135014452063,2.315132106621755,-1
2021-10-21,136.80128479003906,47.231117248535156,16.67527337473338,1.4906343613686195,0
2021-10-22,137.48025512695312,47.3180046081543,17.19972664675211,1.5990240869404841,0
2021-10-25,136.835693359375,47.126827239990234,16.895147195734296,1.3533330277287567,0
2021-10-26,138.5115966796875,47.33539962768555,18.200133580532153,1.7864584908224097,0
2021-10-27,138.03030395507812,48.24786376953125,16.096150494076696,0.7976311975484502,0
2021-10-28,138.8983154296875,48.69974899291992,16.160547050547777,0.7712017659335666,0
2021-10-29,138.88111877441406,48.98652267456055,15.633363352618531,0.4880481861075617,0
2021-11-01,138.58892822265625,48.81272506713867,15.650247634097369,0.4520267061610793,0
2021-11-02,139.86080932617188,48.75189208984375,17.030311713153495,1.0253489404614007,0
2021-11-03,141.20150756835938,48.91701126098633,18.07736851204318,1.406473179277938,0
2021-11-04,141.21006774902344,49.186405181884766,17.606849133375093,1.1121119832969844,0
2021-11-05,142.66249084472656,49.39495849609375,18.6883892131019,1.4857908720182493,0
2021-11-08,139.5944061279297,48.95176696777344,16.408458888873824,0.41716697897860794,0
2021-11-09,140.52255249023438,49.0908088684082,17.089338600681515,0.6797531393509818,0
2021-11-10,140.9780731201172,49.29068374633789,17.18940960452686,0.6751852807061711,0
2021-11-11,139.81788635253906,49.30806350708008,15.99831535362506,0.03089894970511662,0
2021-11-12,139.78347778320312,49.19510269165039,16.16479185807762,0.043394507459999836,0
2021-11-15,140.7718048095703,49.20378112792969,17.137685494505973,0.5761470140528584,0
2021-11-16,140.3507080078125,48.856170654296875,17.33476549485212,0.7160488927260875,0
2021-11-17,140.40228271484375,48.5867805480957,17.865412977307855,1.116835543779115,0
2021-11-18,140.44520568847656,48.15227127075195,18.681050169662953,1.7030017902008265,0
2021-11-19,140.78041076660156,47.90894317626953,19.448980366042264,2.203414534449936,-1
2021-11-22,141.07257080078125,48.204402923583984,19.215706399811978,1.911585512067817,0
2021-11-23,142.01792907714844,48.560699462890625,19.527440916321027,2.0303690816231863,-1
2021-11-24,140.72023010253906,48.16965103149414,18.925167100401794,1.3980876384045822,0
2021-11-26,138.48574829101562,46.69231033325195,19.31792991391255,1.5976440514633572,0
2021-11-29,141.06402587890625,47.430992126464844,20.582564837563083,2.3270630981894027,-1
2021-11-30,137.31700134277344,45.93343734741211,19.49873285318354,1.3823812840750513,0
2021-12-01,137.6435546875,45.80207824707031,20.05889005836893,1.6605466576484826,0
2021-12-02,138.97166442871094,46.476402282714844,20.18780844156312,1.6222284659644095,0
2021-12-03,142.51040649414062,46.88801574707031,22.994553302078373,2.8830049558323267,-1
2021-12-06,143.9899444580078,48.08779525756836,22.340450546555175,2.1962905815378257,-1
2021-12-07,143.8255615234375,48.35052490234375,21.708839539344225,1.6969900959965318,0
2021-12-08,144.07647705078125,48.166622161865234,22.286800471330324,1.8059058637040195,0
2021-12-09,143.89476013183594,48.04401779174805,22.32311834475169,1.6752843864385254,0
2021-12-10,146.19622802734375,49.287593841552734,22.413059476962403,1.585775887611002,0
2021-12-13,146.9230194091797,50.583702087402344,20.834902903040714,0.8155498145434916,0
2021-12-14,146.5596160888672,50.61874008178711,20.40918939082131,0.5664717202836289,0
2021-12-15,148.44581604003906,50.8464469909668,21.890444325628778,1.2019287437589334,0
2021-12-16,148.6621551513672,51.363136291503906,21.187923495398408,0.8082390576993065,0
2021-12-17,145.6165313720703,50.557437896728516,19.57512207020777,-0.0005150233628352671,0
2021-12-20,146.58558654785156,50.391048431396484,20.84007773053942,0.5817052640824016,0
2021-12-21,146.1529998779297,50.59246063232422,20.0493075197909,0.14312160976974012,0
2021-12-22,147.06149291992188,50.95152282714844,20.319258468867517,0.23379709855151018,0
2021-12-23,146.8970947265625,50.98655319213867,20.09256365141657,0.06521426090607102,0
2021-12-27,148.3592987060547,51.363136291503906,20.885067050085908,0.44902049771440783,0
2021-12-28,149.12936401367188,51.56455612182617,21.29693524906112,0.6594011993376687,0
2021-12-29,149.65713500976562,51.6258659362793,21.715675281156194,0.8993547002399492,0
2021-12-30,149.39755249023438,51.47697830200195,21.720868677806394,0.8690420700067751,0
2021-12-31,150.29734802246094,51.853553771972656,21.950977197025423,1.0109997503958663,0
2022-01-03,149.66580200195312,51.932376861572266,21.179255292427,0.3121477439312709,0
2022-01-04,149.882080078125,52.799373626708984,19.85370040221693,-0.8822349175161596,0
2022-01-05,150.39254760742188,53.23725128173828,19.585463522322982,-1.1504513407008155,0
2022-01-06,150.42718505859375,52.95701217651367,20.118467182319762,-0.6963740381170331,0
2022-01-07,150.61752319335938,52.834407806396484,20.52684010945208,-0.3903182632064064,0
2022-01-10,150.6953887939453,52.92197036743164,20.448987893485906,-0.524957585739553,0
2022-01-11,150.62615966796875,52.939491271972656,20.348600279602067,-0.6170453573751641,0
2022-01-12,150.46176147460938,53.018314361572266,20.044026202152054,-0.9683780311052016,0
2022-01-13,150.7040252685547,53.333587646484375,19.72562037927321,-1.271777474138015,0
2022-01-14,151.96726989746094,53.76271057128906,20.225729667080714,-0.7593604210920685,0
2022-01-18,150.51368713378906,53.333587646484375,19.535282244507584,-1.4177040524157944,0
2022-01-19,151.59521484375,53.42115783691406,20.46107857010105,-0.36657992436454934,0
2022-01-20,150.49639892578125,53.20222473144531,19.75160468086625,-1.0933149348039133,0
2022-01-21,150.73863220214844,52.939491271972656,20.461072813781755,-0.23689302137074744,0
2022-01-24,149.96859741210938,52.5103759765625,20.45415979702608,-0.18401855560072916,0
2022-01-25,148.24681091308594,52.38777160644531,18.950408090369308,-2.034872792569296,1
2022-01-26,146.68077087402344,52.195098876953125,17.727009659671978,-2.9412792752900825,1
2022-01-27,146.54232788085938,52.238895416259766,17.5106806226012,-2.658547695991302,1
2022-01-28,149.39755249023438,53.28104019165039,18.512595929044096,-1.585082971537602,0
2022-01-31,150.1330108642578,53.42991256713867,18.98330552251673,-1.0607516150214857,0
2022-02-01,149.11204528808594,53.03582763671875,18.66316509553667,-1.3018898217553958,0
2022-02-02,151.82017517089844,53.57879638671875,20.40570069688357,0.33277278113711795,0
2022-02-03,151.73367309570312,53.955379486083984,19.64949804086541,-0.3615940778968695,0
2022-02-04,149.24180603027344,53.38612365722656,18.16997316462374,-1.5997232779204722,0
2022-02-07,148.65350341796875,53.94662094116211,16.584904215130848,-2.549329167925999,1
2022-02-08,148.83514404296875,54.29691696166992,16.14359216703042,-2.4776940945028736,1
2022-02-09,148.7659454345703,53.45619583129883,17.56949896901449,-1.3779925396685413,0
2022-02-10,145.67710876464844,53.75395202636719,13.951144386268027,-3.1144372047873956,1
2022-02-11,145.8588104248047,52.799373626708984,15.830430748896617,-1.8531285350569096,0
2022-02-14,144.23216247558594,53.14091491699219,13.59639919466963,-2.6776386270681565,1
2022-02-15,143.5919189453125,53.342350006103516,12.59793142012353,-2.6901127137011285,1
2022-02-16,143.8861083984375,53.333587646484375,12.907703509156022,-2.2314802685531245,1
2022-02-17,144.27548217773438,54.402008056640625,11.397040429521326,-2.444533061441892,1
2022-02-18,145.10604858398438,54.76982116699219,11.573502458671271,-2.108696197908492,1
2022-02-22,145.65980529785156,54.542137145996094,12.532163485456863,-1.634522757985195,0
2022-02-23,144.2235565185547,53.937862396240234,12.170533167716599,-1.6114597149352174,0
2022-02-24,141.71438598632812,52.992034912109375,11.343385053777922,-1.7148287621840426,0
2022-02-25,145.6857452392578,55.04130172729492,11.670408757119588,-1.491270115383264,0
2022-02-28,141.671142578125,54.50709915161133,8.605810957637232,-2.1377201242822643,1
2022-03-01,140.3992462158203,54.27064895629883,7.754408328066091,-2.117468901145667,1
2022-03-02,142.34600830078125,54.67348861694336,8.984776195743052,-1.6466685625394664,0
2022-03-03,142.19363403320312,54.708518981933594,8.770105304073354,-1.574782453825968,0
2022-03-04,144.35345458984375,54.79610061645508,10.774174124623556,-1.0083214257848787,0
2022-03-07,141.4794158935547,53.49123001098633,10.220666019999612,-1.0782152789067425,0
2022-03-08,137.49066162109375,51.371891021728516,10.000860897032823,-1.0690374963189115,0
2022-03-09,137.0813751220703,51.63461685180664,9.124353109276399,-1.2138641534688916,0
2022-03-10,134.56442260742188,50.68880081176758,8.289402661192838,-1.331018296162079,0
2022-03-11,133.88507080078125,50.72383499145508,7.547747446552975,-1.4113952235292402,0
2022-03-14,135.76629638671875,51.659236907958984,7.765491033852186,-1.2713599574189545,0
2022-03-15,138.47479248046875,52.61229705810547,8.779102420380696,-0.956244915931993,0
2022-03-16,139.08447265625,52.47109603881836,9.639888938397576,-0.6805985420976782,0
2022-03-17,140.1643829345703,53.02704620361328,9.731119297466847,-0.6131924690579499,0
2022-03-18,141.7755584716797,53.03586959838867,11.32660365614612,-0.06150992759365358,0
2022-03-21,141.5752410888672,53.45945358276367,10.373001166165068,-0.3207378531575934,0
2022-03-22,143.12545776367188,53.653594970703125,11.577964428153393,0.193328936901915,0
2022-03-23,142.3765106201172,53.30061721801758,11.456739044787923,0.22312471931854136,0
2022-03-24,143.23870849609375,53.81243896484375,11.408733245387111,0.3408332164969711,0
2022-03-25,143.90931701660156,54.297794342041016,11.216204841900208,0.3042638976021832,0
2022-03-28,144.33604431152344,54.6419563293457,11.030887987247638,0.33804520162753293,0
2022-03-29,146.47850036621094,54.85374069213867,12.796715056166192,1.4637296554374486,0
2022-03-30,146.27816772460938,54.89786911010742,12.517906170691049,1.2947444771708778,0
2022-03-31,145.7730712890625,54.71255111694336,12.342371969530404,1.2173950416885813,0
2022-04-01,147.8458251953125,55.48029327392578,13.049803402945116,1.5688284785341953,0
2022-04-04,147.46261596679688,55.18907928466797,13.184477685607845,1.5589612678702696,0
2022-04-05,147.61935424804688,55.12731170654297,13.45106099977636,1.6539975942467635,0
2022-04-06,150.13629150390625,55.68326187133789,14.979318336384722,2.271028146561631,-1
2022-04-07,150.2756805419922,55.9832878112793,14.585153036585154,1.8806287261292007,0
2022-04-08,150.78077697753906,56.327449798583984,14.478205322557642,1.694222745766675,0
2022-04-11,150.31918334960938,56.30979919433594,14.04800083539584,1.3865792533685695,0
2022-04-12,150.92886352539062,56.971641540527344,13.480686599041604,1.0603684682788999,0
2022-04-13,150.6675567626953,57.121681213378906,12.952555180049899,0.7566869606413195,0
2022-04-14,149.70957946777344,57.37757873535156,11.539499791116157,0.04106721515895706,0
2022-04-18,148.42059326171875,56.86575698852539,11.160717260438872,-0.15093750696251013,0
2022-04-19,150.5804443359375,57.42170333862305,12.33189519931426,0.39044336433359483,0
2022-04-20,152.8187255859375,58.20709228515625,13.173471619618738,0.7528205691682099,0
2022-04-21,152.27005004882812,58.42771530151367,12.232448782679626,0.2450015695707068,0
2022-04-22,149.92727661132812,57.580543518066406,11.39625234342435,-0.2439678703649289,0
2022-04-25,151.31204223632812,58.1894416809082,11.698177410777248,-0.17359438271142208,0
2022-04-26,150.92886352539062,57.404056549072266,12.711696745627648,0.3750346991890644,0
2022-04-27,152.2787322998047,57.8541145324707,13.261200093675143,0.7073957785332882,0
2022-04-28,154.586669921875,58.41006851196289,14.580451012586764,1.6028633943422639,0
2022-04-29,149.54408264160156,57.015777587890625,12.017415903563602,-0.4342842607413494,0
2022-05-02,146.10397338867188,55.9832878112793,10.413445883264842,-1.6706682615485502,0
2022-05-03,146.3042449951172,55.66561508178711,11.178654184455922,-1.1186370613215628,0
2022-05-04,151.41656494140625,57.38640213012695,13.230794086318838,0.5235971742372255,0
2022-05-05,148.39451599121094,56.92752456665039,11.024794957012546,-1.2691952649865537,0
2022-05-06,148.41188049316406,57.1304931640625,10.681208083811498,-1.4919613493901278,0
2022-05-09,149.53536987304688,57.015777587890625,12.008703135008915,-0.4655385771875643,0
2022-05-10,149.3524627685547,56.486297607421875,12.767402414477374,0.10392863769141136,0
2022-05-11,148.629638671875,56.75102996826172,11.573788693632707,-0.8445002768743654,0
2022-05-12,148.40318298339844,56.92752456665039,11.033461949200046,-1.2145846570586871,0
2022-05-13,151.2946014404297,57.995304107666016,12.025983243787522,-0.41137818262281733,0
2022-05-16,152.8187255859375,58.20709228515625,13.173471619618738,0.4999113392558124,0
2022-05-17,151.93910217285156,58.048240661621094,12.576343689536316,0.040648916117351,0
2022-05-18,142.5245361328125,54.0065803527832,10.3493074692895,-1.5970308146964773,0
2022-05-19,140.3908233642578,52.947628021240234,10.098793900840775,-1.6986813922903239,0
2022-05-20,141.2704620361328,53.81243896484375,9.440486785426174,-2.0456314418285197,1
2022-05-23,144.2228240966797,55.47146224975586,9.442507050557765,-1.9057601994146711,0
2022-05-24,146.15625,56.495121002197266,9.555498467492555,-1.6969100266785442,0
2022-05-25,147.15777587890625,56.539241790771484,10.478561670340554,-0.9277771270281808,0
2022-05-26,148.1506805419922,56.74220275878906,11.110528526087677,-0.39397505637095553,0
2022-05-27,149.5963592529297,57.077545166015625,11.959847481973213,0.2660357259699854,0
2022-05-31,146.09530639648438,55.93035125732422,10.498919177750423,-0.860530804334429,0
2022-06-01,144.99794006347656,55.65678405761719,9.88805399906073,-1.2454709721816535,0
2022-06-02,146.17308044433594,56.239200592041016,10.027447709286378,-1.0680402241490339,0
2022-06-03,144.56822204589844,55.56853485107422,9.615274901414494,-1.2877937141601774,0
2022-06-06,145.17332458496094,55.48029327392578,10.377302792593554,-0.6833083635524837,0
2022-06-07,146.06784057617188,55.81562042236328,10.675486164383187,-0.4346843708956051,0
2022-06-08,145.3399658203125,55.4979362487793,10.512568454992532,-0.5098361795747718,0
2022-06-09,142.7528839111328,54.53606033325195,9.636048863649137,-1.1079666415209817,0
2022-06-10,142.52488708496094,54.191898345947266,10.020096187051706,-0.7983328484007055,0
2022-06-13,140.08692932128906,54.130130767822266,7.691983456298345,-2.47512953568268,1
2022-06-14,136.91229248046875,52.645774841308594,7.157066846708943,-2.490511773613929,1
2022-06-15,138.37680053710938,53.03685760498047,7.926088689490427,-1.7643193552727563,0
2022-06-16,137.71034240722656,52.50355529785156,8.208034419049056,-1.4919826497408408,0
2022-06-17,137.73663330078125,52.82353973388672,7.665277569812758,-1.698649666987869,0
2022-06-21,140.93760681152344,53.95235824584961,8.858804611556764,-0.8705788336077993,0
2022-06-22,142.09518432617188,54.352333068847656,9.30508262357796,-0.5356612354258758,0
2022-06-23,143.91049194335938,55.00118637084961,9.966495034230718,-0.042904275276689566,0
2022-06-24,145.69076538085938,56.03224563598633,9.913173204474333,-0.04237142117023206,0
2022-06-27,145.88368225097656,55.916683197021484,10.31160177340783,0.2595067931122775,0
2022-06-28,143.8315887451172,55.35672378540039,9.25531807375583,-0.4465277009319854,0
2022-06-29,146.21694946289062,55.75670623779297,10.929365721086697,0.947450662213484,0
2022-06-30,146.15557861328125,55.916683197021484,10.583498135712517,0.7874790416107051,0
2022-07-01,148.54966735839844,57.223270416259766,10.654003530715158,0.8365854211180245,0
2022-07-05,148.21636962890625,56.24555969238281,12.059428119778431,1.9101304865383564,0
2022-07-06,149.698486328125,56.36110305786133,13.336067039719183,2.530056283519859,-1
2022-07-07,149.4003448486328,55.916683197021484,13.82826437106408,2.4700959504026145,-1
2022-07-08,150.7333221435547,56.12111282348633,14.797692054195949,2.6088104962346694,-1
2022-07-11,149.4967803955078,55.9433479309082,13.877280403357759,1.8853360270559554,0
2022-07-12,148.6461181640625,55.703369140625,13.453387019236516,1.5503248915610646,0
2022-07-13,149.1723175048828,55.44560623168945,14.437981784917099,1.9001161755957456,0
2022-07-14,149.9440460205078,55.26783752441406,15.525847181658463,2.1448309971189836,-1
2022-07-15,150.06680297851562,55.55226135253906,15.142795984132363,1.7898495489251385,0
2022-07-18,147.55868530273438,54.796756744384766,13.978238005395724,1.2175074801048331,0
2022-07-19,149.13723754882812,55.57892608642578,14.16581103986357,1.2064842813435903,0
2022-07-20,147.55868530273438,54.66342544555664,14.215349146117575,1.1491038463174688,0
2022-07-21,147.77792358398438,54.53900146484375,14.655858143690665,1.2353400484858374,0
2022-07-22,148.7425994873047,54.74342346191406,15.256998003036301,1.3592677239455289,0
2022-07-25,148.95306396484375,55.2767219543457,14.51906540504163,1.018020969580733,0
2022-07-26,150.68946838378906,56.18333053588867,14.643192760407288,0.9959821535767734,0
2022-07-27,150.47897338867188,56.00558090209961,14.748800726868126,0.9733934542293405,0
2022-07-28,153.3291473388672,56.9388427734375,15.939298450625472,1.344933709906621,0
2022-07-29,153.4343719482422,57.03662109375,15.870637938720364,1.2501464358088847,0
2022-08-01,155.17953491210938,57.34770584106445,17.062580016379997,1.6142075395477054,0
2022-08-02,153.89915466308594,56.5655403137207,17.173172195074812,1.5910137501042676,0
2022-08-03,155.07432556152344,56.814414978027344,17.90575417351249,1.7719442118278121,0
2022-08-04,154.232421875,56.59221267700195,17.459006324592224,1.5015045470629755,0
2022-08-05,153.07481384277344,56.334442138671875,16.75980728504129,1.1443478023621756,0
2022-08-08,152.46096801757812,55.97002029418945,16.79403494303145,1.1019774295217435,0
2022-08-09,153.0309600830078,56.04113006591797,17.23756818567,1.2348668447381583,0
2022-08-10,154.29380798339844,56.574432373046875,17.552012226619212,1.3609092701425538,0
2022-08-11,153.50450134277344,56.192230224609375,17.442398862808233,1.250990231790908,0
2022-08-12,155.51278686523438,56.61886978149414,18.691965368060636,1.8355616274194415,0
2022-08-15,157.22288513183594,57.329933166503906,19.13753646191975,2.022133301718047,-1
2022-08-16,158.13491821289062,57.8010139465332,19.21181800146377,1.939903061380964,0
2022-08-17,158.0472412109375,57.66769027709961,19.361238572417165,1.857803867877315,0
2022-08-18,158.205078125,57.96990203857422,18.98163396950187,1.5261548332680868,0
2022-08-19,158.0033721923828,57.92545700073242,18.858967345094527,1.352971847366778,0
2022-08-22,156.4949951171875,57.06328201293945,18.883848376992034,1.2792682732261413,0
2022-08-23,156.42481994628906,57.1254997253418,18.70302767207056,1.118438551171614,0
2022-08-24,157.20535278320312,57.20550537109375,19.341281613517708,1.3713711425211454,0
2022-08-25,157.21412658691406,57.481040954589844,18.860053766555154,1.035935275343331,0
2022-08-26,153.50450134277344,56.094459533691406,17.61627041627301,0.32095354801683873,0
2022-08-29,153.02218627929688,55.75670623779297,17.734602537492947,0.3338921800800329,0
2022-08-30,151.70675659179688,55.241172790527344,17.335977267528847,0.04354291547464371,0
2022-08-31,151.07533264160156,54.85008239746094,17.400053099007977,0.01890566447303034,0
2022-09-01,152.6026611328125,55.107845306396484,18.468986165358643,0.6719365763752858,0
2022-09-02,150.66921997070312,54.352333068847656,17.87911826810921,0.21222318705651494,0
2022-09-06,149.65394592285156,54.378997802734375,16.816424705676354,-0.6686881737132389,0
2022-09-07,152.955810546875,55.383384704589844,18.33212714484,0.48218638056149377,0
2022-09-08,152.4437713623047,55.21450424194336,18.12041833652563,0.22743376423994627,0
2022-09-09,152.9293212890625,55.39226531982422,18.28984494998241,0.3453516982078488,0
2022-09-12,153.52969360351562,55.55226135253906,18.605686609132363,0.6540710900328398,0
2022-09-13,147.79991149902344,53.747928619384766,16.08465891084674,-2.211710614295668,1
2022-09-14,148.921142578125,54.032352447509766,16.70008183441439,-1.4627098055362209,0
2022-09-15,146.44912719726562,53.29820251464844,15.533649835488575,-2.383655306965488,1
2022-09-16,147.4114532470703,53.30714416503906,16.48007440572553,-1.3710883429427152,0
2022-09-19,148.9652862548828,53.71004867553711,17.317397869823765,-0.593809071392302,0
2022-09-20,149.13302612304688,53.62946701049805,17.628441003512194,-0.3238874829162995,0
2022-09-21,148.7092742919922,53.181800842285156,18.00080108871788,0.02190400699685394,0
2022-09-22,148.85052490234375,53.056461334228516,18.364950553232205,0.3611010340653908,0
2022-09-23,148.7798614501953,52.46554946899414,19.345141534088384,1.2543237700456913,0
2022-09-26,148.7180938720703,51.81196594238281,20.445681208003236,2.105233469754217,-1
2022-09-27,146.56390380859375,50.477943420410156,20.663864358570947,2.103252241636019,-1
2022-09-28,148.91232299804688,51.015140533447266,22.056953318856273,2.767729096177174,-1
2022-09-29,147.0936279296875,50.64805221557617,20.891073685140512,1.7875523955951775,0
2022-09-30,144.13601684570312,50.155635833740234,18.80915653823955,0.34200706186411817,0
2022-10-03,145.8929443359375,50.719688415527344,19.56299508934154,0.8428532345766389,0
2022-10-04,147.53504943847656,50.83606719970703,20.998136736823895,1.6954380661770025,0
2022-10-05,146.55506896972656,50.35261535644531,20.877908022143558,1.5052722626312292,0
2022-10-06,143.7299346923828,49.269264221191406,19.979362818333826,0.9173072021551182,0
2022-10-07,142.67930603027344,48.803707122802734,19.756662599435614,0.7529049631087215,0
2022-10-10,142.86471557617188,48.69626235961914,20.133147688638346,0.9244496619147808,0
2022-10-11,143.54452514648438,48.7768440246582,20.669653993426465,1.1692194293496043,0
2022-10-12,149.5479736328125,49.36775588989258,25.622248046749974,3.2020740137067887,-1
2022-10-13,154.156494140625,50.02133560180664,29.068468086430286,3.527189571283828,-1
2022-10-14,150.2542724609375,49.22450637817383,26.58329617552691,2.281757012366745,-1
2022-10-17,152.49673461914062,49.86018371582031,27.695294744271692,2.301667705448888,-1
2022-10-18,154.5538330078125,50.53166198730469,28.558262570045216,2.2474476931536183,-1
2022-10-19,153.0529022216797,50.10191345214844,27.821579685868258,1.8458406888797823,0
2022-10-20,151.37551879882812,49.31403350830078,27.545330984417745,1.6242653816797952,0
2022-10-21,152.78805541992188,50.10191345214844,27.556732884110446,1.499141943628218,0
2022-10-24,156.8668670654297,51.543373107910156,29.07210934008502,1.69802460505805,0
2022-10-25,157.38778686523438,52.778907775878906,27.395802853951324,1.230329522345081,0
2022-10-26,158.09410095214844,53.1728515625,27.40154279625719,1.1534538373353846,0
2022-10-27,157.9263458251953,53.29820251464844,27.010868463418262,1.0033976392130712,0
2022-10-28,160.88394165039062,54.39942932128906,28.010085823759397,1.1681715394033334,0
2022-10-31,160.31007385253906,53.584686279296875,28.885125025088797,1.293692438047975,0
2022-11-01,159.58609008789062,53.39667892456055,28.49548614973071,1.1281391393849989,0
2022-11-02,157.36129760742188,52.653568267822266,27.592212450301588,0.8492140759271551,0
2022-11-03,156.9551544189453,52.626705169677734,27.233841539604953,0.7061424934487476,0
2022-11-04,157.8380584716797,53.056461334228516,27.352484122568143,0.6845197522302254,0
2022-11-07,159.10055541992188,53.26239013671875,28.24876538330784,0.8641575289780652,0
2022-11-08,159.5419921875,53.36086654663086,28.515075574503072,0.8757339383884102,0
2022-11-09,157.63497924804688,52.61775207519531,27.929588199997255,0.6662830235042901,0
2022-11-10,160.4159698486328,54.506874084472656,27.35103847869729,0.4595052999813817,0
2022-11-11,157.19357299804688,54.900814056396484,23.428074267410835,-0.7374656229523544,0
2022-11-14,156.02818298339844,54.37257385253906,23.202085866731807,-0.8893085849882642,0
2022-11-15,156.43429565429688,54.283050537109375,23.76740328272237,-0.7665378932680132,0
2022-11-16,157.4407501220703,54.1845588684082,24.94901146250936,-0.444236151296906,0
2022-11-17,158.9415740966797,54.35466766357422,26.147320642594536,-0.1089028490608021,0
2022-11-18,160.08932495117188,54.739646911621094,26.610439535492276,-0.022275133965138794,0
2022-11-21,163.17054748535156,55.58125305175781,28.1949827927111,0.64514023210647,0
2022-11-22,163.18817138671875,55.8229866027832,27.782717249228142,0.3924354591650543,0
2022-11-23,163.4000701904297,56.07368087768555,27.548791208982834,0.2056756919419335,0
2022-11-25,162.54368591308594,56.12739562988281,26.596882727802267,-0.3670471276391195,0
2022-11-28,162.34947204589844,56.1363525390625,26.386740245416348,-0.501303807613485,0
2022-11-29,161.2017364501953,55.93937683105469,25.589298505924972,-0.9691696203374481,0
2022-11-30,163.77969360351562,57.3549919128418,25.649781444145276,-0.8692858199914129,0
2022-12-01,165.14781188964844,57.517295837402344,26.72926481083738,-0.13841225913109645,0
2022-12-02,164.9612579345703,58.02223205566406,25.64475213371793,-0.8042410622472941,0
2022-12-05,162.67811584472656,57.228763580322266,24.77268319000507,-1.2789072764892382,0
2022-12-06,161.3544464111328,57.20170593261719,23.497132013482144,-1.912679871299811,0
2022-12-07,161.84307861328125,57.29187774658203,23.825406206235357,-1.5699277790018784,0
2022-12-08,163.26443481445312,57.53532409667969,24.81382698801528,-0.9245411483266469,0
2022-12-09,162.6603546142578,56.93121337890625,25.28407354134694,-0.6126483717775006,0
2022-12-12,163.43321228027344,57.679595947265625,24.72603706592929,-0.8772652399484525,0
2022-12-13,163.34439086914062,57.697628021240234,24.60514812326204,-0.8915879515627153,0
2022-12-14,162.8913116455078,57.697628021240234,24.152068899629228,-1.096607348907628,0
2022-12-15,160.1284942626953,56.9041633605957,22.800317879039937,-1.757688551799664,0
2022-12-16,160.2084503173828,56.579566955566406,23.457523420885934,-1.2742458019143086,0
2022-12-19,161.0968017578125,56.66071319580078,24.20156757745673,-0.7863446528831324,0
2022-12-20,160.99908447265625,56.615631103515625,24.18402251309044,-0.7441562180305288,0
2022-12-21,162.1273193359375,57.526309967041016,23.692741883313033,-0.9926065104906058,0
2022-12-22,160.87472534179688,57.111541748046875,23.17775538572613,-1.252042012973981,0
2022-12-23,161.9141082763672,57.544342041015625,23.447463292208283,-1.0124897307543665,0
2022-12-27,162.63369750976562,57.89599609375,23.5416847813774,-0.9545146793138494,0
2022-12-28,161.4610595703125,57.31892395019531,23.395289257918762,-1.0622641480486414,0
2022-12-29,161.66537475585938,57.66156005859375,22.990273856957344,-1.2930021373083556,0
2022-12-30,160.49273681640625,57.3549919128418,22.3628246570359,-1.575928696443439,0
2023-01-03,159.38229370117188,56.75989532470703,22.31067792151515,-1.4844147456223706,0
2023-01-04,158.99139404296875,56.73284149169922,21.967889736475172,-1.5655917050905128,0
2023-01-05,157.33016967773438,56.083648681640625,21.461164345557762,-1.7900148329394137,0
2023-01-06,160.88363647460938,57.1656494140625,23.09044357221228,-0.7401285866658251,0
2023-01-09,159.31121826171875,56.453330993652344,22.784784437686028,-0.9116580788629463,0
2023-01-10,157.99642944335938,56.02053451538086,22.23966386350719,-1.2483520715581082,0
2023-01-11,158.17410278320312,55.912330627441406,22.60976274428063,-0.920696504707386,0
2023-01-12,156.1575164794922,55.19099426269531,21.875972676655124,-1.4092531336119438,0
2023-01-13,155.6777801513672,55.38935852050781,21.04347314992816,-1.9088197980676624,0
2023-01-17,156.40623474121094,55.61477279663086,21.371059851914424,-1.6383488655635687,0
2023-01-18,152.46188354492188,53.92866516113281,20.42521619546511,-2.2366290612339794,1
2023-01-19,150.69403076171875,53.847511291503906,18.80168426393618,-2.9359384391220806,1
2023-01-20,150.91616821289062,54.172115325927734,18.446558660134258,-2.660480927428932,1
2023-01-23,150.24093627929688,54.3073616027832,17.530810064170623,-2.6870564788582803,1
2023-01-24,151.63572692871094,54.59589767456055,18.41247950558744,-1.998813949510417,0
2023-01-25,152.7372589111328,54.93852996826172,18.90468768540873,-1.6272700832730296,0
2023-01-26,151.21817016601562,54.83032989501953,17.578017697313612,-2.0670267365079367,1
2023-01-27,150.6851348876953,54.54179763793945,17.558096843082865,-1.8920835217886616,0
2023-01-30,150.56077575683594,54.67703628540039,17.193234617668907,-1.8718489560109044,0
2023-01-31,151.92886352539062,55.29017639160156,17.47093812325255,-1.6027623890761087,0
2023-02-01,152.40859985351562,55.2991943359375,17.93463729365652,-1.3075315865681896,0
2023-02-02,150.99606323242188,54.352447509765625,18.205758012597983,-1.1205205240902825,0
2023-02-03,150.24093627929688,53.946693420410156,18.172208182213353,-1.0665170722349244,0
2023-02-06,152.6395721435547,54.25326156616211,20.025655306939456,-0.22849502925004836,0
2023-02-07,152.40859985351562,54.16310119628906,19.955020674572665,-0.21739145933794718,0
2023-02-08,152.05322265625,53.847511291503906,20.16087615846743,-0.07769615263051315,0
2023-02-09,153.49240112304688,53.757347106933594,21.76039906684423,0.7195070449600062,0
2023-02-10,156.53062438964844,53.757347106933594,24.798622333445792,2.074730104654437,-1
2023-02-13,157.92535400390625,54.64097595214844,24.62194114390047,1.8905013947233844,0
2023-02-14,156.1486358642578,53.73029327392578,24.46474528121837,1.7169949099335422,0
2023-02-15,156.36181640625,53.73029327392578,24.677925823210558,1.6997761866953138,0
2023-02-16,155.91766357421875,53.39667510986328,24.827066419966513,1.6467219517921832,0
2023-02-17,156.6016845703125,54.20817565917969,24.06794673839491,1.2795883207302918,0
2023-02-21,156.51284790039062,53.91965103149414,24.49221092474727,1.3935209824063877,0
2023-02-22,156.45953369140625,54.08194351196289,24.150282148045164,1.227949572424922,0
2023-02-23,156.62835693359375,54.18112564086914,24.142723790931655,1.1777691108343664,0
2023-02-24,156.31739807128906,53.955711364746094,24.232632816484454,1.1694639116449108,0
2023-02-27,156.27296447753906,53.93767166137695,24.22028032208425,1.1144259398558816,0
2023-02-28,154.15866088867188,53.65815734863281,22.60305399958557,0.5361060424762156,0
2023-03-01,152.20425415039062,53.07207489013672,21.690913267204508,0.21941356660833292,0
2023-03-02,155.01260375976562,53.847511291503906,23.120257261983056,0.6736615888421833,0
2023-03-03,154.86053466796875,53.59504318237305,23.41716753120687,0.7237922772045523,0
2023-03-06,155.1735382080078,54.42457962036133,22.254956078138463,0.2886720590646281,0
2023-03-07,154.40440368652344,54.1089973449707,22.04704066999915,0.17003071692905303,0
2023-03-08,154.8247528076172,54.136043548583984,22.419291885745054,0.2611938143218002,0
2023-03-09,153.65313720703125,53.61307144165039,22.177709322642556,0.13536668684029937,0
2023-03-10,153.85882568359375,53.387657165527344,22.784265687062543,0.31048269805998446,0
2023-03-13,155.3613739013672,53.92866516113281,23.324706551910424,0.4702942983801169,0
2023-03-14,155.20040893554688,54.127017974853516,22.81099873921113,0.1974577980738399,0
2023-03-15,157.97296142578125,54.48768997192383,24.942146327495152,1.111514383960985,0
2023-03-16,157.8656463623047,54.78752899169922,24.30160933760868,0.7684693740174906,0
2023-03-17,156.63137817382812,54.53312683105469,23.519759951339154,0.3006187055701658,0
2023-03-20,158.83154296875,55.060096740722656,24.782782173544234,1.0560128688138943,0
2023-03-21,159.20718383789062,54.805694580078125,25.610841844891894,1.5626502623221756,0
2023-03-22,157.8656463623047,54.56037521362305,24.705570687361615,0.8974335293299891,0
2023-03-23,157.0964813232422,54.442264556884766,24.146448997435925,0.4056392835697467,0
2023-03-24,160.17311096191406,55.33267593383789,25.639606044475528,1.6685734410281097,0
2023-03-27,160.53086853027344,55.74153137207031,25.270271173162598,1.2916847928126236,0
2023-03-28,160.47720336914062,55.80513381958008,25.10349791952416,1.1103295368025854,0
2023-03-29,161.5862274169922,56.204917907714844,25.501561660131784,1.3928200706282021,0
2023-03-30,161.7293243408203,56.195823669433594,25.660831419834267,1.4567529766089717,0
2023-03-31,163.04405212402344,56.359371185302734,26.684712729697736,2.1024559744082865,-1
2023-04-03,163.22291564941406,56.6955451965332,26.265737608165352,1.6340483541304778,0
2023-04-04,162.6416015625,56.522918701171875,25.991415694834643,1.3493914193252383,0
2023-04-05,164.24249267578125,57.05897903442383,26.638998183432363,1.6667053372809064,0
2023-04-06,164.886474609375,57.09532165527344,27.218349828697654,1.8649533362226283,0
2023-04-10,163.84898376464844,56.95903778076172,26.423220869225986,1.2713450482459532,0
2023-04-11,163.59857177734375,56.859092712402344,26.350547262755356,1.1538973054835542,0
2023-04-12,163.27655029296875,56.95903778076172,25.8507873975463,0.7943510174598809,0
2023-04-13,164.90435791015625,57.376991271972656,26.73532295527943,1.2694652982951842,0
2023-04-14,164.12623596191406,57.286128997802734,26.118786903719922,0.8226190387263892,0
2023-04-17,164.9669647216797,57.65864562988281,26.29704672823405,0.8753530132673223,0
2023-04-18,165.30679321289062,57.7495002746582,26.47530289057761,0.9341519086910878,0
2023-04-19,165.20843505859375,57.8585319519043,26.18304708738765,0.6955486418202788,0
2023-04-20,165.75401306152344,58.112945556640625,26.276185936387293,0.7152959202766731,0
2023-04-21,165.82554626464844,58.1947135925293,26.20230607870397,0.6204847274280566,0
2023-04-24,165.90603637695312,58.10385513305664,26.444375303783687,0.7867058380893572,0
2023-04-25,169.67137145996094,58.01299285888672,30.37129628347421,3.434586029898855,-1
2023-04-26,168.62490844726562,57.74041748046875,29.809570609104014,2.6990134673392014,-1
2023-04-27,169.65347290039062,57.8585319519043,30.628084929184524,2.730424860425251,-1
2023-04-28,170.72669982910156,58.28557205200195,30.941880530382036,2.518578587527438,-1
2023-05-01,171.4332733154297,58.42185974121094,31.406085347547616,2.454647757987992,-1
2023-05-02,171.9430694580078,58.15836715698242,32.38446634429948,2.5358190726016754,-1
2023-05-03,171.88043212890625,57.83128356933594,32.90350161015425,2.394685693027132,-1
2023-05-04,172.9536895751953,57.894874572753906,33.863671315660724,2.4235310775967602,-1
2023-05-05,173.74969482421875,58.16745376586914,34.17493244245139,2.2533037299115857,-1
2023-05-08,172.92684936523438,58.076595306396484,33.51366609624205,1.826196088526398,0
2023-05-09,173.6334228515625,57.59504699707031,35.07660616671478,2.096641826721678,-1
2023-05-10,173.74969482421875,57.694984436035156,35.015153326352305,1.8818678025375202,0
2023-05-11,174.7066650390625,58.02207946777344,35.390430594516715,1.8129967266758968,0
2023-05-12,175.4042510986328,58.24923324584961,35.68405530433412,1.7330036533487332,0
2023-05-15,173.74969482421875,58.094764709472656,34.30419980301602,1.255962467974576,0
2023-05-16,172.99839782714844,57.440589904785156,34.7162615636737,1.2736416772604833,0
2023-05-17,171.7731170654297,57.376991271972656,33.604082110552866,0.9117101737151168,0
2023-05-18,171.325927734375,57.05897903442383,33.72243324202611,0.882554237320267,0
2023-05-19,171.57635498046875,57.08624267578125,33.9243759000351,0.8768443546212408,0
2023-05-22,166.92562866210938,55.88691329956055,31.406489799961605,0.15214734906086919,0
2023-05-23,166.4158477783203,55.786964416503906,31.07445408091428,0.016544668570594206,0
2023-05-24,165.36045837402344,55.31450653076172,30.859265208795307,-0.09661572771054762,0
2023-05-25,164.3856201171875,54.887474060058594,30.643844711657437,-0.2060100316972593,0
2023-05-26,164.18885803222656,54.751182556152344,30.689458079766723,-0.2502218083499626,0
2023-05-30,162.42694091796875,54.31505584716797,29.703131561081364,-0.6322844573379911,0
2023-05-31,163.0887908935547,54.20603942871094,30.558852049929726,-0.41093848635384295,0
2023-06-01,164.0839385986328,54.514949798583984,31.004645696169575,-0.33285046716776495,0
2023-06-02,165.7681121826172,55.568912506103516,30.81449343127437,-0.5039931972713353,0
2023-06-05,165.8851776123047,55.196388244628906,31.594041364028726,-0.28610132705482566,0
2023-06-06,163.5165557861328,54.796607971191406,29.936373061193137,-1.2553346219497585,0
2023-06-07,162.21066284179688,54.71483612060547,28.775899961573174,-1.7658246386047152,0
2023-06-08,164.00289916992188,54.85112380981445,30.32576762053563,-1.0015559969558698,0
2023-06-09,164.2280731201172,54.94198226928711,30.38936245795591,-0.961381628122696,0
2023-06-12,163.82275390625,54.70574951171875,30.404150294085355,-0.9375921340957091,0
2023-06-13,163.49853515625,54.9238166809082,29.69212946239145,-1.237092680395309,0
2023-06-14,164.96656799316406,55.29633331298828,30.497693364054015,-0.8003591569966358,0
2023-06-15,167.254150390625,56.05620193481445,31.433955274101095,-0.3210248046127043,0
2023-06-16,167.55133056640625,56.459022521972656,31.014775152136735,-0.48337515490410715,0
2023-06-20,166.8938751220703,56.08367156982422,31.02482908644771,-0.4343426528862532,0
2023-06-21,167.00193786621094,56.23930358886719,30.85612196565441,-0.4781180065091508,0
2023-06-22,168.73117065429688,56.62380599975586,31.90157078060409,0.10757800625289335,0
2023-06-23,167.57838439941406,56.02873992919922,31.807026634173553,0.12099382297827868,0
2023-06-26,166.51560974121094,56.04704666137695,30.711696003084057,-0.44333780767310166,0
2023-06-27,167.71343994140625,55.928035736083984,32.12117055462522,0.5619666850146461,0
2023-06-28,165.44384765625,55.40618896484375,30.779610054191096,-0.3188228399453841,0
2023-06-29,165.60598754882812,54.94844436645508,31.755784947081622,0.5722807939055914,0
2023-06-30,166.8128204345703,55.13153839111328,32.63701061660652,1.4476464846649064,0
2023-07-03,167.1550750732422,55.46112823486328,32.39313563298589,1.3761493069622597,0
2023-07-05,168.03768920898438,55.87309265136719,32.54312844430842,1.7756128551154966,0
2023-07-06,168.05572509765625,55.44281768798828,33.32634841419397,2.3357570788077187,-1
2023-07-07,164.885498046875,54.71040344238281,31.458618067358543,0.41138786461051774,0
2023-07-10,165.9842529296875,54.29843521118164,33.29000105849832,2.029692408907336,-1
2023-07-11,165.69606018066406,54.49068832397461,32.65991293095294,1.3334795790617775,0
2023-07-12,164.96656799316406,54.78364944458008,31.40943020256381,0.16726808848411093,0
2023-07-13,168.8932647705078,55.25055694580078,34.505797033382834,2.5906532906597213,-1
2023-07-14,169.5056610107422,55.754085540771484,34.22273781350441,2.088918523284542,-1
2023-07-17,167.18209838867188,55.67169189453125,32.045700813099586,0.3860714591014748,0
2023-07-18,166.11935424804688,55.451969146728516,31.373702970095252,-0.14645565455347295,0
2023-07-19,167.74948120117188,56.431556701660156,31.26176992209338,-0.2243224652967276,0
2023-07-20,170.48733520507812,57.118186950683594,32.778547681854235,0.8880679094395935,0
2023-07-21,171.26190185546875,57.16395568847656,33.47172100807512,1.3953327596228697,0
2023-07-24,171.9463348388672,57.18227005004883,34.12358445077186,1.7771934342727387,0
2023-07-25,172.34262084960938,56.990013122558594,34.86177262394369,2.124762804357718,-1
2023-07-26,172.55877685546875,57.722415924072266,33.77545227758026,1.2132989644289867,0
2023-07-27,169.79388427734375,57.16395568847656,32.00370342995012,-0.2170740547127554,0
2023-07-28,171.39700317382812,57.20057678222656,33.54169681284645,0.9828643324611179,0
2023-07-31,168.83023071289062,56.697052001953125,31.870373028114045,-0.4342634380808079,0
2023-08-01,168.25379943847656,56.55057144165039,31.554437024144562,-0.7272642260563178,0
2023-08-02,169.59571838378906,56.72451400756836,32.587023347729115,0.11678607246907827,0
2023-08-03,168.52403259277344,56.431556701660156,32.03632131369494,-0.41604614789613037,0
2023-08-04,166.2544403076172,55.58013916015625,31.280856516015035,-1.067784210584146,0
2023-08-07,168.31686401367188,56.01957702636719,32.56180119464369,0.05742604702761573,0
2023-08-08,166.1103515625,55.77238845825195,30.79487917628353,-1.5441064851808963,0
2023-08-09,165.69606018066406,55.900569915771484,30.152634929074054,-1.9282063813894506,0
2023-08-10,165.48892211914062,55.77238845825195,30.173449732924155,-1.8408092987676188,0
2023-08-11,165.75009155273438,56.00126647949219,30.027591490500242,-1.8077795359843722,0
2023-08-14,165.37184143066406,55.735774993896484,30.121480990220334,-1.593756814438579,0
2023-08-15,163.3274383544922,55.360416412353516,28.7446008605107,-2.2781438356170933,1
2023-08-16,163.20135498046875,55.369571685791016,28.602236108090267,-2.100511408738963,1
2023-08-17,160.71563720703125,55.48859405517578,25.904853631583904,-3.004066353895993,1
2023-08-18,160.4724578857422,55.79985809326172,25.10813458042702,-2.8036724352393096,1
2023-08-21,159.45477294921875,55.32379913330078,24.937054184917656,-2.464945925253308,1
2023-08-22,158.2388916015625,54.98506164550781,24.323570270135605,-2.3400397354879527,1
2023-08-23,160.4184112548828,55.17731857299805,26.16118776102627,-1.5628991622445032,0
2023-08-24,159.5718536376953,55.03083419799805,25.575132198191,-1.6238977568653064,0
2023-08-25,161.58924865722656,55.28718185424805,27.13664862260586,-1.0422985325606762,0
2023-08-28,162.33673095703125,55.44281768798828,27.607354273568973,-0.8327534142682518,0
2023-08-29,162.9491729736328,55.38787841796875,28.31749812836796,-0.5650352256104738,0
2023-08-30,163.0842742919922,55.360416412353516,28.5014367980107,-0.4742861769987091,0
2023-08-31,161.36557006835938,54.774497985839844,27.82470687224847,-0.6463405689267666,0
2023-09-01,159.0074920654297,54.29843521118164,26.313240194240507,-1.0714550582372044,0
2023-09-05,157.95541381835938,53.84983825683594,26.05892913690093,-1.0892767993881662,0
2023-09-06,158.47239685058594,53.8132209777832,26.641030898807855,-0.8451008048659353,0
2023-09-07,159.9869842529297,53.4012451171875,28.88825997729424,0.016284840971499737,0
2023-09-08,159.86907958984375,53.4012451171875,28.770355314208302,0.012794458796518393,0
2023-09-11,162.28160095214844,53.90476608276367,30.287434784215577,0.679819710261532,0
2023-09-12,161.68304443359375,53.373779296875,30.633164293149377,0.8547790536401644,0
2023-09-13,162.96180725097656,53.50194549560547,31.68400138078931,1.289039373602925,0
2023-09-14,164.36758422851562,53.94487380981445,32.30209205538847,1.5609845690207884,0
2023-09-15,163.10694885253906,53.46503448486328,31.894784072922448,1.3961045001003414,0
2023-09-18,162.6897430419922,53.79723358154297,30.8868084472399,0.9833609047799592,0
2023-09-19,161.72836303710938,53.68650817871094,30.12233814625364,0.7256084102771259,0
2023-09-20,161.7827911376953,53.92641830444336,29.750119509853505,0.5837434233283126,0
2023-09-21,159.06187438964844,53.0959358215332,28.506100164015095,0.05101765195795764,0
2023-09-22,158.962158203125,53.151302337646484,28.30792234163573,-0.010735385427237188,0
2023-09-25,158.109619140625,52.59764099121094,28.439992853787487,0.07489102807991455,0
2023-09-26,156.46803283691406,52.16393280029297,27.56969614818911,-0.2924567325464673,0
2023-09-27,153.79249572753906,51.62873458862305,25.84593450036523,-1.0363025851771854,0
2023-09-28,153.72898864746094,51.499549865722656,26.01216445337664,-0.9072861684165081,0
2023-09-29,153.67462158203125,51.65642166137695,25.67882275302179,-1.0514817178277707,0
2023-10-02,153.42971801757812,51.19503402709961,26.254432820701524,-0.824100477707783,0
2023-10-03,152.0964813232422,50.64137649536133,25.905798917109692,-1.0190776156832015,0
2023-10-04,153.1939239501953,50.789024353027344,26.740670397872634,-0.6984945485936183,0
2023-10-05,145.20361328125,48.33445739746094,23.115465116243485,-2.2483585499993413,1
2023-10-06,145.37594604492188,49.0357666015625,22.040617159073406,-2.438563859973591,1
2023-10-09,146.3463897705078,48.79584503173828,23.437727973368425,-1.7152638685587867,0
2023-10-10,149.10353088378906,49.85702133178711,24.30771486837476,-1.2909113476297622,0
2023-10-11,147.48916625976562,49.56174087524414,23.218465401101028,-1.5684987616194896,0
2023-10-12,143.37158203125,48.73124694824219,20.577798926516877,-2.214670257828561,1
2023-10-13,145.11294555664062,48.80507278442383,22.187873486858578,-1.5494605447886327,0
2023-10-16,146.09243774414062,49.303375244140625,22.281204167747433,-1.4243576473440063,0
2023-10-17,145.44851684570312,49.8939323425293,20.5870597397182,-1.7787668696045513,0
2023-10-18,146.9540557861328,49.8754768371582,22.12541922543319,-1.2554768340276081,0
2023-10-19,145.62081909179688,50.15231704711914,20.299860784002206,-1.6173595071911009,0
2023-10-20,145.11294555664062,50.355323791503906,19.430968034615162,-1.6878378134304626,0
2023-10-23,145.1855010986328,49.90316390991211,20.307626936097563,-1.3609534942093326,0
2023-10-24,147.0991668701172,51.34267807006836,19.66131731095807,-1.4199443630581112,0
2023-10-25,147.24429321289062,51.78561019897461,19.018750566883966,-1.485401615244885,0
2023-10-26,146.39173889160156,51.47186279296875,18.72415229935291,-1.483484707194566,0
2023-10-27,144.76824951171875,50.97357177734375,17.986804074358247,-1.5925823709853215,0
2023-10-30,147.1807861328125,51.813289642333984,18.90601945278553,-1.2847163760177127,0
2023-10-31,148.08775329589844,52.12702941894531,19.25504412992879,-1.1313254484408075,0
2023-11-01,149.52981567382812,52.08088684082031,20.77916465497941,-0.6475813153252025,0
2023-11-02,151.3074493408203,52.68068313598633,21.49014416801424,-0.3804146529092583,0
2023-11-03,151.27114868164062,52.35771560668945,22.028196267419872,-0.1509670896053424,0
2023-11-06,151.1895294189453,52.56995391845703,21.569140733943442,-0.24737659451039243,0
2023-11-07,151.62486267089844,52.76374435424805,21.659844692585438,-0.1527132519927708,0
2023-11-08,151.8153076171875,52.68068313598633,21.998002444381427,0.03219371298096343,0
2023-11-09,150.69979858398438,52.283897399902344,21.588121566997216,-0.07957962579884756,0
2023-11-10,151.38905334472656,52.33926773071289,22.1789079079758,0.23872858725689303,0
2023-11-13,152.16000366210938,52.53304672241211,22.60524928377049,0.529483407291032,0
2023-11-14,152.4683380126953,52.68991470336914,22.634615783338916,0.6499270448636244,0
2023-11-15,151.6883544921875,52.79142379760742,21.674112479854188,0.266480579087882,0
2023-11-16,152.10557556152344,52.736061096191406,22.1897884011384,0.6262455541251837,0
2023-11-17,151.24392700195312,52.83755874633789,21.14764041031418,-0.031041661238437428,0
2023-11-20,151.0262908935547,52.96674346923828,20.700267268826224,-0.2736617301466391,0
2023-11-21,152.18719482421875,53.5480842590332,20.827337590818217,-0.11935810747616837,0
2023-11-22,153.47508239746094,53.90796661376953,21.47522453099677,0.425321545975797,0
2023-11-24,153.61111450195312,54.04637908935547,21.365109329756763,0.31882836241877904,0
2023-11-27,152.6588134765625,53.94487380981445,20.593321303435346,-0.24516321515304365,0
2023-11-28,153.14857482910156,54.055606842041016,20.886159384262555,0.024043467271469013,0
2023-11-29,151.60675048828125,53.732643127441406,19.918681018119912,-0.7342492591221617,0
2023-11-30,153.7954559326172,54.35581588745117,20.999160522324757,0.16555907066931663,0
2023-12-01,154.1610107421875,54.54183578491211,21.033904858498374,0.17437837723437716,0
2023-12-04,154.57225036621094,54.47673416137695,21.56091865073992,0.5580520902713895,0
2023-12-05,153.4755859375,54.560447692871094,20.315381368311307,-0.4814588703992622,0
2023-12-06,153.0826416015625,54.50463104248047,20.021699169334255,-0.7433798941862697,0
2023-12-07,153.03695678710938,54.63485336303711,19.7444320989066,-1.0255982955940708,0
2023-12-08,151.41026306152344,54.51393508911133,18.33277467849922,-2.184659611162897,1
2023-12-11,153.365966796875,54.91388702392578,19.57721961466956,-1.291395328982777,0
2023-12-12,153.95994567871094,55.2673225402832,19.542662667396428,-1.3900971538973215,0
2023-12-13,157.19509887695312,55.7416877746582,21.93422337962798,0.8541492570726803,0
2023-12-14,153.75892639160156,54.91388702392578,19.97017920939612,-1.0604059154637258,0
2023-12-15,152.61656188964844,54.50463104248047,19.555619457420192,-1.3608563351148661,0
2023-12-18,154.36207580566406,54.895286560058594,20.606406957235208,-0.32230167759418005,0
2023-12-19,153.48471069335938,54.71855545043945,20.043333503161875,-0.8125612285674736,0
2023-12-20,151.4193878173828,53.58382797241211,19.99596536915726,-0.8033548082676815,0
2023-12-21,152.5891571044922,53.9372673034668,20.53719204324989,-0.242975495056935,0
2023-12-22,153.23800659179688,54.24420166015625,20.64020153588703,-0.11231479482544547,0
2023-12-26,154.3163604736328,54.467430114746094,21.32157470895777,0.6090449383739348,0
2023-12-27,154.80982971191406,54.60694885253906,21.566929308283846,0.9447851427627717,0
2023-12-28,154.80072021484375,54.6441535949707,21.491656359752653,0.9685437665966554,0
2023-12-29,155.21194458007812,54.81157302856445,21.605148585366976,1.1056228688846235,0
2024-01-02,158.0175323486328,55.63937759399414,22.93860125489431,2.4632012310343083,-1
2024-01-03,158.05410766601562,55.769588470458984,22.7436146680256,2.034400380562316,-1
2024-01-04,156.7015838623047,55.583560943603516,21.72191490552666,0.9529147072865807,0
2024-01-05,154.3894805908203,55.49985885620117,19.558664136036953,-1.126731363167431,0
2024-01-08,154.54483032226562,55.90910339355469,18.98622946922808,-1.5466698132604426,0
2024-01-09,152.7719268798828,55.806793212890625,17.395270430431907,-2.5688817199460408,1
2024-01-10,152.54344177246094,55.99281692504883,16.835968065705686,-2.56214129949288,1
2024-01-11,151.82150268554688,55.63006591796875,16.759131110419673,-2.2785694057778505,1
2024-01-12,152.86331176757812,56.16954040527344,16.84155997040685,-1.9993820876730943,0
2024-01-16,151.85804748535156,55.797489166259766,16.49793698669663,-1.973763218585953,0
2024-01-17,152.10476684570312,55.797489166259766,16.744656347048192,-1.6739579368492912,0
2024-01-18,152.7719268798828,55.95561599731445,17.13060984068079,-1.3603653486017457,0
2024-01-19,151.50164794921875,55.6486701965332,16.406191256407283,-1.5998447781767768,0
2024-01-22,150.88934326171875,55.40684127807617,16.223945611449068,-1.5574398704698311,0
2024-01-23,153.20143127441406,55.667274475097656,18.07288946391833,-0.6312531876626587,0
2024-01-24,151.337158203125,54.792972564697266,17.763440542190438,-0.7662929971252825,0
2024-01-25,152.2144775390625,55.02549743652344,18.227246786382125,-0.5207025643797399,0
2024-01-26,153.40248107910156,55.2208251953125,19.06788711832087,-0.11332103316062021,0
2024-01-29,153.66751098632812,55.555660247802734,18.737459530214977,-0.2259887307884465,0
2024-01-30,155.0109100341797,55.71378707885742,19.79965203751945,0.29651647937913445,0
2024-01-31,154.0147705078125,55.33243942260742,19.48168619264922,0.14210726997614045,0
2024-02-01,156.9117431640625,56.71830368041992,19.914092329681864,0.3673885001900815,0
2024-02-02,156.24464416503906,56.30905532836914,19.974784512820293,0.39860683649948303,0
2024-02-05,156.19894409179688,55.84400177001953,20.756117406977438,0.7654147958579556,0
2024-02-06,156.65586853027344,55.75098419189453,21.37846064996768,1.043513729235419,0
2024-02-07,156.7015838623047,55.797489166259766,21.341473363649754,1.0044032289844151,0
2024-02-08,158.8765869140625,55.6486701965332,23.781130221251033,2.0090552210533326,-1
2024-02-09,153.22885131835938,55.397544860839844,18.579986051070335,-0.2958925869101295,0
2024-02-12,155.91561889648438,55.52775573730469,21.035191724943786,0.842676022644324,0
2024-02-13,154.3346710205078,55.20222091674805,20.033162177411384,0.41209411885134123,0
2024-02-14,153.0917510986328,55.14641571044922,18.88948404077388,-0.0665507244756557,0
2024-02-15,153.40248107910156,55.24873352050781,19.01825604984066,0.06391966622348338,0
2024-02-16,151.99513244628906,55.23942565917969,17.627460151731782,-0.6271416204933596,0
2024-02-20,154.1244659423828,56.45787048339844,17.589959268228256,-0.6096408261583324,0
2024-02-21,154.2889404296875,56.96013641357422,16.8612237688574,-0.956584891566013,0
2024-02-22,153.75892639160156,56.876426696777344,16.48007580058149,-1.1293074137781585,0
2024-02-23,154.99264526367188,56.922935485839844,17.631085270394976,-0.5346419656625481,0
2024-02-26,153.76803588867188,56.46717071533203,17.216990047628997,-0.772258784905209,0
2024-02-27,153.67665100097656,56.123023986816406,17.73762217387747,-0.5117369717267374,0
2024-02-28,152.6439971923828,56.178836822509766,16.605713012230922,-1.1399151601125217,0
2024-02-29,152.25262451171875,55.82539367675781,16.84288972849123,-1.012735133809613,0
2024-03-01,151.5619659423828,55.36964416503906,16.962718175758653,-0.9406458928794572,0
2024-03-04,152.2802276611328,55.63006591796875,17.21785608600561,-0.8281212348266294,0
2024-03-05,149.21380615234375,55.36033630371094,14.631111120423242,-2.132405512274921,1
2024-03-06,150.09780883789062,55.388240814208984,15.465489521397558,-1.571164370046546,0
2024-03-07,150.19911193847656,55.285926818847656,15.748743809477787,-1.3507782049420725,0
2024-03-08,150.14390563964844,55.36033630371094,15.56121060772793,-1.35334570560103,0
2024-03-11,151.69091796875,56.03002166748047,15.917280810533896,-1.1102652403907023,0
2024-03-12,151.51593017578125,56.27184295654297,15.31224754283869,-1.2995875035128353,0
2024-03-13,152.2157745361328,56.84851837158203,14.986555013592977,-1.3425314303828029,0
2024-03-14,151.73695373535156,56.721946716308594,14.732824269150456,-1.349186381816723,0
2024-03-15,151.62643432617188,56.14067077636719,15.656023142212518,-0.8896764525587076,0
2024-03-18,157.70399475097656,56.37506103515625,21.31675314442299,1.4952337909638576,0
2024-03-19,158.2012939453125,56.468807220458984,21.647337807881172,1.5924585936044537,0
2024-03-20,158.25653076171875,56.95634078979492,20.835564089015747,1.2781439911591657,0
2024-03-21,158.7998504638672,56.693817138671875,21.845745532790886,1.6738199915599308,0
2024-03-22,158.4038543701172,56.712581634521484,21.416379397234664,1.6438355967026772,0
2024-03-25,158.9379425048828,56.628196716308594,22.10053435346714,1.7887369733924001,0
2024-03-26,159.05764770507812,56.759456634521484,21.986812074802913,1.6924587785339091,0
2024-03-27,159.83119201660156,57.21885299682617,21.94338395399484,1.5946887057074128,0
2024-03-28,161.15719604492188,57.35948944091797,23.01928565841399,1.8482220814877373,0
2024-04-01,159.28787231445312,56.890708923339844,21.98362277313373,1.3790215335889269,0
2024-04-02,157.86978149414062,56.3938102722168,21.44919698141149,1.1153228663033912,0
2024-04-03,156.24908447265625,56.093788146972656,20.36204751390494,0.6936170827917311,0
2024-04-04,156.221435546875,55.596885681152344,21.218070400621627,0.9326684564484183,0
2024-04-05,155.75184631347656,55.79377746582031,20.39833655698007,0.60472546644245,0
2024-04-08,156.156982421875,55.56875991821289,21.20363502683881,0.8345697135648981,0
2024-04-09,157.10548400878906,55.990665435791016,21.40183642595713,0.8480957452179326,0
2024-04-10,155.5768585205078,55.24061584472656,21.207069646758924,0.7370593326107158,0
2024-04-11,155.0335693359375,55.36249923706055,20.447027828370693,0.43987492522459454,0
2024-04-12,154.794189453125,54.64057922363281,21.491482119516434,0.745013722529021,0
2024-04-15,153.73516845703125,54.50932312011719,20.665881818374544,0.4236608798810829,0
2024-04-16,154.24163818359375,54.434322357177734,21.305729953546916,0.6000327672752505,0
2024-04-17,156.06491088867188,54.85622024536133,22.378716038644626,0.9186361800065946,0
2024-04-18,158.63409423828125,55.231239318847656,24.280980209573954,1.5055582024595071,0
2024-04-19,160.3468475341797,56.41256332397461,23.89291333136734,1.2876828545976802,0
2024-04-22,162.49241638183594,56.76883316040039,25.404905906519105,1.7303543411710112,0
2024-04-23,157.6671905517578,56.853206634521484,20.429633606697166,-0.17573461832699025,0
2024-04-24,163.36721801757812,57.70638656616211,24.612399419699727,1.421630004334653,0
2024-04-25,162.6949920654297,57.884517669677734,23.623392115206713,1.0018537430203935,0
2024-04-26,161.6820526123047,57.884517669677734,22.610452662081713,0.5035556719082032,0
2024-04-29,162.19775390625,58.16578674316406,22.625956092132412,0.5031347690571648,0
2024-04-30,161.98594665527344,57.91264724731445,22.86432216992563,0.6445251419191798,0
2024-05-01,161.28611755371094,58.062652587890625,21.897729467235735,-0.10138836054281128,0
2024-05-02,161.56234741210938,58.11890411376953,22.073923823199834,0.001978088789168773,0
2024-05-03,162.20697021484375,58.287662506103516,22.418433334723602,0.2548799304644475,0
2024-05-06,161.903076171875,58.4564208984375,21.814426000544216,-0.22574465726703172,0
2024-05-07,163.92893981933594,58.709556579589844,23.390123103143026,0.9543115295209912,0
2024-05-08,163.36721801757812,58.925201416015625,22.44490700105888,0.21701220533823162,0
2024-05-09,163.96575927734375,58.95332717895508,22.99343050960735,0.6071902197842826,0
2024-05-10,165.558837890625,59.309593200683594,23.952939634291795,1.2847183621936575,0
2024-05-13,166.5809783935547,59.609615325927734,24.441532583243657,1.5215491213387173,0
2024-05-14,165.6325225830078,59.15959548950195,24.29337435998667,1.3147702939873291,0
2024-05-15,165.25494384765625,59.18771743774414,23.865784657325605,0.9555282360670604,0
2024-05-16,168.6160430908203,59.365848541259766,26.91010254814512,2.6308643588726035,-1
2024-05-17,167.7688751220703,59.093955993652344,26.54645759824811,2.1593140834511315,-1
2024-05-20,166.03765869140625,58.66269302368164,25.582182280883046,1.4676083276296499,0
2024-05-21,166.7467498779297,58.98145294189453,25.724403358976133,1.4357263865967296,0
2024-05-22,167.67677307128906,59.065826416015625,26.504380082591695,1.7232764065919508,0
2024-05-23,165.0800018310547,58.21266174316406,25.42484335954441,1.065653183570728,0
2024-05-24,163.90130615234375,58.12828063964844,24.396207718392617,0.43563541281778956,0
2024-05-28,159.6562042236328,57.95951843261719,20.451225864799966,-1.8359742741286267,0
2024-05-29,157.6027069091797,57.847015380859375,18.597799555215488,-2.5757548477000833,1
2024-05-30,156.9857635498047,58.100154876708984,17.53068286707071,-2.6540440138448242,1
2024-05-31,159.2141876220703,59.000205993652344,18.158491413033516,-2.0969699030458644,1
2024-06-03,157.6763916015625,59.000205993652344,16.620695392525704,-2.3638755405910357,1
2024-06-04,160.12582397460938,59.9471321105957,17.386151581877073,-1.8777122995837965,0
2024-06-05,159.75753784179688,59.92837905883789,17.051215139147814,-1.8539170645814649,0
2024-06-06,159.49044799804688,60.14402389526367,16.40063099507148,-1.869170254078737,0
2024-06-07,158.7433319091797,59.919002532958984,16.05368405157222,-1.792801675148548,0
2024-06-10,153.97286987304688,59.618988037109375,11.816756001601902,-2.581420731562116,1
2024-06-11,153.20254516601562,59.581485748291016,11.1131238908294,-2.3826995190716813,1
2024-06-12,152.0517120361328,58.95332717895508,11.079383268396413,-2.1128076590488485,1
2024-06-13,151.58766174316406,59.05645751953125,10.431930031692957,-2.009236537658527,1
2024-06-14,152.0331268310547,59.09897232055664,10.801788468652461,-1.758122616680575,0
2024-06-17,154.1956024169922,59.16510772705078,12.846651447394521,-1.2784108210413032,0
2024-06-18,154.5111846923828,59.174564361572266,13.145416415682575,-1.1456731233078958,0
2024-06-20,154.69679260253906,58.749393463134766,14.087131538596168,-0.9150995343840488,0
2024-06-21,155.25364685058594,59.30683517456055,13.65265335949482,-0.9311415435406292,0
2024-06-24,155.99615478515625,60.44063186645508,12.378861825563575,-1.0804551936480362,0
2024-06-25,155.31861877441406,60.317806243896484,11.919754073832678,-1.0845922274331914,0
2024-06-26,154.7524871826172,60.51621627807617,11.000777876541832,-1.1625672415123047,0
2024-06-27,154.30699157714844,60.383941650390625,10.790514269371613,-1.1217506944996782,0
2024-06-28,153.07260131835938,60.13828659057617,9.992987312512753,-1.1777758924182993,0
2024-07-01,151.17926025390625,59.788700103759766,8.72133711433429,-1.325448621247666,0
2024-07-02,151.8196563720703,59.665870666503906,9.580168275417293,-1.118003651380217,0
2024-07-03,150.91014099121094,59.835941314697266,8.368205939110396,-1.2782599491620323,0
2024-07-05,152.57142639160156,60.242210388183594,9.30699838922584,-1.0557000196330006,0
2024-07-08,150.46461486816406,59.48635482788086,8.544370682338183,-1.1936304098006787,0
2024-07-09,150.26043701171875,59.23124694824219,8.793866651017993,-1.1320625158133462,0
2024-07-10,151.82894897460938,59.363525390625,10.127139831702436,-0.7897191395134153,0
2024-07-11,152.16307067871094,59.61862564086914,10.007601278494178,-0.7846519318954523,0
2024-07-12,154.41836547851562,60.185523986816406,11.254746344048101,-0.34464429636579985,0
2024-07-15,152.0795440673828,59.911529541015625,9.403185884891911,-0.9031232614199197,0
2024-07-16,152.9148406982422,60.72407531738281,8.793483047385621,-1.0734979152420931,0
2024-07-17,157.67601013183594,61.612213134765625,11.975223098315666,0.16180697833041718,0
2024-07-18,158.1215057373047,61.59332275390625,12.454312614543596,0.45575629573788845,0
2024-07-19,157.18411254882812,61.687801361083984,11.348902384917523,0.06915073905164142,0
2024-07-22,155.60635375976562,61.19648742675781,10.644876983623135,-0.20379646959282252,0
2024-07-23,154.32557678222656,61.376007080078125,9.044849311349253,-1.0998137219579966,0
2024-07-24,156.0796661376953,62.17911148071289,9.370729369924277,-0.8375703976473041,0
2024-07-25,158.72482299804688,62.424774169921875,11.579009360530279,0.5425277393740207,0
2024-07-26,160.33041381835938,63.35070037841797,11.537969408845413,0.5053208798059677,0
2024-07-29,160.75733947753906,63.1428337097168,12.334556980621642,0.9489422701854505,0
2024-07-30,160.72946166992188,63.94594955444336,10.878449524387719,0.05067421134122083,0
2024-07-31,160.25613403320312,63.05780029296875,11.984571622055654,0.7637015323259628,0
2024-08-01,162.3815155029297,64.21049499511719,12.06004614470612,0.8575051451057205,0
2024-08-02,165.2400665283203,65.5049057006836,12.616668053250237,1.3245061399700744,0
2024-08-05,161.52767944335938,64.34276580810547,10.970984870744957,0.28003849275008497,0
2024-08-06,160.08909606933594,64.2955322265625,9.61639984143477,-0.6709067369025041,0
2024-08-07,159.43939208984375,64.68289947509766,8.277817174149618,-1.5563818200624155,0
2024-08-08,159.9777069091797,64.9380111694336,8.362451384452754,-1.3841318463121086,0
2024-08-09,159.99627685546875,64.89077758789062,8.46501967545504,-1.2237357559682853,0
2024-08-12,159.09603881835938,64.4089126586914,8.421711286826536,-1.1869137825697342,0
2024-08-13,159.9777069091797,64.68289947509766,8.816131993485556,-0.9219500148734051,0
2024-08-14,161.2213897705078,64.7962875366211,9.858169983366622,-0.2163218878120355,0
2024-08-15,160.11695861816406,64.86241912841797,8.636133007735111,-1.0673741033844864,0
2024-08-16,160.2097625732422,65.3631820678711,7.838399835757912,-1.5267808281837698,0
2024-08-19,161.323486328125,65.17422485351562,9.288157672939747,-0.5872743274630977,0
2024-08-20,163.20755004882812,65.5521469116211,10.500139661229468,0.1947899455203272,0
2024-08-21,162.61355590820312,65.7316665649414,9.586894825869678,-0.41678879921688017,0
2024-08-22,163.1054229736328,65.5049057006836,10.482024498562737,0.18327734218251465,0
2024-08-23,163.22608947753906,65.93953704833984,9.829759698701423,-0.231215622426718,0
2024-08-26,163.31890869140625,66.93158721923828,8.158355885098786,-1.3163680495628136,0
2024-08-27,162.69708251953125,67.55518341064453,6.427550759341841,-2.2290772748487067,1
2024-08-28,161.41629028320312,67.79139709472656,4.726685392555396,-2.7449950320343177,1
2024-08-29,159.7178497314453,68.07484436035156,2.5241733656260408,-3.141372287667755,1
2024-08-30,160.45108032226562,68.47166442871094,2.5517147454584403,-2.6334422678731304,1
2024-09-03,164.7760467529297,68.98188018798828,5.96933352587223,-1.1897952807098053,0
2024-09-04,165.6855926513672,68.55669403076172,7.635013772697732,-0.5201419103594968,0
2024-09-05,166.4095001220703,67.2433853149414,10.694457838821876,0.6441626041217509,0
2024-09-06,165.84371948242188,67.21504211425781,10.17908163312751,0.47011549528979873,0
2024-09-09,166.6386260986328,67.88587188720703,9.781010950743223,0.34310844499308946,0
2024-09-10,166.2832489013672,67.60242462158203,9.929705228649198,0.4472135437920424,0
2024-09-11,164.3848419189453,67.1583480834961,8.821026505374476,0.022367860708967652,0
2024-09-12,165.7595672607422,67.30008697509766,9.94368897395492,0.52965459701392,0
2024-09-13,165.86244201660156,67.93270874023438,8.921534050395934,0.14454818891366114,0
2024-09-16,165.72215270996094,68.5890884399414,7.613964887396719,-0.38058620591875697,0
2024-09-17,165.40419006347656,68.3037109375,7.803506373362609,-0.2486265329625612,0
2024-09-18,163.851806640625,68.25614929199219,6.33570471128354,-0.8932810080582104,0
2024-09-19,163.33746337890625,67.18115997314453,7.733080197496179,-0.21940940482933005,0
2024-09-20,160.0830535888672,68.1514892578125,2.753074950234236,-2.259843023250101,1
2024-09-23,160.95274353027344,68.23710632324219,3.4705068679977558,-1.7724563369804343,0
2024-09-24,158.90472412109375,67.8565902709961,2.099182248443981,-2.06714774666917,1
2024-09-25,158.41842651367188,67.97074890136719,1.4098694202266415,-2.063256876745313,1
2024-09-26,158.68963623046875,67.92318725585938,1.7656608977960104,-1.7647215515264802,0
2024-09-27,158.97955322265625,68.294189453125,1.3958021660751854,-1.7171926717679622,0
2024-09-30,159.02630615234375,68.36077880859375,1.3241352035550449,-1.5964016140508595,0
2024-10-01,160.27008056640625,68.21809387207031,2.8216548999350266,-1.072900653025425,0
2024-10-02,158.5587158203125,67.55217742919922,2.294529779363444,-1.1508157391372023,0
2024-10-03,157.60484313964844,67.08602905273438,2.169637047598684,-1.1103350204830431,0
2024-10-04,157.08114624023438,66.75306701660156,2.23806674485337,-1.023561235226246,0
2024-10-07,156.37042236328125,65.64956665039062,3.4897645417230194,-0.597266596330959,0
2024-10-08,159.372314453125,65.81128692626953,6.20405964999884,0.2601045760171967,0
2024-10-09,161.35487365722656,66.18229675292969,7.526829562376747,0.6562081024246095,0
2024-10-10,161.77569580078125,65.87786865234375,8.489034673262807,0.9022287367472444,0
2024-10-11,163.4777069091797,66.18229675292969,9.649662814329872,1.1719770532656422,0
2024-10-14,164.68411254882812,66.91480255126953,9.55340893624853,1.0685119987550484,0
2024-10-15,164.4970703125,66.91480255126953,9.366366699920405,0.9619272007001195,0
2024-10-16,163.16912841796875,67.13360595703125,7.649313429515843,0.4539531428782217,0
2024-10-17,163.34681701660156,66.49622344970703,8.960498024333447,0.8761049471974494,0
2024-10-18,163.7115020751953,67.00993347167969,8.4116213732554,0.7418654876323806,0
2024-10-21,163.66476440429688,66.06814575195312,10.039721962427166,1.235479371341893,0
2024-10-22,163.06625366210938,66.06814575195312,9.441211220239666,1.0633582619757471,0
2024-10-23,161.73829650878906,64.69825744628906,10.549409580833924,1.359136987294872,0
2024-10-24,160.99954223632812,64.02283477783203,11.011800431797383,1.4664216728104722,0
2024-10-25,160.65350341796875,63.66133499145508,11.308638623351783,1.488380278239926,0
2024-10-28,158.82989501953125,63.42350769042969,9.907972948315035,1.043614194845086,0
2024-10-29,156.6416015625,62.36756134033203,9.597532972149395,0.9270825191433568,0
2024-10-30,155.43524169921875,62.71002960205078,7.782141014297167,0.40214670571140054,0
2024-10-31,155.3136444091797,62.129730224609375,8.692525326137542,0.6452179977262718,0
2024-11-01,154.8554229736328,61.84435272216797,8.741808023040932,0.6105034359726229,0
2024-11-04,155.5568084716797,61.93947219848633,9.274036783450498,0.709558147894016,0
2024-11-05,156.96890258789062,62.18682098388672,10.246255542727766,0.9237504104474288,0
2024-11-06,154.032470703125,60.5981330871582,10.135083763842374,0.8380587911239625,0
2024-11-07,153.36849975585938,60.560081481933594,9.538782295539306,0.6091715950027257,0
2024-11-08,154.40652465820312,60.80741882324219,10.136952192672396,0.7503856851053196,0
2024-11-11,153.61163330078125,60.274688720703125,10.289447108542106,0.7623341325259526,0
2024-11-12,153.68646240234375,60.12248229980469,10.634954125954977,0.8416749330571327,0
2024-11-13,154.060546875,59.932220458984375,11.347392777331834,1.092809372109331,0
2024-11-14,154.4439239501953,59.504127502441406,12.492073538556212,1.5972698249790735,0
2024-11-15,148.33726501464844,58.73358154296875,7.755723247978722,-0.8850403047285439,0
2024-11-18,148.06607055664062,58.84773254394531,7.281527136990803,-1.5332326606132838,0
2024-11-19,146.5604248046875,59.54218673706055,4.5408913462704845,-3.121387693640697,1
2024-11-20,148.449462890625,59.92271423339844,5.753214290859091,-2.151495494056988,1
2024-11-21,149.9457550048828,60.655208587646484,5.946867239110134,-1.8630446540351038,0
2024-11-22,151.49813842773438,60.80741882324219,7.228565962203646,-1.0623260123448226,0
2024-11-25,152.48008728027344,61.24502182006836,7.4322988469037625,-0.8960743062171761,0
2024-11-26,151.64781188964844,61.406742095947266,6.312426474710833,-1.4082474713897428,0
2024-11-27,152.1714630126953,61.2925910949707,7.039079250737814,-0.9995902410250258,0
2024-11-29,152.85414123535156,61.42198944091797,7.491640541475249,-0.7271931295799405,0
2024-12-02,152.48008728027344,61.009822845458984,7.8505674579230345,-0.5271512919979184,0
2024-12-03,151.2176055908203,60.88521194458008,6.809688896268625,-1.0029342567173143,0
2024-12-04,149.79612731933594,59.62955093383789,7.621228807565387,-0.5508867144185922,0
2024-12-05,150.08604431152344,60.31010055541992,6.700883104426168,-0.9584233211622042,0
2024-12-06,148.81752014160156,59.936279296875,6.097147966177403,-1.1886958285645546,0
2024-12-09,150.40199279785156,60.00337219238281,7.562305254407931,-0.38254650155645525,0
2024-12-10,150.75096130371094,60.30051803588867,7.382841272669225,-0.4382838353181034,0
2024-12-11,147.85552978515625,60.041717529296875,4.947650401859789,-1.6128327162168725,0
2024-12-12,149.86441040039062,61.19194412231445,4.911013258277649,-1.516202710679844,0
2024-12-13,148.98728942871094,60.50180435180664,5.261209725795538,-1.2504957957816891,0
2024-12-16,147.14816284179688,59.955448150634766,4.393701530353951,-1.5391418536687924,0
2024-12-17,147.2613525390625,60.77019500732422,3.0579774445309624,-1.9427755852254744,0
2024-12-18,145.64857482910156,60.243003845214844,2.3827357739314152,-2.0184383574255285,1
2024-12-19,142.8568878173828,59.859596252441406,0.27288575384898195,-2.5024910803009126,1
2024-12-20,144.10183715820312,59.955448150634766,1.347375846760201,-1.8948375935546231,0
2024-12-23,142.68710327148438,59.792503356933594,0.2224165759699872,-2.0680752881812237,1
2024-12-24,144.1206817626953,60.23341751098633,0.871890667488401,-1.704527364737053,0
2024-12-26,143.771728515625,59.9746208190918,0.9831712842556612,-1.5598978928190208,0
2024-12-27,144.19613647460938,59.859596252441406,1.6121344110755444,-1.2901510395326345,0
2024-12-30,143.09268188476562,59.4570198059082,1.2246059488868468,-1.4144108169618452,0
2024-12-31,143.41334533691406,59.67747116088867,1.1532273770504844,-1.3412231300001174,0
2025-01-02,141.66856384277344,59.27490234375,0.12435844274958185,-1.5890312372937583,0
2025-01-03,141.140380859375,59.188636779785156,-0.25041325270296966,-1.590418044915392,0
2025-01-06,137.9525909423828,58.287628173828125,-1.8358848825683367,-1.921999949051444,0
2025-01-07,137.1320343017578,58.31637954711914,-2.707571835267629,-1.9728094392832212,0
2025-01-08,138.20724487304688,59.15028762817383,-3.1153506152706427,-1.8971574652238752,0
2025-01-10,134.52899169921875,58.53683853149414,-5.702670029606793,-2.3205025312841356,1
2025-01-13,136.28323364257812,59.0927848815918,-4.937101221590808,-1.9076893641575217,0
2025-01-14,136.70767211914062,59.46660232543945,-5.17744499279371,-1.795215757985435,0
2025-01-15,136.5472869873047,59.20779800415039,-4.877582692976716,-1.5943378322664388,0
2025-01-16,138.20724487304688,59.66789245605469,-4.035838694668826,-1.3082008325951064,0
2025-01-17,139.82000732421875,60.10881423950195,-3.207194211004804,-1.0405781679643693,0
2025-01-21,140.10293579101562,59.830841064453125,-2.4299291765362625,-0.798402710290422,0
2025-01-22,139.66909790039062,59.21739196777344,-1.7728333076693161,-0.5823079829071436,0
2025-01-23,140.16896057128906,58.977760314941406,-0.8468191250443624,-0.29130969714172505,0
2025-01-24,140.64053344726562,59.35158157348633,-1.0400352807408808,-0.28655229508269653,0
2025-01-27,145.81834411621094,61.2206916809082,0.8138234459313196,0.34941468834320166,0
2025-01-28,141.70626831054688,59.77333450317383,-0.7243292489487771,-0.0865294824055445,0
2025-01-29,141.81942749023438,60.223838806152344,-1.412329212824659,-0.26297656084944604,0
2025-01-30,143.262451171875,61.39323043823242,-2.048905642111663,-0.43942770900753303,0
2025-01-31,142.1212615966797,60.84687805175781,-2.2184836097421794,-0.45432790053757943,0
2025-02-03,141.7251434326172,60.72226333618164,-2.392991862098313,-0.47701473041349507,0
2025-02-04,135.3306884765625,60.070472717285156,-7.628328002715904,-2.4786900936343113,1
2025-02-05,137.3772735595703,60.50180435180664,-6.348806143345087,-1.7695311342714355,0
2025-02-06,137.0849151611328,60.73185348510742,-7.050274877453546,-1.8671217258798705,0
2025-02-07,136.3586883544922,61.19194412231445,-8.594708787620789,-2.170580295527163,1
2025-02-10,136.1417694091797,61.87248611450195,-10.021876860444706,-2.3422393068049567,1
2025-02-11,137.3583984375,64.79597473144531,-14.004265069212607,-2.9615582473864683,1
2025-02-12,135.80224609375,65.85993194580078,-17.452517099925615,-3.125306614300566,1
2025-02-13,136.3586883544922,66.6171646118164,-18.242707646400476,-2.7649051328629675,1
2025-02-14,135.23635864257812,66.0133056640625,-18.29115834269348,-2.4122845196740887,1
2025-02-18,135.90599060058594,66.18583679199219,-17.92834896057741,-2.089668504708539,1
2025-02-19,137.51873779296875,67.16352081298828,-18.054276599396417,-1.9062467589130059,0
2025-02-20,140.6216583251953,67.13477325439453,-14.900232539003213,-1.2904719369552673,0
2025-02-21,144.77146911621094,68.39043426513672,-12.983439930768725,-0.9203240389385483,0
2025-02-24,145.10157775878906,67.66194915771484,-11.357822009140193,-0.6173650713398166,0
2025-02-25,147.5254364013672,68.52461242675781,-10.468089813836059,-0.44879000418734255,0
2025-02-26,142.89462280273438,67.86324310302734,-13.922750204883926,-0.9400871021234408,0
2025-02-27,143.3756103515625,67.93033599853516,-13.561078024075243,-0.8315365852058845,0
2025-02-28,144.74317932128906,68.25623321533203,-12.773071854021055,-0.6654379526844064,0
2025-03-03,147.119873046875,69.3201904296875,-12.288477815398124,-0.5490152078491382,0
2025-03-04,145.4222412109375,67.27854919433594,-10.355335133170797,-0.21273829773185426,0
2025-03-05,145.12985229492188,67.17311096191406,-10.46021684131415,-0.19059076845141945,0
2025-03-06,145.81834411621094,67.53734588623047,-10.41946609173496,-0.14125612347876373,0
2025-03-07,146.9458465576172,68.46710205078125,-10.945405465622173,-0.17927381908723197,0
2025-03-10,148.66799926757812,68.48628234863281,-9.257362243402952,0.1648896694433862,0
2025-03-11,144.938232421875,68.0932846069336,-12.28823735359893,-0.3232057448946724,0
2025-03-12,140.98008728027344,67.03892517089844,-14.371351119923673,-0.6776644052921419,0
2025-03-13,141.141845703125,66.73219299316406,-13.664112249510822,-0.4819291857382883,0
2025-03-14,141.37969970703125,66.78047943115234,-13.512128948833492,-0.39490560456138424,0
2025-03-17,143.9962615966797,67.70744323730469,-12.544043054067401,-0.09049688086955002,0
2025-03-18,141.7602996826172,66.99290466308594,-13.50929765550427,-0.2845455517692128,0
2025-03-19,140.92300415039062,66.8963394165039,-14.174865349088321,-0.43709464970779344,0
2025-03-20,140.00958251953125,67.3115463256836,-15.826674625882958,-0.9166815272730284,0
2025-03-21,138.39207458496094,66.30733489990234,-15.658332435346097,-0.8172796325605576,0
2025-03-24,139.3435516357422,66.57769775390625,-15.187658056444036,-0.5972946412409272,0
2025-03-25,138.47769165039062,66.44251251220703,-15.813109921948353,-0.7794329661303279,0
2025-03-26,141.42726135253906,67.61088562011719,-14.941329027380846,-0.4271978939726188,0
2025-03-27,142.40731811523438,68.30610656738281,-15.197625868893482,-0.5727062604818154,0
2025-03-28,142.02671813964844,67.94884490966797,-14.942885755981933,-0.5441734947216375,0
2025-03-31,142.66419982910156,69.15583038330078,-16.45185958749917,-1.261363104569956,0
2025-04-01,142.40731811523438,69.39722442626953,-17.13802697843431,-1.609724641729713,0
2025-04-02,141.8839874267578,68.87580871582031,-16.734092463754905,-1.5019853541059274,0
2025-04-03,144.02481079101562,70.66216278076172,-17.77005094887653,-1.834937476939964,0
2025-04-04,139.49578857421875,67.52397918701172,-16.718250821267503,-1.27807949997901,0
2025-04-07,136.2417449951172,66.01765441894531,-17.293505644893003,-1.4144767265574576,0
2025-04-08,133.49200439453125,66.06593322753906,-20.129103380892502,-2.3156346956030274,1
2025-04-09,138.5252685546875,67.54328155517578,-17.723097413585776,-1.277608079786989,0
2025-04-10,137.14564514160156,68.3254165649414,-20.493638983128676,-2.0743318639446318,1
2025-04-11,137.4215545654297,68.97235870361328,-21.36822602809488,-2.1091693295884837,1
2025-04-14,139.6289825439453,69.95726776123047,-20.91232160189938,-1.7811041733208763,0
2025-04-15,135.90872192382812,69.38756561279297,-23.619446315631706,-2.329278293201797,1
2025-04-16,133.29217529296875,69.21376037597656,-25.926904545439072,-2.5940231240122573,1
2025-04-17,135.90872192382812,70.48834991455078,-25.57703784719672,-2.2393504648161624,1
2025-04-21,134.8525848388672,70.26625061035156,-26.2382022600614,-2.1599251307966343,1
2025-04-22,136.4986572265625,71.35737609863281,-26.532544549722246,-2.0624229508213796,1
2025-04-23,135.35687255859375,70.77803039550781,-26.64404359272794,-1.9008926664387717,0
2025-04-24,128.74412536621094,70.02486419677734,-31.917389623465056,-2.609833170688921,1
2025-04-25,126.90776824951172,69.43585968017578,-32.706284260992334,-2.3991202533709157,1
2025-04-28,127.26932525634766,69.31997680664062,-32.1386457070962,-2.05545050015701,1
2025-04-29,127.7926254272461,69.86071014404297,-32.57696444777142,-1.9343295968597705,0
2025-04-30,129.0010223388672,70.0538330078125,-31.712009645620014,-1.651019126465444,0
2025-05-01,127.06951904296875,68.8371810913086,-31.479866998523903,-1.4953583664752883,0
2025-05-02,127.25982666015625,69.18479919433594,-31.90774975125572,-1.4457870289004475,0
2025-05-05,125.58521270751953,69.23307800292969,-33.668220839306,-1.579812544678476,0
2025-05-06,124.39588165283203,69.25238800048828,-34.891892034595884,-1.6240329371521092,0
2025-05-07,125.51861572265625,69.90899658203125,-34.93684485559018,-1.5099269954316281,0
2025-05-08,125.0523910522461,68.7213134765625,-33.290940577817025,-1.1963810759945355,0
2025-05-09,124.11043548583984,68.09367370605469,-33.11672624821597,-1.1011258724144923,0
2025-05-12,125.2902603149414,67.13773345947266,-30.236894861605492,-0.6308342593963849,0
2025-05-13,123.98673248291016,66.58734893798828,-30.561640495669565,-0.6286311450158137,0
2025-05-14,122.21699523925781,66.78047943115234,-32.67483341660693,-0.8998920937358925,0
2025-05-15,125.1189956665039,69.14617156982422,-33.97988689588797,-1.0488157630314137,0
2025-05-16,125.57572174072266,69.52275848388672,-34.19286818639975,-1.024371182394505,0
2025-05-19,125.39493560791016,69.45515441894531,-34.25342990756562,-0.9881646419839605,0
2025-05-20,125.40445709228516,69.22342681884766,-33.83181316814688,-0.8708594187523637,0
2025-05-21,123.8344955444336,69.37791442871094,-35.67650940863271,-1.1654009617120704,0
2025-05-22,123.80596160888672,68.69234466552734,-34.48585302636516,-0.904086116318249,0
2025-05-23,123.06380462646484,69.30066680908203,-36.30982619637666,-1.267881778478848,0
2025-05-27,124.99530029296875,69.3103256225586,-34.39550738408161,-0.7819113033967338,0
2025-05-28,124.32926940917969,68.70199584960938,-33.97970851246572,-0.6482093251000072,0
2025-05-29,125.51861572265625,69.0302963256836,-33.374198860490765,-0.41828540371733514,0
2025-05-30,125.0714340209961,69.61930847167969,-34.86885660913816,-0.8694249186624529,0
2025-06-02,124.5576400756836,69.52275848388672,-35.21094985143881,-0.9681182081087011,0
2025-06-03,125.45201110839844,68.71165466308594,-32.874143667455826,0.03256095567463401,0
2025-06-04,125.34735107421875,68.9144287109375,-33.33940909749873,-0.08671810018294843,0
2025-06-05,124.74791717529297,68.47026824951172,-33.14896549130867,0.16727214411448887,0
2025-06-06,125.0778579711914,68.89512634277344,-33.57457562773902,-0.09004858730664692,0
2025-06-09,125.01053619384766,69.30066680908203,-34.36309462899385,-0.6047209833108407,0
2025-06-10,126.8093032836914,69.86071014404297,-33.560286591326104,-0.007950431613229671,0
2025-06-11,124.95279693603516,69.59034729003906,-34.93599026710319,-0.9274036885392591,0
2025-06-12,127.26141357421875,69.75448608398438,-32.919271607947394,0.5462439231890337,0
2025-06-13,125.86663055419922,69.06404876708984,-33.08620804397145,0.4841063007775437,0
2025-06-16,126.40530395507812,68.57781982421875,-31.68284420424243,1.5344453159646305,0
2025-06-17,124.36603546142578,67.70260620117188,-32.16566719440155,1.1068852470954522,0
2025-06-18,124.15442657470703,67.30390167236328,-31.668235619745673,1.3678491674855573,0
2025-06-20,124.15442657470703,66.94408416748047,-31.028350313112355,1.6776779580244237,0
2025-06-23,124.17365264892578,67.81930541992188,-32.56558331020216,0.5817933756550399,0
2025-06-24,126.05901336669922,68.2763671875,-31.493043273268995,1.2542805464162834,0
2025-06-25,123.1444091796875,67.71232604980469,-33.404578872871355,0.036074702668570074,0
2025-06-26,123.3367919921875,67.55674743652344,-32.93552117014474,0.478674929103448,0
2025-06-27,126.04939270019531,68.39305877685547,-31.71018367525818,1.3961661656459683,0
2025-06-30,127.01129913330078,68.80148315429688,-31.474603100258832,1.4596968433337743,0
2025-07-01,130.10867309570312,69.6961441040039,-29.96825900262806,2.261467436277002,-1
2025-07-02,131.28219604492188,68.95709228515625,-27.480435350125674,3.107781622913972,-1
2025-07-03,130.22410583496094,69.38497161865234,-29.299449347286384,1.8835642616710822,0
2025-07-07,129.32952880859375,69.05432891845703,-29.606024392845427,1.6029322770972552,0
2025-07-08,129.89706420898438,68.30552673339844,-27.706848621178324,2.267647246936851,-1
2025-07-09,129.35838317871094,67.56646728515625,-26.931215380352796,2.370388093897526,-1
2025-07-10,130.89744567871094,67.84847259521484,-25.893660038426844,2.449930344243461,-1
2025-07-11,130.10867309570312,67.94573211669922,-26.855395131272246,1.858859423899154,0
2025-07-14,130.40687561035156,67.55674743652344,-25.865437551980676,2.0031759757715664,-1
2025-07-15,128.71389770507812,67.44976806640625,-27.368167550685,1.3606792152561926,0
2025-07-16,130.1952667236328,67.36223602294922,-25.73113498683955,1.7990557658092003,0
2025-07-17,139.90097045898438,68.64588928222656,-18.30822974871799,3.333903463610563,-1
2025-07-18,137.78477478027344,67.92627716064453,-19.144695517608284,2.6156023053293804,-1
2025-07-21,136.30340576171875,68.14021301269531,-21.006519645855207,1.9412391415078936,0
2025-07-22,140.47811889648438,67.74151611328125,-16.122779617530284,2.5951205201101906,-1
2025-07-23,140.11260986328125,67.25528717041016,-15.62359821188329,2.3544873855908106,-1
2025-07-24,139.00640869140625,67.19692993164062,-16.62601916429267,1.95154108406469,0
2025-07-25,137.9867706298828,67.26500701904297,-17.766722842013223,1.6183018518117172,0
2025-07-28,136.17837524414062,66.21473693847656,-17.707359201495933,1.5046202189120268,0
2025-07-29,138.41001892089844,67.46922302246094,-17.706644263958367,1.3979880715770616,0
2025-07-30,137.4192352294922,66.85657501220703,-17.607918816482396,1.3148887175424824,0
2025-07-31,132.6673583984375,66.02025604248047,-20.8725188666005,0.7260454939344216,0
2025-08-01,133.97557067871094,66.96354675292969,-21.24181770601743,0.6155909054414836,0
2025-08-04,134.24490356445312,67.06078338623047,-21.14540662666687,0.5840484107881633,0
2025-08-05,134.13909912109375,67.14830780029297,-21.406861047501707,0.49056423402270116,0
2025-08-06,135.43768310546875,67.59564208984375,-20.90379877942013,0.5300632122386094,0
2025-08-07,138.43885803222656,68.49030303955078,-19.493653717433887,0.7335711288953118,0
2025-08-08,139.6797332763672,68.40277862548828,-18.0971284958178,0.9455229462522703,0
2025-08-11,139.35267639160156,68.80148315429688,-19.13322584195805,0.6911438877859034,0
2025-08-12,141.2764892578125,68.76258850097656,-17.140244253190474,1.0524082997030781,0
2025-08-13,143.6620635986328,68.51947784423828,-14.322331476852781,1.5670760513571695,0
2025-08-14,142.95986938476562,67.63453674316406,-13.450781222679893,1.6267139157657236,0
2025-08-15,144.6720733642578,67.99434661865234,-12.378448982005693,1.741779677997659,0
2025-08-18,143.8544464111328,67.22610473632812,-11.829864770391254,1.7615361282948918,0
2025-08-19,146.36505126953125,68.19856262207031,-11.048640789693025,1.8016721697100828,0
2025-08-20,144.989501953125,68.75286865234375,-13.409946161146479,1.2173463045355453,0
2025-08-21,143.30615234375,68.7139663696289,-15.02411348014951,0.8019311343828901,0
2025-08-22,143.94100952148438,68.19856262207031,-13.4726825377399,1.1127399124572561,0
2025-08-25,142.5558624267578,67.0316162109375,-12.782578006352367,1.225521467363352,0
2025-08-26,141.4015655517578,66.83712768554688,-13.591004132938451,1.004162643139674,0
2025-08-27,142.01719665527344,66.93435668945312,-13.148281267999096,1.1127512360906107,0
2025-08-28,141.38232421875,66.47731018066406,-12.970360159312946,1.09356644245913,0
2025-08-29,142.98870849609375,67.08995819091797,-12.453485020851389,1.1678073341837782,0
2025-09-02,144.556640625,67.15802764892578,-11.006604940326952,1.4977362719889844,0
2025-09-03,142.97909545898438,67.08995819091797,-12.463098057960764,1.0041198151963002,0
2025-09-04,141.29576110839844,66.37034606933594,-12.866702498726056,0.8467222457256409,0
2025-09-05,142.19229125976562,66.08832550048828,-11.46863805365416,1.1756918589137964,0
2025-09-08,137.646484375,65.57292175292969,-15.09787117374455,0.11759111368670248,0
2025-09-09,138.9966278076172,65.9910888671875,-14.491379699410999,0.2622695136119811,0
2025-09-10,138.5692596435547,65.95218658447266,-14.849565573101529,0.13252400406622553,0
2025-09-11,140.09422302246094,65.75769805908203,-12.978731445781364,0.6318663086885963,0
2025-09-12,139.41429138183594,65.16448974609375,-12.603724740987161,0.690096408552916,0
2025-09-15,136.607177734375,64.88031768798828,-14.905477970820101,-0.07862187158297176,0
2025-09-16,136.01466369628906,64.90971374511719,-15.550268801375779,-0.3805866543264768,0
2025-09-17,137.1802520751953,65.69364166259766,-15.77878701552919,-0.5927837930302454,0
2025-09-18,136.69459533691406,65.12528991699219,-15.253709350739143,-0.5261202184438194,0
2025-09-19,137.69505310058594,65.09589385986328,-14.200974794597528,-0.14205231490469986,0
2025-09-22,136.98597717285156,64.88031768798828,-14.526678532343539,-0.40538530324672106,0
2025-09-23,137.83103942871094,65.37027740478516,-14.552941377031061,-0.610030151589411,0
2025-09-24,138.09329223632812,65.11549377441406,-13.837591376440287,-0.22260464496363133,0
2025-09-25,135.90782165527344,64.65493774414062,-15.204027217233147,-1.2106243690976206,0
2025-09-26,136.4129180908203,64.35115051269531,-14.158687510842697,-0.4158696856541283,0
2025-09-29,136.15065002441406,64.71372985839844,-15.065752433032031,-1.0168019977379539,0
2025-09-30,136.4129180908203,64.98809814453125,-15.291410141553627,-1.1113960194561365,0
2025-10-01,139.03549194335938,65.43887329101562,-13.470477090022229,0.3328859913988657,0
2025-10-02,138.22927856445312,64.77252197265625,-13.091677477932478,0.6275358250607511,0
2025-10-03,137.9087371826172,65.31147766113281,-14.370676470369972,-0.4238731619893584,0
2025-10-06,135.69410705566406,64.77252197265625,-15.62684898672154,-1.3450086708803255,0
2025-10-07,136.7528533935547,65.44866943359375,-15.770536714711739,-1.3535862558054221,0
2025-10-08,134.8587646484375,64.79212188720703,-16.49704711153305,-1.7418584515044055,0
2025-10-09,140.5604705810547,65.03710174560547,-11.231003729189297,1.9411877947828973,0
2025-10-10,145.7764892578125,65.69364166259766,-7.182549832912002,3.4888035799785513,-1
2025-10-13,144.62060546875,65.45846557617188,-7.92020571440122,2.6455706750345316,-1
2025-10-14,147.19461059570312,66.15421295166016,-6.583490370913864,2.787989852947053,-1
2025-10-15,146.8255157470703,65.73284149169922,-6.203234778824083,2.520722092658785,-1
2025-10-16,148.29220581054688,66.23259735107422,-5.625290890779212,2.363131779313182,-1
2025-10-17,149.30238342285156,67.0655288696289,-6.09636594940423,2.006623237614135,-1
2025-10-20,149.23439025878906,67.0655288696289,-6.16435911346673,1.799240789452062,0
2025-10-21,148.78758239746094,69.7896957397461,-11.455718252457075,0.3009818574591601,0
2025-10-22,148.6418914794922,69.38792419433594,-10.886914447288177,0.42458391626355085,0
2025-10-23,147.1654815673828,68.53541564941406,-10.847256674328918,0.41470683693801674,0
2025-10-24,147.20431518554688,68.31002044677734,-10.407589087845679,0.5146830656911346,0
2025-10-27,148.2533721923828,68.65299224853516,-9.968459651392578,0.5930654184779454,0
2025-10-28,145.81532287597656,68.75099182128906,-12.580787555723532,-0.16613293133860646,0
2025-10-29,141.96888732910156,66.97733306884766,-13.27301809792965,-0.393251199359868,0
2025-10-30,143.31903076171875,67.59468841552734,-13.020755146253777,-0.34696819821278463,0
2025-10-31,141.90089416503906,67.51628875732422,-14.299468872593707,-0.7203249592453148,0
2025-11-03,139.48228454589844,66.60497283935547,-15.097430086095528,-0.9437826319362422,0
2025-11-04,138.80235290527344,67.28112030029297,-16.97979579260135,-1.430067563553752,0
2025-11-05,138.7635040283203,67.13412475585938,-16.757233571575085,-1.3047546583359957,0
2025-11-06,137.52020263671875,67.6730728149414,-18.958979005962874,-1.7925461170825618,0
2025-11-07,138.85092163085938,69.13316345214844,-20.22482780639342,-1.9387194796541138,0
2025-11-10,138.5303955078125,69.10375213623047,-20.493050001339896,-1.8512418264244082,0
2025-11-11,140.9198455810547,70.17186737060547,-20.003094074416026,-1.6298807634806909,0
2025-11-12,140.2496337890625,70.0738754272461,-20.49904084629884,-1.6092710683606182,0
2025-11-13,140.861572265625,69.64270782470703,-19.12033085412895,-1.2378367642304742,0
2025-11-14,141.66778564453125,69.73090362548828,-18.47096142044728,-1.0548566547040894,0
2025-11-17,143.5909881591797,69.26054382324219,-15.711289522836893,-0.4939050850770125,0
2025-11-18,144.50405883789062,69.7896957397461,-15.739241812027387,-0.4998447867124545,0
2025-11-19,142.8916473388672,69.6819076538086,-17.159967216056657,-0.7811282787115255,0
2025-11-20,141.9105987548828,69.77989959716797,-18.315280820150406,-0.9542235850716781,0
2025-11-21,142.13401794433594,71.48495483398438,-21.1240648399112,-1.4117233095994828,0
2025-11-24,141.3278045654297,71.1321792602539,-21.302916005734517,-1.3492942014187883,0
2025-11-25,141.92030334472656,71.15178680419922,-20.74528651183789,-1.1693968675959134,0
2025-11-26,143.7366943359375,71.41636657714844,-19.399413788485333,-0.8481792949348397,0
2025-11-28,144.4748992919922,71.65154266357422,-19.079436740003956,-0.737285974812811,0
2025-12-01,145.22280883789062,71.00025177001953,-17.173297070572573,-0.24655785128487828,0
2025-12-02,144.3486328125,69.73715209960938,-15.801226293234492,0.1941484274662207,0
2025-12-03,143.81439208984375,69.87529754638672,-16.581139448086333,0.02498054839649367,0
2025-12-04,142.6973876953125,69.52005004882812,-17.066385657367448,-0.05892692356269932,0
2025-12-05,142.2393341064453,69.07598876953125,-16.734738122718113,0.10900614615983584,0
2025-12-08,142.837646484375,69.32269287109375,-16.575154621326647,0.24950638987742407,0
2025-12-09,141.86660766601562,69.16480255126953,-17.265407501414188,0.10355732226600682,0
2025-12-10,146.82958984375,69.28321838378906,-12.513011385429849,2.0436952151921495,-1
2025-12-11,146.1822509765625,68.19773864746094,-11.229975758606031,2.396870253197639,-1
2025-12-12,147.76138305664062,69.58912658691406,-12.125233296044797,1.9962413915343828,0
2025-12-15,148.32044982910156,70.03318786621094,-12.355867647100354,1.8158819816712901,0
2025-12-16,147.4867401123047,69.44110870361328,-12.136647055147023,1.7736174199712869,0
2025-12-17,147.2023162841797,69.73715209960938,-12.947542821554805,1.3951543225270726,0
2025-12-18,146.5059356689453,69.43123626708984,-13.099894745468248,1.2659799305954949,0
2025-12-19,145.3191375732422,69.13520050048828,-13.76023447070395,0.9850435914932008,0
2025-12-22,144.2304229736328,69.28321838378906,-15.112178255547036,0.5043647576326277,0
2025-12-23,140.92503356933594,68.94771575927734,-17.82092298066999,-0.42114448216498457,0
2025-12-24,140.98388671875,69.18453979492188,-18.183228386940698,-0.5735061393359548,0
2025-12-26,141.0231170654297,68.94771575927734,-17.72283948457624,-0.4617004109671276,0
2025-12-29,141.47430419921875,69.23387908935547,-17.78055396821651,-0.503758416625075,0
2025-12-30,141.3958282470703,69.14507293701172,-17.701100549913917,-0.48743424756150383,0
2025-12-31,140.76809692382812,68.9871826171875,-18.04804593488427,-0.580942139970706,0
2026-01-02,139.50282287597656,68.20761108398438,-17.92696061223006,-0.5098714043335455,0
2026-01-05,137.2371368408203,67.04318237304688,-18.121872400331426,-0.5650965173845942,0
2026-01-06,136.29554748535156,66.94450378417969,-18.887975632310997,-0.8252387896856389,0
2026-01-07,134.38291931152344,66.6484603881836,-20.27413186785634,-1.3437628538656774,0
2026-01-08,136.69766235351562,68.45430755615234,-21.17083644341389,-1.6705432106552653,0
2026-01-09,137.22731018066406,69.57926177978516,-22.641762986798597,-2.08677052931397,1
2026-01-12,138.64952087402344,69.56939697265625,-21.20200910821643,-1.5298817219773364,0
2026-01-13,140.72886657714844,70.29962921142578,-20.421279713852584,-1.2337305599615338,0
2026-01-14,143.12208557128906,70.49699401855469,-18.37904653450562,-0.5444968424747807,0
2026-01-15,143.75961303710938,69.5496597290039,-16.05681700686958,0.2204215938299025,0
2026-01-16,143.51441955566406,69.51019287109375,-16.231824179608452,0.1590672631186835,0
2026-01-20,144.82872009277344,70.80289459228516,-17.21641356871146,-0.16242230921450657,0
2026-01-21,143.92636108398438,71.05946350097656,-18.575044639261534,-0.5845325252256105,0
2026-01-22,141.6312255859375,70.92131042480469,-20.62449413729746,-1.178685881082636,0
2026-01-23,141.80776977539062,71.91797637939453,-22.220381503589294,-1.5613307320470615,0
2026-01-26,143.0730438232422,71.6021957397461,-20.393535579194065,-0.9445137101170619,0
2026-01-27,145.92724609375,72.57913970947266,-19.276692061800958,-0.5488874995286893,0
2026-01-28,145.65260314941406,72.09559631347656,-18.691420438283245,-0.30116965959729636,0
2026-01-29,145.83895874023438,72.4607162475586,-19.154379785751217,-0.410897933844954,0
2026-01-30,150.6842498779297,73.82249450683594,-16.73082157427379,0.6084806755714994,0
2026-02-02,152.22413635253906,74.33563995361328,-16.103492791001713,0.9789856508223439,0
2026-02-03,159.7274627685547,75.87503814697266,-11.33777160992139,2.8608345819340557,-1
2026-02-04,162.99359130859375,76.32896423339844,-8.878887378621613,3.226389451955237,-1
2026-02-05,164.31771850585938,77.47366333007812,-9.590448057965347,2.5911526696141705,-1
2026-02-06,167.22096252441406,77.9867935180664,-7.599734595117297,2.6783805842708475,-1
2026-02-09,163.27804565429688,76.9407958984375,-9.682490415560295,1.9067046803545225,0
2026-02-10,163.76846313476562,75.79609680175781,-7.156385058482186,2.225143617097659,-1
2026-02-11,165.9066619873047,77.56246948242188,-8.159433946971063,1.80931845540109,0
2026-02-12,163.99403381347656,77.95719146728516,-10.774020182571121,1.1718141882979054,0
2026-02-13,162.75820922851562,77.64141845703125,-11.448286458803722,0.9704362978258656,0
2026-02-17,158.81529235839844,78.50979614257812,-16.935492069877682,-0.1658036203736378,0
2026-02-18,161.23793029785156,78.44071960449219,-14.390011130419083,0.3336652825032623,0
2026-02-19,161.43408203125,77.8683853149414,-13.176042594346654,0.5454502481840929,0
2026-02-20,161.7773895263672,78.78610229492188,-14.46476690193083,0.24267182463179596,0
2026-02-23,165.0925750732422,79.49659729003906,-12.413097725556128,0.6223862157334447,0
2026-02-24,166.28916931152344,79.65448760986328,-11.497289425546711,0.7646739214284051,0
2026-02-25,165.92626953125,79.40779113769531,-11.421473897097258,0.7277888351418954,0
2026-02-26,164.36676025390625,79.43739318847656,-13.033626297924684,0.31599063257825516,0
2026-02-27,166.4853515625,80.4833984375,-12.775209606820482,0.33730235711414075,0
2026-03-02,164.072509765625,79.16109466552734,-12.836518353999395,0.29794167214735884,0
2026-03-03,161.74795532226562,78.2927017211914,-13.616756920771309,0.09266793168045637,0
2026-03-04,160.77694702148438,77.0690689086914,-12.411704727530292,0.34443537937204927,0
2026-03-05,157.61868286132812,76.01319885253906,-13.692251084974231,-0.002300372527381766,0
2026-03-06,157.77008056640625,76.02306365966797,-13.55839656511887,-0.028846926013981193,0
2026-03-09,159.8482208251953,76.77304077148438,-12.813986121167233,0.09204288628593545,0
2026-03-10,159.1060333251953,76.85197448730469,-13.69654623858014,-0.2459019418202717,0
2026-03-11,158.4825897216797,76.60527038574219,-13.881260965557573,-0.3874560407645021,0
2026-03-12,157.20602416992188,76.58554077148438,-15.122740146869802,-0.9005090431349789,0
2026-03-13,158.2154083251953,76.8438720703125,-14.572762218698784,-0.835027018635479,0
2026-03-16,156.07789611816406,77.32079315185547,-17.5584121298765,-1.9631889587076452,0
2026-03-17,154.87059020996094,77.08233642578125,-18.341655969914058,-2.125007201222089,1
2026-03-18,151.94140625,75.48265838623047,-18.42603538601071,-1.9332851682805354,0
2026-03-19,151.14974975585938,75.06536102294922,-18.475586652815423,-1.790793871204955,0
2026-03-20,148.47784423828125,74.2704849243164,-19.733915762334107,-1.9939088978153825,0
2026-03-23,149.30911254882812,74.62818145751953,-19.53876090575858,-1.8119698916047626,0
2026-03-24,149.02212524414062,74.19100189208984,-19.048285256357985,-1.5382971067262345,0
2026-03-25,150.15025329589844,74.76728057861328,-18.944988567800237,-1.4614494819940522,0
2026-03-26,149.25962829589844,74.21087646484375,-18.846126363537024,-1.3814110844541554,0
2026-03-27,151.4466094970703,75.22432708740234,-18.461425911837978,-1.1726253264882518,0
2026-03-30,155.18727111816406,75.78073120117188,-15.71025149500744,-0.14611965231888185,0
2026-03-31,153.67318725585938,75.56214904785156,-16.83561744808341,-0.5618837349408325,0
2026-04-01,153.0398406982422,75.59195709228516,-17.52197346019821,-0.7695316465047479,0
2026-04-02,155.37527465820312,76.22785186767578,-16.317389772432534,-0.2945852681329747,0
2026-04-06,155.0981903076172,76.72463989257812,-17.47794241828646,-0.6818527604873438,0
2026-04-07,151.61485290527344,75.42304992675781,-18.646583389557378,-1.040205703751758,0
2026-04-08,153.18829345703125,76.79419708251953,-19.511537041243713,-1.2829823462534429,0
2026-04-09,155.8502960205078,77.67848205566406,-18.42211211368877,-0.823295072596241,0
2026-04-10,155.4247589111328,76.97303771972656,-17.593114746312494,-0.44975934923133287,0
2026-04-13,154.25704956054688,75.91984558105469,-16.88786859736726,-0.11414106611491753,0
2026-04-14,154.0987091064453,75.4131088256836,-16.145048325009412,0.25659483739848826,0
2026-04-15,153.23777770996094,74.82688903808594,-15.963469494917632,0.3832441088307911,0
2026-04-16,156.73101806640625,74.6977310180664,-12.24053959273644,2.064323862052516,-1
2026-04-17,156.02841186523438,75.25413513183594,-13.932632998171528,1.308439407698749,0
2026-04-20,155.35549926757812,74.99580383300781,-14.146139368725358,1.2356625874367329,0
2026-04-21,153.30703735351562,74.2208023071289,-14.816369033665268,1.0033878462165124,0
2026-04-22,152.1887969970703,74.15125274658203,-15.810925185554595,0.5789156272580133,0
2026-04-23,154.07891845703125,75.7906723022461,-16.836283019516344,0.11889190496621556,0
2026-04-24,153.82162475585938,76.138427734375,-17.712011311283476,-0.3004274250652025,0
2026-04-27,152.49559020996094,74.95606231689453,-16.935373676284172,0.16164769904352633,0
2026-04-28,154.6627655029297,77.8473892211914,-19.910020494876477,-1.3889934669760653,0
2026-04-29,153.67318725585938,78.36405944824219,-21.81842476396696,-2.1541251650063957,1
2026-04-30,156.83987426757812,78.25476837158203,-18.45737879763385,-0.5065764639894573,0
2026-05-01,155.7711181640625,78.07592010498047,-19.208078174163802,-0.8551006753647353,0
2026-05-04,152.98046875,77.68842315673828,-21.309618247572672,-1.7820771017591859,0
2026-05-05,153.42578125,77.9765625,-21.376721429172704,-1.716485328031046,0
2026-05-06,154.33621215820312,78.72174835205078,-21.791499747779227,-1.7691170575548996,0
2026-05-07,154.6627655029297,77.9268798828125,-20.051383562808553,-0.9968899172217273,0
2026-05-08,153.01016235351562,77.91693878173828,-21.686307848846525,-1.5788597188386533,0
2026-05-11,147.8544158935547,78.15541076660156,-27.26614351260369,-3.0454351787527756,1
2026-05-12,150.26901245117188,79.51661682128906,-27.27226229505456,-2.5785546344172117,1
2026-05-13,147.7158660888672,79.7451400756836,-30.231805429964055,-2.8174200289602194,1
2026-05-14,147.1221160888672,79.93392181396484,-31.16127745251049,-2.5715587371171007,1
2026-05-15,147.5674285888672,80.30155181884766,-31.369743702042598,-2.281007329334123,1
2026-05-18,147.508056640625,80.67910766601562,-32.100546127562325,-2.1392516357275615,1
2026-05-19,148.80441284179688,81.39449310302734,-32.076403266517815,-1.9172839470919676,0
2026-05-20,147.73565673828125,81.02687072753906,-32.49139418831666,-1.801597948647668,0
2026-05-21,147.3002471923828,80.64929962158203,-32.2553461213069,-1.6153018928678327,0
2026-05-22,149.00233459472656,80.95732116699219,-31.101032127315364,-1.3350107915122393,0
2026-05-26,144.16323852539062,79.94385528564453,-34.13782031154781,-1.636662262849354,0
2026-05-27,146.20179748535156,81.09642028808594,-34.148937645802334,-1.5117589585330797,0
2026-05-28,144.7668914794922,79.89418029785156,-33.44582731182712,-1.3154569758168635,0
2026-05-29,142.6887664794922,78.50315856933594,-33.05021394944612,-1.1916674938776315,0
2026-06-01,140.0465545654297,78.13553619384766,-35.03866068179184,-1.3820902574034393,0
2026-06-02,140.5215606689453,77.90701293945312,-34.15725780567141,-1.1870417310276815,0
2026-06-03,141.05592346191406,78.25476837158203,-34.24132960329791,-1.1338549440062458,0
2026-06-04,140.6699981689453,76.32720947265625,-31.199359920743944,-0.6307398641977551,0
2026-06-05,141.9199981689453,78.97014617919922,-34.6494546685787,-1.1008830253699022,0
2026-06-08,140.67999267578125,79.0297622680664,-35.995479070737986,-1.2413281619832959,0
2026-06-09,142.77999877929688,80.81820678710938,-37.07597239800242,-1.349057552394161,0
2026-06-10,144.32000732421875,83.05377197265625,-39.51160510132479,-1.6351336865393726,0
2026-06-11,143.72999572753906,82.00057983398438,-38.228661198473276,-1.3295830603734116,0
2026-06-12,144.27000427246094,82.09000396728516,-37.84768101704424,-1.2134486450330635,0
2026-06-15,146.25,80.91000366210938,-33.76921913136002,-0.45492416262216967,0
2026-06-16,146.1199951171875,80.27999877929688,-32.778848095412656,-0.21197865697655127,0
2026-06-17,141.58999633789062,79.93000030517578,-36.686423346407,-0.9509033286800355,0
2026-06-18,142.02000427246094,79.38999938964844,-35.29609901053479,-0.6113115251848672,0
2026-06-22,140.7100067138672,79.52999877929688,-36.85506598044955,-0.9983298046897697,0
2026-06-23,142.0500030517578,80.30999755859375,-36.90218881072323,-1.0688669650472613,0
2026-06-24,142.27000427246094,80.5999984741211,-37.19791381856086,-1.1342501550446558,0
2026-06-25,139.52000427246094,80.41999816894531,-39.62780835146023,-1.961374430035288,0
2026-06-26,141.38999938964844,82.62999725341797,-41.6879887333433,-2.428920663700185,1
2026-06-29,138.67999267578125,82.6500015258789,-44.43357025900798,-2.834242601880675,1
2026-06-30,135.39999389648438,81.2699966430664,-45.259422601261576,-2.6292721281383344,1
2026-07-01,141.16000366210938,81.29000091552734,-39.534987647434036,-0.9752177418171968,0
2026-07-02,144.22000122070312,84.13999938964844,-41.54331534475418,-1.42287168868311,0
2026-07-06,143.2899932861328,82.95999908447266,-40.3748571211793,-1.0323873031216442,0
2026-07-07,144.97999572753906,84.05000305175781,-40.623274888275574,-1.0307670674679383,0
2026-07-08,142.50999450683594,83.4000015258789,-41.93733894623668,-1.3134566295706043,0
2026-07-09,137.86000061035156,82.62999725341797,-45.21798751264018,-1.997513390956758,0
2026-07-10,137.3800048828125,83.48999786376953,-47.22737451990278,-2.221235414732279,1
2026-07-13,138.49000549316406,84.25,-47.468931833733365,-2.044267158186324,1
2026-07-14,135.4499969482422,83.08000183105469,-48.42826162640881,-2.0382082884120987,1
2026-07-15,135.39999389648438,82.44999694824219,-47.357888759406734,-1.653450962967396,0
2026-07-16,139.42999267578125,84.91999816894531,-47.72044305784033,-1.5938454779302234,0
2026-07-17,137.1199951171875,81.55999755859375,-44.05514760909921,-0.7913821264561516,0
2026-07-20,135.4600067138672,82.12000274658203,-46.711027225518876,-1.2772329046850115,0
2026-07-21,135.0,81.97000122070312,-46.90427712216632,-1.2350802720206606,0
2026-07-22,135.64999389648438,82.19999694824219,-46.663298586645595,-1.1070322371320889,0
2026-07-23,134.9499969482422,81.16999816894531,-45.53158619396237,-0.8077292873520081,0
2026-07-24,136.63999938964844,82.25,-45.76221655515991,-0.8064792029402985,0
2026-07-27,139.7899932861328,84.06999969482422,-45.84883857366398,-0.7714184381175302,0
2026-07-28,142.86000061035156,88.2699966430664,-50.247940724706154,-1.5753000435238103,0
2026-07-29,143.5,89.08000183105469,-51.04842272091821,-1.6445715716751084,0
2026-07-30,140.1999969482422,88.48999786376953,-53.29918590969578,-2.008048581818396,1
2026-07-31,139.55999755859375,87.58999633789062,-52.33865796384106,-1.6769745179820887,0
2026-08-03,139.6300048828125,86.86000061035156,-50.97045493313638,-1.3272842855558447,0
2026-08-04,139.10000610351562,86.55999755859375,-50.96694007799377,-1.2616653842223775,0
2026-08-05,138.77999877929688,86.83000183105469,-51.76711238677112,-1.3813631368480637,0
2026-08-06,138.44000244140625,86.8499984741211,-52.1426699686439,-1.41508685525231,0
2026-08-07,138.85740661621094,87.04989624023438,-52.080756123322686,-1.3243836883346527,0
